Fitter report for ov5640_lcd
Fri May 01 22:48:40 2026
Quartus II 64-Bit Version 13.0.1 Build 232 06/12/2013 Service Pack 1 SJ Full Version


---------------------
; Table of Contents ;
---------------------
  1. Legal Notice
  2. Fitter Summary
  3. Fitter Settings
  4. Parallel Compilation
  5. I/O Assignment Warnings
  6. Incremental Compilation Preservation Summary
  7. Incremental Compilation Partition Settings
  8. Incremental Compilation Placement Preservation
  9. Pin-Out File
 10. Fitter Resource Usage Summary
 11. Fitter Partition Statistics
 12. Input Pins
 13. Output Pins
 14. Bidir Pins
 15. Dual Purpose and Dedicated Pins
 16. I/O Bank Usage
 17. All Package Pins
 18. PLL Summary
 19. PLL Usage
 20. Fitter Resource Utilization by Entity
 21. Delay Chain Summary
 22. Pad To Core Delay Chain Fanout
 23. Control Signals
 24. Global & Other Fast Signals
 25. Non-Global High Fan-Out Signals
 26. Fitter RAM Summary
 27. Other Routing Usage Summary
 28. LAB Logic Elements
 29. LAB-wide Signals
 30. LAB Signals Sourced
 31. LAB Signals Sourced Out
 32. LAB Distinct Inputs
 33. I/O Rules Summary
 34. I/O Rules Details
 35. I/O Rules Matrix
 36. Fitter Device Options
 37. Operating Settings and Conditions
 38. Fitter Messages
 39. Fitter Suppressed Messages



----------------
; Legal Notice ;
----------------
Copyright (C) 1991-2013 Altera Corporation
Your use of Altera Corporation's design tools, logic functions 
and other software and tools, and its AMPP partner logic 
functions, and any output files from any of the foregoing 
(including device programming or simulation files), and any 
associated documentation or information are expressly subject 
to the terms and conditions of the Altera Program License 
Subscription Agreement, Altera MegaCore Function License 
Agreement, or other applicable license agreement, including, 
without limitation, that your use is for the sole purpose of 
programming logic devices manufactured by Altera and sold by 
Altera or its authorized distributors.  Please refer to the 
applicable agreement for further details.



+---------------------------------------------------------------------------------------+
; Fitter Summary                                                                        ;
+------------------------------------+--------------------------------------------------+
; Fitter Status                      ; Successful - Fri May 01 22:48:40 2026            ;
; Quartus II 64-Bit Version          ; 13.0.1 Build 232 06/12/2013 SP 1 SJ Full Version ;
; Revision Name                      ; ov5640_lcd                                       ;
; Top-level Entity Name              ; ov5640_lcd                                       ;
; Family                             ; Cyclone IV E                                     ;
; Device                             ; EP4CE10F17C8                                     ;
; Timing Models                      ; Final                                            ;
; Total logic elements               ; 3,033 / 10,320 ( 29 % )                          ;
;     Total combinational functions  ; 2,288 / 10,320 ( 22 % )                          ;
;     Dedicated logic registers      ; 1,925 / 10,320 ( 19 % )                          ;
; Total registers                    ; 1925                                             ;
; Total pins                         ; 100 / 180 ( 56 % )                               ;
; Total virtual pins                 ; 0                                                ;
; Total memory bits                  ; 260,096 / 423,936 ( 61 % )                       ;
; Embedded Multiplier 9-bit elements ; 0 / 46 ( 0 % )                                   ;
; Total PLLs                         ; 1 / 2 ( 50 % )                                   ;
+------------------------------------+--------------------------------------------------+


+------------------------------------------------------------------------------------------------------------------------------------------------------------+
; Fitter Settings                                                                                                                                            ;
+----------------------------------------------------------------------------+---------------------------------------+---------------------------------------+
; Option                                                                     ; Setting                               ; Default Value                         ;
+----------------------------------------------------------------------------+---------------------------------------+---------------------------------------+
; Device                                                                     ; EP4CE10F17C8                          ;                                       ;
; Minimum Core Junction Temperature                                          ; 0                                     ;                                       ;
; Maximum Core Junction Temperature                                          ; 85                                    ;                                       ;
; Fit Attempts to Skip                                                       ; 0                                     ; 0.0                                   ;
; Device I/O Standard                                                        ; 2.5 V                                 ;                                       ;
; Use smart compilation                                                      ; Off                                   ; Off                                   ;
; Enable parallel Assembler and TimeQuest Timing Analyzer during compilation ; On                                    ; On                                    ;
; Enable compact report table                                                ; Off                                   ; Off                                   ;
; Auto Merge PLLs                                                            ; On                                    ; On                                    ;
; Router Timing Optimization Level                                           ; Normal                                ; Normal                                ;
; Perform Clocking Topology Analysis During Routing                          ; Off                                   ; Off                                   ;
; Placement Effort Multiplier                                                ; 1.0                                   ; 1.0                                   ;
; Router Effort Multiplier                                                   ; 1.0                                   ; 1.0                                   ;
; Optimize Hold Timing                                                       ; All Paths                             ; All Paths                             ;
; Optimize Multi-Corner Timing                                               ; On                                    ; On                                    ;
; PowerPlay Power Optimization                                               ; Normal compilation                    ; Normal compilation                    ;
; SSN Optimization                                                           ; Off                                   ; Off                                   ;
; Optimize Timing                                                            ; Normal compilation                    ; Normal compilation                    ;
; Optimize Timing for ECOs                                                   ; Off                                   ; Off                                   ;
; Regenerate full fit report during ECO compiles                             ; Off                                   ; Off                                   ;
; Optimize IOC Register Placement for Timing                                 ; Normal                                ; Normal                                ;
; Limit to One Fitting Attempt                                               ; Off                                   ; Off                                   ;
; Final Placement Optimizations                                              ; Automatically                         ; Automatically                         ;
; Fitter Aggressive Routability Optimizations                                ; Automatically                         ; Automatically                         ;
; Fitter Initial Placement Seed                                              ; 1                                     ; 1                                     ;
; PCI I/O                                                                    ; Off                                   ; Off                                   ;
; Weak Pull-Up Resistor                                                      ; Off                                   ; Off                                   ;
; Enable Bus-Hold Circuitry                                                  ; Off                                   ; Off                                   ;
; Auto Packed Registers                                                      ; Auto                                  ; Auto                                  ;
; Auto Delay Chains                                                          ; On                                    ; On                                    ;
; Auto Delay Chains for High Fanout Input Pins                               ; Off                                   ; Off                                   ;
; Allow Single-ended Buffer for Differential-XSTL Input                      ; Off                                   ; Off                                   ;
; Treat Bidirectional Pin as Output Pin                                      ; Off                                   ; Off                                   ;
; Perform Physical Synthesis for Combinational Logic for Fitting             ; Off                                   ; Off                                   ;
; Perform Physical Synthesis for Combinational Logic for Performance         ; Off                                   ; Off                                   ;
; Perform Register Duplication for Performance                               ; Off                                   ; Off                                   ;
; Perform Logic to Memory Mapping for Fitting                                ; Off                                   ; Off                                   ;
; Perform Register Retiming for Performance                                  ; Off                                   ; Off                                   ;
; Perform Asynchronous Signal Pipelining                                     ; Off                                   ; Off                                   ;
; Fitter Effort                                                              ; Auto Fit                              ; Auto Fit                              ;
; Physical Synthesis Effort Level                                            ; Normal                                ; Normal                                ;
; Logic Cell Insertion - Logic Duplication                                   ; Auto                                  ; Auto                                  ;
; Auto Register Duplication                                                  ; Auto                                  ; Auto                                  ;
; Auto Global Clock                                                          ; On                                    ; On                                    ;
; Auto Global Register Control Signals                                       ; On                                    ; On                                    ;
; Reserve all unused pins                                                    ; As input tri-stated with weak pull-up ; As input tri-stated with weak pull-up ;
; Synchronizer Identification                                                ; Off                                   ; Off                                   ;
; Enable Beneficial Skew Optimization                                        ; On                                    ; On                                    ;
; Optimize Design for Metastability                                          ; On                                    ; On                                    ;
; Force Fitter to Avoid Periphery Placement Warnings                         ; Off                                   ; Off                                   ;
; Enable input tri-state on active configuration pins in user mode           ; Off                                   ; Off                                   ;
+----------------------------------------------------------------------------+---------------------------------------+---------------------------------------+


+------------------------------------------+
; Parallel Compilation                     ;
+----------------------------+-------------+
; Processors                 ; Number      ;
+----------------------------+-------------+
; Number detected on machine ; 20          ;
; Maximum allowed            ; 14          ;
;                            ;             ;
; Average used               ; 3.17        ;
; Maximum used               ; 14          ;
;                            ;             ;
; Usage by Processor         ; % Time Used ;
;     Processor 1            ; 100.0%      ;
;     Processors 2-14        ;  16.7%      ;
;     Processors 15-20       ;   0.0%      ;
+----------------------------+-------------+


+-------------------------------------------------------+
; I/O Assignment Warnings                               ;
+----------------+--------------------------------------+
; Pin Name       ; Reason                               ;
+----------------+--------------------------------------+
; cam_rst_n      ; Missing drive strength and slew rate ;
; cam_pwdn       ; Missing drive strength and slew rate ;
; cam_scl        ; Missing drive strength and slew rate ;
; sdram_clk      ; Missing drive strength and slew rate ;
; sdram_cke      ; Missing drive strength and slew rate ;
; sdram_cs_n     ; Missing drive strength and slew rate ;
; sdram_ras_n    ; Missing drive strength and slew rate ;
; sdram_cas_n    ; Missing drive strength and slew rate ;
; sdram_we_n     ; Missing drive strength and slew rate ;
; sdram_ba[0]    ; Missing drive strength and slew rate ;
; sdram_ba[1]    ; Missing drive strength and slew rate ;
; sdram_dqm[0]   ; Missing drive strength and slew rate ;
; sdram_dqm[1]   ; Missing drive strength and slew rate ;
; sdram_addr[0]  ; Missing drive strength and slew rate ;
; sdram_addr[1]  ; Missing drive strength and slew rate ;
; sdram_addr[2]  ; Missing drive strength and slew rate ;
; sdram_addr[3]  ; Missing drive strength and slew rate ;
; sdram_addr[4]  ; Missing drive strength and slew rate ;
; sdram_addr[5]  ; Missing drive strength and slew rate ;
; sdram_addr[6]  ; Missing drive strength and slew rate ;
; sdram_addr[7]  ; Missing drive strength and slew rate ;
; sdram_addr[8]  ; Missing drive strength and slew rate ;
; sdram_addr[9]  ; Missing drive strength and slew rate ;
; sdram_addr[10] ; Missing drive strength and slew rate ;
; sdram_addr[11] ; Missing drive strength and slew rate ;
; sdram_addr[12] ; Missing drive strength and slew rate ;
; lcd_hs         ; Missing drive strength and slew rate ;
; lcd_vs         ; Missing drive strength and slew rate ;
; lcd_de         ; Missing drive strength and slew rate ;
; lcd_bl         ; Missing drive strength and slew rate ;
; lcd_rst        ; Missing drive strength and slew rate ;
; lcd_pclk       ; Missing drive strength and slew rate ;
; cs_n           ; Missing drive strength and slew rate ;
; wr_n           ; Missing drive strength and slew rate ;
; rd_n           ; Missing drive strength and slew rate ;
; addr           ; Missing drive strength and slew rate ;
; cam_sda        ; Missing drive strength and slew rate ;
; sdram_data[0]  ; Missing drive strength and slew rate ;
; sdram_data[1]  ; Missing drive strength and slew rate ;
; sdram_data[2]  ; Missing drive strength and slew rate ;
; sdram_data[3]  ; Missing drive strength and slew rate ;
; sdram_data[4]  ; Missing drive strength and slew rate ;
; sdram_data[5]  ; Missing drive strength and slew rate ;
; sdram_data[6]  ; Missing drive strength and slew rate ;
; sdram_data[7]  ; Missing drive strength and slew rate ;
; sdram_data[8]  ; Missing drive strength and slew rate ;
; sdram_data[9]  ; Missing drive strength and slew rate ;
; sdram_data[10] ; Missing drive strength and slew rate ;
; sdram_data[11] ; Missing drive strength and slew rate ;
; sdram_data[12] ; Missing drive strength and slew rate ;
; sdram_data[13] ; Missing drive strength and slew rate ;
; sdram_data[14] ; Missing drive strength and slew rate ;
; sdram_data[15] ; Missing drive strength and slew rate ;
; lcd_rgb[0]     ; Missing drive strength and slew rate ;
; lcd_rgb[1]     ; Missing drive strength and slew rate ;
; lcd_rgb[2]     ; Missing drive strength and slew rate ;
; lcd_rgb[3]     ; Missing drive strength and slew rate ;
; lcd_rgb[4]     ; Missing drive strength and slew rate ;
; lcd_rgb[5]     ; Missing drive strength and slew rate ;
; lcd_rgb[6]     ; Missing drive strength and slew rate ;
; lcd_rgb[7]     ; Missing drive strength and slew rate ;
; lcd_rgb[8]     ; Missing drive strength and slew rate ;
; lcd_rgb[9]     ; Missing drive strength and slew rate ;
; lcd_rgb[10]    ; Missing drive strength and slew rate ;
; lcd_rgb[11]    ; Missing drive strength and slew rate ;
; lcd_rgb[12]    ; Missing drive strength and slew rate ;
; lcd_rgb[13]    ; Missing drive strength and slew rate ;
; lcd_rgb[14]    ; Missing drive strength and slew rate ;
; lcd_rgb[15]    ; Missing drive strength and slew rate ;
; lcd_rgb[16]    ; Missing drive strength and slew rate ;
; lcd_rgb[17]    ; Missing drive strength and slew rate ;
; lcd_rgb[18]    ; Missing drive strength and slew rate ;
; lcd_rgb[19]    ; Missing drive strength and slew rate ;
; lcd_rgb[20]    ; Missing drive strength and slew rate ;
; lcd_rgb[21]    ; Missing drive strength and slew rate ;
; lcd_rgb[22]    ; Missing drive strength and slew rate ;
; lcd_rgb[23]    ; Missing drive strength and slew rate ;
; data[0]        ; Missing drive strength and slew rate ;
; data[1]        ; Missing drive strength and slew rate ;
; data[2]        ; Missing drive strength and slew rate ;
; data[3]        ; Missing drive strength and slew rate ;
; data[4]        ; Missing drive strength and slew rate ;
; data[5]        ; Missing drive strength and slew rate ;
; data[6]        ; Missing drive strength and slew rate ;
; data[7]        ; Missing drive strength and slew rate ;
+----------------+--------------------------------------+


+----------------------------------------------+
; Incremental Compilation Preservation Summary ;
+---------------------+------------------------+
; Type                ; Value                  ;
+---------------------+------------------------+
; Placement (by node) ;                        ;
;     -- Requested    ; 0 / 4572 ( 0.00 % )    ;
;     -- Achieved     ; 0 / 4572 ( 0.00 % )    ;
;                     ;                        ;
; Routing (by net)    ;                        ;
;     -- Requested    ; 0 / 0 ( 0.00 % )       ;
;     -- Achieved     ; 0 / 0 ( 0.00 % )       ;
+---------------------+------------------------+


+----------------------------------------------------------------------------------------------------------------------------------------------------------------------------------------+
; Incremental Compilation Partition Settings                                                                                                                                             ;
+--------------------------------+----------------+-------------------+-------------------------+------------------------+------------------------------+--------------------------------+
; Partition Name                 ; Partition Type ; Netlist Type Used ; Preservation Level Used ; Netlist Type Requested ; Preservation Level Requested ; Contents                       ;
+--------------------------------+----------------+-------------------+-------------------------+------------------------+------------------------------+--------------------------------+
; Top                            ; User-created   ; Source File       ; N/A                     ; Source File            ; N/A                          ;                                ;
; sld_hub:auto_hub               ; Auto-generated ; Post-Synthesis    ; N/A                     ; Post-Synthesis         ; N/A                          ; sld_hub:auto_hub               ;
; sld_signaltap:auto_signaltap_0 ; Auto-generated ; Post-Synthesis    ; N/A                     ; Post-Synthesis         ; N/A                          ; sld_signaltap:auto_signaltap_0 ;
; hard_block:auto_generated_inst ; Auto-generated ; Source File       ; N/A                     ; Source File            ; N/A                          ; hard_block:auto_generated_inst ;
+--------------------------------+----------------+-------------------+-------------------------+------------------------+------------------------------+--------------------------------+


+------------------------------------------------------------------------------------------------------------+
; Incremental Compilation Placement Preservation                                                             ;
+--------------------------------+---------+-------------------+-------------------------+-------------------+
; Partition Name                 ; # Nodes ; # Preserved Nodes ; Preservation Level Used ; Netlist Type Used ;
+--------------------------------+---------+-------------------+-------------------------+-------------------+
; Top                            ; 3049    ; 0                 ; N/A                     ; Source File       ;
; sld_hub:auto_hub               ; 207     ; 0                 ; N/A                     ; Post-Synthesis    ;
; sld_signaltap:auto_signaltap_0 ; 1312    ; 0                 ; N/A                     ; Post-Synthesis    ;
; hard_block:auto_generated_inst ; 4       ; 0                 ; N/A                     ; Source File       ;
+--------------------------------+---------+-------------------+-------------------------+-------------------+


+--------------+
; Pin-Out File ;
+--------------+
The pin-out file can be found in C:/Users/28473/Desktop/test8/13_ov5640_lcd/par/output_files/ov5640_lcd.pin.


+--------------------------------------------------------------------------+
; Fitter Resource Usage Summary                                            ;
+---------------------------------------------+----------------------------+
; Resource                                    ; Usage                      ;
+---------------------------------------------+----------------------------+
; Total logic elements                        ; 3,033 / 10,320 ( 29 % )    ;
;     -- Combinational with no register       ; 1108                       ;
;     -- Register only                        ; 745                        ;
;     -- Combinational with a register        ; 1180                       ;
;                                             ;                            ;
; Logic element usage by number of LUT inputs ;                            ;
;     -- 4 input functions                    ; 1257                       ;
;     -- 3 input functions                    ; 439                        ;
;     -- <=2 input functions                  ; 592                        ;
;     -- Register only                        ; 745                        ;
;                                             ;                            ;
; Logic elements by mode                      ;                            ;
;     -- normal mode                          ; 1964                       ;
;     -- arithmetic mode                      ; 324                        ;
;                                             ;                            ;
; Total registers*                            ; 1,925 / 11,172 ( 17 % )    ;
;     -- Dedicated logic registers            ; 1,925 / 10,320 ( 19 % )    ;
;     -- I/O registers                        ; 0 / 852 ( 0 % )            ;
;                                             ;                            ;
; Total LABs:  partially or completely used   ; 243 / 645 ( 38 % )         ;
; Virtual pins                                ; 0                          ;
; I/O pins                                    ; 100 / 180 ( 56 % )         ;
;     -- Clock pins                           ; 2 / 3 ( 67 % )             ;
;     -- Dedicated input pins                 ; 3 / 9 ( 33 % )             ;
;                                             ;                            ;
; Global signals                              ; 10                         ;
; M9Ks                                        ; 32 / 46 ( 70 % )           ;
; Total block memory bits                     ; 260,096 / 423,936 ( 61 % ) ;
; Total block memory implementation bits      ; 294,912 / 423,936 ( 70 % ) ;
; Embedded Multiplier 9-bit elements          ; 0 / 46 ( 0 % )             ;
; PLLs                                        ; 1 / 2 ( 50 % )             ;
; Global clocks                               ; 10 / 10 ( 100 % )          ;
; JTAGs                                       ; 1 / 1 ( 100 % )            ;
; CRC blocks                                  ; 0 / 1 ( 0 % )              ;
; ASMI blocks                                 ; 0 / 1 ( 0 % )              ;
; Impedance control blocks                    ; 0 / 4 ( 0 % )              ;
; Average interconnect usage (total/H/V)      ; 7% / 7% / 7%               ;
; Peak interconnect usage (total/H/V)         ; 10% / 10% / 10%            ;
; Maximum fan-out                             ; 1189                       ;
; Highest non-global fan-out                  ; 166                        ;
; Total fan-out                               ; 15247                      ;
; Average fan-out                             ; 3.02                       ;
+---------------------------------------------+----------------------------+
*  Register count does not include registers inside RAM blocks or DSP blocks.



+--------------------------------------------------------------------------------------------------------------------------------------------------------------+
; Fitter Partition Statistics                                                                                                                                  ;
+---------------------------------------------+-----------------------+----------------------+--------------------------------+--------------------------------+
; Statistic                                   ; Top                   ; sld_hub:auto_hub     ; sld_signaltap:auto_signaltap_0 ; hard_block:auto_generated_inst ;
+---------------------------------------------+-----------------------+----------------------+--------------------------------+--------------------------------+
; Difficulty Clustering Region                ; Low                   ; Low                  ; Low                            ; Low                            ;
;                                             ;                       ;                      ;                                ;                                ;
; Total logic elements                        ; 1948 / 10320 ( 19 % ) ; 143 / 10320 ( 1 % )  ; 942 / 10320 ( 9 % )            ; 0 / 10320 ( 0 % )              ;
;     -- Combinational with no register       ; 962                   ; 57                   ; 89                             ; 0                              ;
;     -- Register only                        ; 194                   ; 22                   ; 529                            ; 0                              ;
;     -- Combinational with a register        ; 792                   ; 64                   ; 324                            ; 0                              ;
;                                             ;                       ;                      ;                                ;                                ;
; Logic element usage by number of LUT inputs ;                       ;                      ;                                ;                                ;
;     -- 4 input functions                    ; 1013                  ; 51                   ; 193                            ; 0                              ;
;     -- 3 input functions                    ; 298                   ; 31                   ; 110                            ; 0                              ;
;     -- <=2 input functions                  ; 443                   ; 39                   ; 110                            ; 0                              ;
;     -- Register only                        ; 194                   ; 22                   ; 529                            ; 0                              ;
;                                             ;                       ;                      ;                                ;                                ;
; Logic elements by mode                      ;                       ;                      ;                                ;                                ;
;     -- normal mode                          ; 1491                  ; 113                  ; 360                            ; 0                              ;
;     -- arithmetic mode                      ; 263                   ; 8                    ; 53                             ; 0                              ;
;                                             ;                       ;                      ;                                ;                                ;
; Total registers                             ; 986                   ; 86                   ; 853                            ; 0                              ;
;     -- Dedicated logic registers            ; 986 / 10320 ( 10 % )  ; 86 / 10320 ( < 1 % ) ; 853 / 10320 ( 8 % )            ; 0 / 10320 ( 0 % )              ;
;                                             ;                       ;                      ;                                ;                                ;
; Total LABs:  partially or completely used   ; 151 / 645 ( 23 % )    ; 14 / 645 ( 2 % )     ; 79 / 645 ( 12 % )              ; 0 / 645 ( 0 % )                ;
;                                             ;                       ;                      ;                                ;                                ;
; Virtual pins                                ; 0                     ; 0                    ; 0                              ; 0                              ;
; I/O pins                                    ; 100                   ; 0                    ; 0                              ; 0                              ;
; Embedded Multiplier 9-bit elements          ; 0 / 46 ( 0 % )        ; 0 / 46 ( 0 % )       ; 0 / 46 ( 0 % )                 ; 0 / 46 ( 0 % )                 ;
; Total memory bits                           ; 163840                ; 0                    ; 96256                          ; 0                              ;
; Total RAM block bits                        ; 184320                ; 0                    ; 110592                         ; 0                              ;
; JTAG                                        ; 1 / 1 ( 100 % )       ; 0 / 1 ( 0 % )        ; 0 / 1 ( 0 % )                  ; 0 / 1 ( 0 % )                  ;
; PLL                                         ; 0 / 2 ( 0 % )         ; 0 / 2 ( 0 % )        ; 0 / 2 ( 0 % )                  ; 1 / 2 ( 50 % )                 ;
; M9K                                         ; 20 / 46 ( 43 % )      ; 0 / 46 ( 0 % )       ; 12 / 46 ( 26 % )               ; 0 / 46 ( 0 % )                 ;
; Clock control block                         ; 6 / 12 ( 50 % )       ; 0 / 12 ( 0 % )       ; 1 / 12 ( 8 % )                 ; 3 / 12 ( 25 % )                ;
;                                             ;                       ;                      ;                                ;                                ;
; Connections                                 ;                       ;                      ;                                ;                                ;
;     -- Input Connections                    ; 724                   ; 127                  ; 1095                           ; 2                              ;
;     -- Registered Input Connections         ; 672                   ; 97                   ; 945                            ; 0                              ;
;     -- Output Connections                   ; 612                   ; 129                  ; 1                              ; 1206                           ;
;     -- Registered Output Connections        ; 18                    ; 128                  ; 0                              ; 0                              ;
;                                             ;                       ;                      ;                                ;                                ;
; Internal Connections                        ;                       ;                      ;                                ;                                ;
;     -- Total Connections                    ; 10713                 ; 794                  ; 4472                           ; 1212                           ;
;     -- Registered Connections               ; 5597                  ; 559                  ; 2551                           ; 0                              ;
;                                             ;                       ;                      ;                                ;                                ;
; External Connections                        ;                       ;                      ;                                ;                                ;
;     -- Top                                  ; 98                    ; 119                  ; 443                            ; 676                            ;
;     -- sld_hub:auto_hub                     ; 119                   ; 16                   ; 121                            ; 0                              ;
;     -- sld_signaltap:auto_signaltap_0       ; 443                   ; 121                  ; 0                              ; 532                            ;
;     -- hard_block:auto_generated_inst       ; 676                   ; 0                    ; 532                            ; 0                              ;
;                                             ;                       ;                      ;                                ;                                ;
; Partition Interface                         ;                       ;                      ;                                ;                                ;
;     -- Input Ports                          ; 18                    ; 19                   ; 151                            ; 2                              ;
;     -- Output Ports                         ; 85                    ; 37                   ; 104                            ; 4                              ;
;     -- Bidir Ports                          ; 49                    ; 0                    ; 0                              ; 0                              ;
;                                             ;                       ;                      ;                                ;                                ;
; Registered Ports                            ;                       ;                      ;                                ;                                ;
;     -- Registered Input Ports               ; 0                     ; 4                    ; 71                             ; 0                              ;
;     -- Registered Output Ports              ; 0                     ; 26                   ; 95                             ; 0                              ;
;                                             ;                       ;                      ;                                ;                                ;
; Port Connectivity                           ;                       ;                      ;                                ;                                ;
;     -- Input Ports driven by GND            ; 0                     ; 1                    ; 0                              ; 0                              ;
;     -- Output Ports driven by GND           ; 0                     ; 1                    ; 0                              ; 0                              ;
;     -- Input Ports driven by VCC            ; 0                     ; 0                    ; 0                              ; 0                              ;
;     -- Output Ports driven by VCC           ; 0                     ; 0                    ; 0                              ; 0                              ;
;     -- Input Ports with no Source           ; 0                     ; 1                    ; 35                             ; 0                              ;
;     -- Output Ports with no Source          ; 0                     ; 0                    ; 0                              ; 0                              ;
;     -- Input Ports with no Fanout           ; 0                     ; 2                    ; 40                             ; 0                              ;
;     -- Output Ports with no Fanout          ; 0                     ; 15                   ; 95                             ; 0                              ;
+---------------------------------------------+-----------------------+----------------------+--------------------------------+--------------------------------+


+----------------------------------------------------------------------------------------------------------------------------------------------------------------------------------------------------------------------------------------------------------------------------------+
; Input Pins                                                                                                                                                                                                                                                                       ;
+-------------+-------+----------+--------------+--------------+--------------+-----------------------+--------------------+--------+----------------+---------------+-----------------+----------+--------------+--------------+---------------------------+----------------------+
; Name        ; Pin # ; I/O Bank ; X coordinate ; Y coordinate ; Z coordinate ; Combinational Fan-Out ; Registered Fan-Out ; Global ; Input Register ; Power Up High ; PCI I/O Enabled ; Bus Hold ; Weak Pull Up ; I/O Standard ; Termination Control Block ; Location assigned by ;
+-------------+-------+----------+--------------+--------------+--------------+-----------------------+--------------------+--------+----------------+---------------+-----------------+----------+--------------+--------------+---------------------------+----------------------+
; cam_data[0] ; M6    ; 3        ; 7            ; 0            ; 7            ; 2                     ; 0                  ; no     ; no             ; no            ; yes             ; no       ; Off          ; 2.5 V        ; --                        ; User                 ;
; cam_data[1] ; M7    ; 3        ; 9            ; 0            ; 21           ; 2                     ; 0                  ; no     ; no             ; no            ; yes             ; no       ; Off          ; 2.5 V        ; --                        ; User                 ;
; cam_data[2] ; P8    ; 3        ; 16           ; 0            ; 14           ; 2                     ; 0                  ; no     ; no             ; no            ; yes             ; no       ; Off          ; 2.5 V        ; --                        ; User                 ;
; cam_data[3] ; N8    ; 3        ; 16           ; 0            ; 21           ; 2                     ; 0                  ; no     ; no             ; no            ; yes             ; no       ; Off          ; 2.5 V        ; --                        ; User                 ;
; cam_data[4] ; M8    ; 3        ; 13           ; 0            ; 0            ; 2                     ; 0                  ; no     ; no             ; no            ; yes             ; no       ; Off          ; 2.5 V        ; --                        ; User                 ;
; cam_data[5] ; L8    ; 3        ; 13           ; 0            ; 14           ; 2                     ; 0                  ; no     ; no             ; no            ; yes             ; no       ; Off          ; 2.5 V        ; --                        ; User                 ;
; cam_data[6] ; P9    ; 4        ; 25           ; 0            ; 0            ; 2                     ; 0                  ; no     ; no             ; no            ; yes             ; no       ; Off          ; 2.5 V        ; --                        ; User                 ;
; cam_data[7] ; K8    ; 3        ; 9            ; 0            ; 14           ; 2                     ; 0                  ; no     ; no             ; no            ; yes             ; no       ; Off          ; 2.5 V        ; --                        ; User                 ;
; cam_href    ; N5    ; 3        ; 7            ; 0            ; 21           ; 10                    ; 0                  ; no     ; no             ; no            ; yes             ; no       ; Off          ; 2.5 V        ; --                        ; User                 ;
; cam_pclk    ; L10   ; 4        ; 25           ; 0            ; 7            ; 78                    ; 0                  ; no     ; no             ; no            ; yes             ; no       ; Off          ; 2.5 V        ; --                        ; User                 ;
; cam_vsync   ; R11   ; 4        ; 23           ; 0            ; 14           ; 1                     ; 0                  ; no     ; no             ; no            ; yes             ; no       ; Off          ; 2.5 V        ; --                        ; User                 ;
; rdne_n      ; T9    ; 4        ; 18           ; 0            ; 14           ; 1                     ; 0                  ; no     ; no             ; no            ; yes             ; no       ; Off          ; 2.5 V        ; --                        ; User                 ;
; sys_clk     ; E1    ; 1        ; 0            ; 11           ; 7            ; 1                     ; 0                  ; no     ; no             ; no            ; yes             ; no       ; Off          ; 2.5 V        ; --                        ; User                 ;
; sys_rst_n   ; M1    ; 2        ; 0            ; 11           ; 21           ; 3                     ; 0                  ; yes    ; no             ; no            ; yes             ; no       ; Off          ; 2.5 V        ; --                        ; User                 ;
; wrnf_n      ; R9    ; 4        ; 18           ; 0            ; 21           ; 1                     ; 0                  ; no     ; no             ; no            ; yes             ; no       ; Off          ; 2.5 V        ; --                        ; User                 ;
+-------------+-------+----------+--------------+--------------+--------------+-----------------------+--------------------+--------+----------------+---------------+-----------------+----------+--------------+--------------+---------------------------+----------------------+


+-----------------------------------------------------------------------------------------------------------------------------------------------------------------------------------------------------------------------------------------------------------------------------------------------------------------------------------------------------------------------------------------------------------------------------------------------------------------+
; Output Pins                                                                                                                                                                                                                                                                                                                                                                                                                                                     ;
+----------------+-------+----------+--------------+--------------+--------------+-----------------+------------------------+---------------+-----------+-----------------+------------+---------------+----------+--------------+--------------+------------------+-----------------------------------+---------------------------+----------------------------+-----------------------------+----------------------+----------------------+---------------------+
; Name           ; Pin # ; I/O Bank ; X coordinate ; Y coordinate ; Z coordinate ; Output Register ; Output Enable Register ; Power Up High ; Slew Rate ; PCI I/O Enabled ; Open Drain ; TRI Primitive ; Bus Hold ; Weak Pull Up ; I/O Standard ; Current Strength ; Termination                       ; Termination Control Block ; Output Buffer Pre-emphasis ; Voltage Output Differential ; Location assigned by ; Output Enable Source ; Output Enable Group ;
+----------------+-------+----------+--------------+--------------+--------------+-----------------+------------------------+---------------+-----------+-----------------+------------+---------------+----------+--------------+--------------+------------------+-----------------------------------+---------------------------+----------------------------+-----------------------------+----------------------+----------------------+---------------------+
; addr           ; T4    ; 3        ; 5            ; 0            ; 14           ; no              ; no                     ; no            ; 2         ; no              ; no         ; no            ; no       ; Off          ; 2.5 V        ; Default          ; Series 50 Ohm without Calibration ; --                        ; no                         ; no                          ; User                 ; -                    ; -                   ;
; cam_pwdn       ; P11   ; 4        ; 28           ; 0            ; 21           ; no              ; no                     ; no            ; 2         ; no              ; no         ; no            ; no       ; Off          ; 2.5 V        ; Default          ; Series 50 Ohm without Calibration ; --                        ; no                         ; no                          ; User                 ; -                    ; -                   ;
; cam_rst_n      ; P6    ; 3        ; 7            ; 0            ; 0            ; no              ; no                     ; no            ; 2         ; no              ; no         ; no            ; no       ; Off          ; 2.5 V        ; Default          ; Series 50 Ohm without Calibration ; --                        ; no                         ; no                          ; User                 ; -                    ; -                   ;
; cam_scl        ; T11   ; 4        ; 23           ; 0            ; 7            ; no              ; no                     ; no            ; 2         ; no              ; no         ; no            ; no       ; Off          ; 2.5 V        ; Default          ; Series 50 Ohm without Calibration ; --                        ; no                         ; no                          ; User                 ; -                    ; -                   ;
; cs_n           ; R3    ; 3        ; 1            ; 0            ; 7            ; no              ; no                     ; no            ; 2         ; no              ; no         ; no            ; no       ; Off          ; 2.5 V        ; Default          ; Series 50 Ohm without Calibration ; --                        ; no                         ; no                          ; User                 ; -                    ; -                   ;
; lcd_bl         ; A11   ; 7        ; 25           ; 24           ; 14           ; no              ; no                     ; no            ; 2         ; no              ; no         ; no            ; no       ; Off          ; 2.5 V        ; Default          ; Series 50 Ohm without Calibration ; --                        ; no                         ; no                          ; User                 ; -                    ; -                   ;
; lcd_de         ; A9    ; 7        ; 16           ; 24           ; 0            ; no              ; no                     ; no            ; 2         ; no              ; no         ; no            ; no       ; Off          ; 2.5 V        ; Default          ; Series 50 Ohm without Calibration ; --                        ; no                         ; no                          ; User                 ; -                    ; -                   ;
; lcd_hs         ; B11   ; 7        ; 25           ; 24           ; 21           ; no              ; no                     ; no            ; 2         ; no              ; no         ; no            ; no       ; Off          ; 2.5 V        ; Default          ; Series 50 Ohm without Calibration ; --                        ; no                         ; no                          ; User                 ; -                    ; -                   ;
; lcd_pclk       ; B12   ; 7        ; 25           ; 24           ; 7            ; no              ; no                     ; no            ; 2         ; no              ; no         ; no            ; no       ; Off          ; 2.5 V        ; Default          ; Series 50 Ohm without Calibration ; --                        ; no                         ; no                          ; User                 ; -                    ; -                   ;
; lcd_rst        ; C11   ; 7        ; 23           ; 24           ; 0            ; no              ; no                     ; no            ; 2         ; no              ; no         ; no            ; no       ; Off          ; 2.5 V        ; Default          ; Series 50 Ohm without Calibration ; --                        ; no                         ; no                          ; User                 ; -                    ; -                   ;
; lcd_vs         ; A10   ; 7        ; 21           ; 24           ; 7            ; no              ; no                     ; no            ; 2         ; no              ; no         ; no            ; no       ; Off          ; 2.5 V        ; Default          ; Series 50 Ohm without Calibration ; --                        ; no                         ; no                          ; User                 ; -                    ; -                   ;
; rd_n           ; T3    ; 3        ; 1            ; 0            ; 0            ; no              ; no                     ; no            ; 2         ; no              ; no         ; no            ; no       ; Off          ; 2.5 V        ; Default          ; Series 50 Ohm without Calibration ; --                        ; no                         ; no                          ; User                 ; -                    ; -                   ;
; sdram_addr[0]  ; F11   ; 7        ; 23           ; 24           ; 21           ; no              ; no                     ; no            ; 2         ; no              ; no         ; no            ; no       ; Off          ; 2.5 V        ; Default          ; Series 50 Ohm without Calibration ; --                        ; no                         ; no                          ; User                 ; -                    ; -                   ;
; sdram_addr[10] ; F14   ; 6        ; 34           ; 19           ; 14           ; no              ; no                     ; no            ; 2         ; no              ; no         ; no            ; no       ; Off          ; 2.5 V        ; Default          ; Series 50 Ohm without Calibration ; --                        ; no                         ; no                          ; User                 ; -                    ; -                   ;
; sdram_addr[11] ; D16   ; 6        ; 34           ; 19           ; 7            ; no              ; no                     ; no            ; 2         ; no              ; no         ; no            ; no       ; Off          ; 2.5 V        ; Default          ; Series 50 Ohm without Calibration ; --                        ; no                         ; no                          ; User                 ; -                    ; -                   ;
; sdram_addr[12] ; F15   ; 6        ; 34           ; 18           ; 14           ; no              ; no                     ; no            ; 2         ; no              ; no         ; no            ; no       ; Off          ; 2.5 V        ; Default          ; Series 50 Ohm without Calibration ; --                        ; no                         ; no                          ; User                 ; -                    ; -                   ;
; sdram_addr[1]  ; E11   ; 7        ; 28           ; 24           ; 14           ; no              ; no                     ; no            ; 2         ; no              ; no         ; no            ; no       ; Off          ; 2.5 V        ; Default          ; Series 50 Ohm without Calibration ; --                        ; no                         ; no                          ; User                 ; -                    ; -                   ;
; sdram_addr[2]  ; D14   ; 7        ; 32           ; 24           ; 14           ; no              ; no                     ; no            ; 2         ; no              ; no         ; no            ; no       ; Off          ; 2.5 V        ; Default          ; Series 50 Ohm without Calibration ; --                        ; no                         ; no                          ; User                 ; -                    ; -                   ;
; sdram_addr[3]  ; C14   ; 7        ; 32           ; 24           ; 7            ; no              ; no                     ; no            ; 2         ; no              ; no         ; no            ; no       ; Off          ; 2.5 V        ; Default          ; Series 50 Ohm without Calibration ; --                        ; no                         ; no                          ; User                 ; -                    ; -                   ;
; sdram_addr[4]  ; A14   ; 7        ; 28           ; 24           ; 0            ; no              ; no                     ; no            ; 2         ; no              ; no         ; no            ; no       ; Off          ; 2.5 V        ; Default          ; Series 50 Ohm without Calibration ; --                        ; no                         ; no                          ; User                 ; -                    ; -                   ;
; sdram_addr[5]  ; A15   ; 7        ; 21           ; 24           ; 0            ; no              ; no                     ; no            ; 2         ; no              ; no         ; no            ; no       ; Off          ; 2.5 V        ; Default          ; Series 50 Ohm without Calibration ; --                        ; no                         ; no                          ; User                 ; -                    ; -                   ;
; sdram_addr[6]  ; B16   ; 6        ; 34           ; 18           ; 0            ; no              ; no                     ; no            ; 2         ; no              ; no         ; no            ; no       ; Off          ; 2.5 V        ; Default          ; Series 50 Ohm without Calibration ; --                        ; no                         ; no                          ; User                 ; -                    ; -                   ;
; sdram_addr[7]  ; C15   ; 6        ; 34           ; 20           ; 0            ; no              ; no                     ; no            ; 2         ; no              ; no         ; no            ; no       ; Off          ; 2.5 V        ; Default          ; Series 50 Ohm without Calibration ; --                        ; no                         ; no                          ; User                 ; -                    ; -                   ;
; sdram_addr[8]  ; C16   ; 6        ; 34           ; 20           ; 7            ; no              ; no                     ; no            ; 2         ; no              ; no         ; no            ; no       ; Off          ; 2.5 V        ; Default          ; Series 50 Ohm without Calibration ; --                        ; no                         ; no                          ; User                 ; -                    ; -                   ;
; sdram_addr[9]  ; D15   ; 6        ; 34           ; 19           ; 0            ; no              ; no                     ; no            ; 2         ; no              ; no         ; no            ; no       ; Off          ; 2.5 V        ; Default          ; Series 50 Ohm without Calibration ; --                        ; no                         ; no                          ; User                 ; -                    ; -                   ;
; sdram_ba[0]    ; G11   ; 6        ; 34           ; 20           ; 14           ; no              ; no                     ; no            ; 2         ; no              ; no         ; no            ; no       ; Off          ; 2.5 V        ; Default          ; Series 50 Ohm without Calibration ; --                        ; no                         ; no                          ; User                 ; -                    ; -                   ;
; sdram_ba[1]    ; F13   ; 6        ; 34           ; 17           ; 0            ; no              ; no                     ; no            ; 2         ; no              ; no         ; no            ; no       ; Off          ; 2.5 V        ; Default          ; Series 50 Ohm without Calibration ; --                        ; no                         ; no                          ; User                 ; -                    ; -                   ;
; sdram_cas_n    ; J12   ; 5        ; 34           ; 11           ; 7            ; no              ; no                     ; no            ; 2         ; no              ; no         ; no            ; no       ; Off          ; 2.5 V        ; Default          ; Series 50 Ohm without Calibration ; --                        ; no                         ; no                          ; User                 ; -                    ; -                   ;
; sdram_cke      ; F16   ; 6        ; 34           ; 18           ; 21           ; no              ; no                     ; no            ; 2         ; no              ; no         ; no            ; no       ; Off          ; 2.5 V        ; Default          ; Series 50 Ohm without Calibration ; --                        ; no                         ; no                          ; User                 ; -                    ; -                   ;
; sdram_clk      ; B14   ; 7        ; 28           ; 24           ; 7            ; no              ; no                     ; no            ; 2         ; no              ; no         ; no            ; no       ; Off          ; 2.5 V        ; Default          ; Series 50 Ohm without Calibration ; --                        ; no                         ; no                          ; User                 ; -                    ; -                   ;
; sdram_cs_n     ; K10   ; 4        ; 25           ; 0            ; 14           ; no              ; no                     ; no            ; 2         ; no              ; no         ; no            ; no       ; Off          ; 2.5 V        ; Default          ; Series 50 Ohm without Calibration ; --                        ; no                         ; no                          ; User                 ; -                    ; -                   ;
; sdram_dqm[0]   ; J14   ; 5        ; 34           ; 10           ; 0            ; no              ; no                     ; no            ; 2         ; no              ; no         ; no            ; no       ; Off          ; 2.5 V        ; Default          ; Series 50 Ohm without Calibration ; --                        ; no                         ; no                          ; User                 ; -                    ; -                   ;
; sdram_dqm[1]   ; G15   ; 6        ; 34           ; 17           ; 14           ; no              ; no                     ; no            ; 2         ; no              ; no         ; no            ; no       ; Off          ; 2.5 V        ; Default          ; Series 50 Ohm without Calibration ; --                        ; no                         ; no                          ; User                 ; -                    ; -                   ;
; sdram_ras_n    ; K11   ; 5        ; 34           ; 6            ; 14           ; no              ; no                     ; no            ; 2         ; no              ; no         ; no            ; no       ; Off          ; 2.5 V        ; Default          ; Series 50 Ohm without Calibration ; --                        ; no                         ; no                          ; User                 ; -                    ; -                   ;
; sdram_we_n     ; J13   ; 5        ; 34           ; 11           ; 0            ; no              ; no                     ; no            ; 2         ; no              ; no         ; no            ; no       ; Off          ; 2.5 V        ; Default          ; Series 50 Ohm without Calibration ; --                        ; no                         ; no                          ; User                 ; -                    ; -                   ;
; wr_n           ; R4    ; 3        ; 5            ; 0            ; 21           ; no              ; no                     ; no            ; 2         ; no              ; no         ; no            ; no       ; Off          ; 2.5 V        ; Default          ; Series 50 Ohm without Calibration ; --                        ; no                         ; no                          ; User                 ; -                    ; -                   ;
+----------------+-------+----------+--------------+--------------+--------------+-----------------+------------------------+---------------+-----------+-----------------+------------+---------------+----------+--------------+--------------+------------------+-----------------------------------+---------------------------+----------------------------+-----------------------------+----------------------+----------------------+---------------------+


+---------------------------------------------------------------------------------------------------------------------------------------------------------------------------------------------------------------------------------------------------------------------------------------------------------------------------------------------------------------------------------------------------------------------------------------------------------------------------------------------------------------------------------------------------------+
; Bidir Pins                                                                                                                                                                                                                                                                                                                                                                                                                                                                                                                                              ;
+----------------+-------+----------+--------------+--------------+--------------+-----------------------+--------------------+--------+----------------+-----------------+------------------------+---------------+-----------+-----------------+------------+----------+--------------+--------------+------------------+-----------------------------------+---------------------------+----------------------+------+-----------------------------------------------------------------------------------------------------------+---------------------+
; Name           ; Pin # ; I/O Bank ; X coordinate ; Y coordinate ; Z coordinate ; Combinational Fan-Out ; Registered Fan-Out ; Global ; Input Register ; Output Register ; Output Enable Register ; Power Up High ; Slew Rate ; PCI I/O Enabled ; Open Drain ; Bus Hold ; Weak Pull Up ; I/O Standard ; Current Strength ; Output Termination                ; Termination Control Block ; Location assigned by ; Load ; Output Enable Source                                                                                      ; Output Enable Group ;
+----------------+-------+----------+--------------+--------------+--------------+-----------------------+--------------------+--------+----------------+-----------------+------------------------+---------------+-----------+-----------------+------------+----------+--------------+--------------+------------------+-----------------------------------+---------------------------+----------------------+------+-----------------------------------------------------------------------------------------------------------+---------------------+
; cam_sda        ; N6    ; 3        ; 7            ; 0            ; 14           ; 0                     ; 0                  ; no     ; no             ; no              ; no                     ; no            ; 2         ; yes             ; no         ; no       ; Off          ; 2.5 V        ; Default          ; Series 50 Ohm without Calibration ; --                        ; User                 ; 0 pF ; i2c_dri:u_i2c_dr|sda_dir                                                                                  ; -                   ;
; data[0]        ; R5    ; 3        ; 9            ; 0            ; 7            ; 1                     ; 0                  ; no     ; no             ; no              ; no                     ; no            ; 2         ; yes             ; no         ; no       ; Off          ; 2.5 V        ; Default          ; Series 50 Ohm without Calibration ; --                        ; User                 ; 0 pF ; top:u_ch346_top|data[7]~14 (inverted)                                                                     ; -                   ;
; data[1]        ; T5    ; 3        ; 9            ; 0            ; 0            ; 1                     ; 0                  ; no     ; no             ; no              ; no                     ; no            ; 2         ; yes             ; no         ; no       ; Off          ; 2.5 V        ; Default          ; Series 50 Ohm without Calibration ; --                        ; User                 ; 0 pF ; top:u_ch346_top|data[7]~14 (inverted)                                                                     ; -                   ;
; data[2]        ; R6    ; 3        ; 11           ; 0            ; 21           ; 1                     ; 0                  ; no     ; no             ; no              ; no                     ; no            ; 2         ; yes             ; no         ; no       ; Off          ; 2.5 V        ; Default          ; Series 50 Ohm without Calibration ; --                        ; User                 ; 0 pF ; top:u_ch346_top|data[7]~14 (inverted)                                                                     ; -                   ;
; data[3]        ; T6    ; 3        ; 11           ; 0            ; 14           ; 1                     ; 0                  ; no     ; no             ; no              ; no                     ; no            ; 2         ; yes             ; no         ; no       ; Off          ; 2.5 V        ; Default          ; Series 50 Ohm without Calibration ; --                        ; User                 ; 0 pF ; top:u_ch346_top|data[7]~14 (inverted)                                                                     ; -                   ;
; data[4]        ; R7    ; 3        ; 11           ; 0            ; 0            ; 1                     ; 0                  ; no     ; no             ; no              ; no                     ; no            ; 2         ; yes             ; no         ; no       ; Off          ; 2.5 V        ; Default          ; Series 50 Ohm without Calibration ; --                        ; User                 ; 0 pF ; top:u_ch346_top|data[7]~14 (inverted)                                                                     ; -                   ;
; data[5]        ; T7    ; 3        ; 13           ; 0            ; 21           ; 1                     ; 0                  ; no     ; no             ; no              ; no                     ; no            ; 2         ; yes             ; no         ; no       ; Off          ; 2.5 V        ; Default          ; Series 50 Ohm without Calibration ; --                        ; User                 ; 0 pF ; top:u_ch346_top|data[7]~14 (inverted)                                                                     ; -                   ;
; data[6]        ; R8    ; 3        ; 16           ; 0            ; 7            ; 1                     ; 0                  ; no     ; no             ; no              ; no                     ; no            ; 2         ; yes             ; no         ; no       ; Off          ; 2.5 V        ; Default          ; Series 50 Ohm without Calibration ; --                        ; User                 ; 0 pF ; top:u_ch346_top|data[7]~14 (inverted)                                                                     ; -                   ;
; data[7]        ; T8    ; 3        ; 16           ; 0            ; 0            ; 1                     ; 0                  ; no     ; no             ; no              ; no                     ; no            ; 2         ; yes             ; no         ; no       ; Off          ; 2.5 V        ; Default          ; Series 50 Ohm without Calibration ; --                        ; User                 ; 0 pF ; top:u_ch346_top|data[7]~14 (inverted)                                                                     ; -                   ;
; lcd_rgb[0]     ; N3    ; 3        ; 1            ; 0            ; 21           ; 0                     ; 0                  ; no     ; no             ; no              ; no                     ; no            ; 2         ; yes             ; yes        ; no       ; Off          ; 2.5 V        ; Default          ; Series 50 Ohm without Calibration ; --                        ; User                 ; 0 pF ; lcd:u_lcd|lcd_driver:u_lcd_driver|lcd_de~8 (inverted)                                                     ; -                   ;
; lcd_rgb[10]    ; A6    ; 8        ; 9            ; 24           ; 14           ; 0                     ; 0                  ; no     ; no             ; no              ; no                     ; no            ; 2         ; yes             ; no         ; no       ; Off          ; 2.5 V        ; Default          ; Series 50 Ohm without Calibration ; --                        ; User                 ; 0 pF ; lcd:u_lcd|lcd_driver:u_lcd_driver|lcd_de~8                                                                ; -                   ;
; lcd_rgb[11]    ; B7    ; 8        ; 11           ; 24           ; 7            ; 0                     ; 0                  ; no     ; no             ; no              ; no                     ; no            ; 2         ; yes             ; no         ; no       ; Off          ; 2.5 V        ; Default          ; Series 50 Ohm without Calibration ; --                        ; User                 ; 0 pF ; lcd:u_lcd|lcd_driver:u_lcd_driver|lcd_de~8                                                                ; -                   ;
; lcd_rgb[12]    ; B8    ; 8        ; 16           ; 24           ; 21           ; 0                     ; 0                  ; no     ; no             ; no              ; no                     ; no            ; 2         ; yes             ; no         ; no       ; Off          ; 2.5 V        ; Default          ; Series 50 Ohm without Calibration ; --                        ; User                 ; 0 pF ; lcd:u_lcd|lcd_driver:u_lcd_driver|lcd_de~8                                                                ; -                   ;
; lcd_rgb[13]    ; A7    ; 8        ; 11           ; 24           ; 0            ; 0                     ; 0                  ; no     ; no             ; no              ; no                     ; no            ; 2         ; yes             ; no         ; no       ; Off          ; 2.5 V        ; Default          ; Series 50 Ohm without Calibration ; --                        ; User                 ; 0 pF ; lcd:u_lcd|lcd_driver:u_lcd_driver|lcd_de~8                                                                ; -                   ;
; lcd_rgb[14]    ; A8    ; 8        ; 16           ; 24           ; 14           ; 0                     ; 0                  ; no     ; no             ; no              ; no                     ; no            ; 2         ; yes             ; no         ; no       ; Off          ; 2.5 V        ; Default          ; Series 50 Ohm without Calibration ; --                        ; User                 ; 0 pF ; lcd:u_lcd|lcd_driver:u_lcd_driver|lcd_de~8                                                                ; -                   ;
; lcd_rgb[15]    ; E6    ; 8        ; 7            ; 24           ; 7            ; 0                     ; 0                  ; no     ; no             ; no              ; no                     ; no            ; 2         ; yes             ; no         ; no       ; Off          ; 2.5 V        ; Default          ; Series 50 Ohm without Calibration ; --                        ; User                 ; 0 pF ; lcd:u_lcd|lcd_driver:u_lcd_driver|lcd_de~8                                                                ; -                   ;
; lcd_rgb[16]    ; C6    ; 8        ; 9            ; 24           ; 7            ; 0                     ; 0                  ; no     ; no             ; no              ; no                     ; no            ; 2         ; yes             ; yes        ; no       ; Off          ; 2.5 V        ; Default          ; Series 50 Ohm without Calibration ; --                        ; User                 ; 0 pF ; lcd:u_lcd|lcd_driver:u_lcd_driver|lcd_de~8 (inverted)                                                     ; -                   ;
; lcd_rgb[17]    ; D6    ; 8        ; 3            ; 24           ; 7            ; 0                     ; 0                  ; no     ; no             ; no              ; no                     ; no            ; 2         ; yes             ; yes        ; no       ; Off          ; 2.5 V        ; Default          ; Series 50 Ohm without Calibration ; --                        ; User                 ; 0 pF ; lcd:u_lcd|lcd_driver:u_lcd_driver|lcd_de~8 (inverted)                                                     ; -                   ;
; lcd_rgb[18]    ; E7    ; 8        ; 7            ; 24           ; 0            ; 0                     ; 0                  ; no     ; no             ; no              ; no                     ; no            ; 2         ; yes             ; yes        ; no       ; Off          ; 2.5 V        ; Default          ; Series 50 Ohm without Calibration ; --                        ; User                 ; 0 pF ; lcd:u_lcd|lcd_driver:u_lcd_driver|lcd_de~8 (inverted)                                                     ; -                   ;
; lcd_rgb[19]    ; F6    ; 8        ; 11           ; 24           ; 14           ; 0                     ; 0                  ; no     ; no             ; no              ; no                     ; no            ; 2         ; yes             ; no         ; no       ; Off          ; 2.5 V        ; Default          ; Series 50 Ohm without Calibration ; --                        ; User                 ; 0 pF ; lcd:u_lcd|lcd_driver:u_lcd_driver|lcd_de~8                                                                ; -                   ;
; lcd_rgb[1]     ; P3    ; 3        ; 1            ; 0            ; 14           ; 0                     ; 0                  ; no     ; no             ; no              ; no                     ; no            ; 2         ; yes             ; yes        ; no       ; Off          ; 2.5 V        ; Default          ; Series 50 Ohm without Calibration ; --                        ; User                 ; 0 pF ; lcd:u_lcd|lcd_driver:u_lcd_driver|lcd_de~8 (inverted)                                                     ; -                   ;
; lcd_rgb[20]    ; L9    ; 4        ; 18           ; 0            ; 0            ; 0                     ; 0                  ; no     ; no             ; no              ; no                     ; no            ; 2         ; yes             ; no         ; no       ; Off          ; 2.5 V        ; Default          ; Series 50 Ohm without Calibration ; --                        ; User                 ; 0 pF ; lcd:u_lcd|lcd_driver:u_lcd_driver|lcd_de~8                                                                ; -                   ;
; lcd_rgb[21]    ; F7    ; 8        ; 11           ; 24           ; 21           ; 0                     ; 0                  ; no     ; no             ; no              ; no                     ; no            ; 2         ; yes             ; no         ; no       ; Off          ; 2.5 V        ; Default          ; Series 50 Ohm without Calibration ; --                        ; User                 ; 0 pF ; lcd:u_lcd|lcd_driver:u_lcd_driver|lcd_de~8                                                                ; -                   ;
; lcd_rgb[22]    ; K9    ; 4        ; 18           ; 0            ; 7            ; 0                     ; 0                  ; no     ; no             ; no              ; no                     ; no            ; 2         ; yes             ; no         ; no       ; Off          ; 2.5 V        ; Default          ; Series 50 Ohm without Calibration ; --                        ; User                 ; 0 pF ; lcd:u_lcd|lcd_driver:u_lcd_driver|lcd_de~8                                                                ; -                   ;
; lcd_rgb[23]    ; F9    ; 7        ; 23           ; 24           ; 14           ; 0                     ; 0                  ; no     ; no             ; no              ; no                     ; no            ; 2         ; yes             ; no         ; no       ; Off          ; 2.5 V        ; Default          ; Series 50 Ohm without Calibration ; --                        ; User                 ; 0 pF ; lcd:u_lcd|lcd_driver:u_lcd_driver|lcd_de~8                                                                ; -                   ;
; lcd_rgb[2]     ; L6    ; 2        ; 0            ; 9            ; 7            ; 0                     ; 0                  ; no     ; no             ; no              ; no                     ; no            ; 2         ; yes             ; yes        ; no       ; Off          ; 2.5 V        ; Default          ; Series 50 Ohm without Calibration ; --                        ; User                 ; 0 pF ; lcd:u_lcd|lcd_driver:u_lcd_driver|lcd_de~8 (inverted)                                                     ; -                   ;
; lcd_rgb[3]     ; L7    ; 3        ; 11           ; 0            ; 7            ; 0                     ; 0                  ; no     ; no             ; no              ; no                     ; no            ; 2         ; yes             ; no         ; no       ; Off          ; 2.5 V        ; Default          ; Series 50 Ohm without Calibration ; --                        ; User                 ; 0 pF ; lcd:u_lcd|lcd_driver:u_lcd_driver|lcd_de~8                                                                ; -                   ;
; lcd_rgb[4]     ; K6    ; 2        ; 0            ; 9            ; 0            ; 0                     ; 0                  ; no     ; no             ; no              ; no                     ; no            ; 2         ; yes             ; no         ; no       ; Off          ; 2.5 V        ; Default          ; Series 50 Ohm without Calibration ; --                        ; User                 ; 0 pF ; lcd:u_lcd|lcd_driver:u_lcd_driver|lcd_de~8                                                                ; -                   ;
; lcd_rgb[5]     ; N9    ; 4        ; 21           ; 0            ; 14           ; 0                     ; 0                  ; no     ; no             ; no              ; no                     ; no            ; 2         ; yes             ; no         ; no       ; Off          ; 2.5 V        ; Default          ; Series 50 Ohm without Calibration ; --                        ; User                 ; 0 pF ; lcd:u_lcd|lcd_driver:u_lcd_driver|lcd_de~8                                                                ; -                   ;
; lcd_rgb[6]     ; M10   ; 4        ; 28           ; 0            ; 0            ; 0                     ; 0                  ; no     ; no             ; no              ; no                     ; no            ; 2         ; yes             ; no         ; no       ; Off          ; 2.5 V        ; Default          ; Series 50 Ohm without Calibration ; --                        ; User                 ; 0 pF ; lcd:u_lcd|lcd_driver:u_lcd_driver|lcd_de~8                                                                ; -                   ;
; lcd_rgb[7]     ; M9    ; 4        ; 21           ; 0            ; 21           ; 0                     ; 0                  ; no     ; no             ; no              ; no                     ; no            ; 2         ; yes             ; no         ; no       ; Off          ; 2.5 V        ; Default          ; Series 50 Ohm without Calibration ; --                        ; User                 ; 0 pF ; lcd:u_lcd|lcd_driver:u_lcd_driver|lcd_de~8                                                                ; -                   ;
; lcd_rgb[8]     ; B6    ; 8        ; 9            ; 24           ; 21           ; 0                     ; 0                  ; no     ; no             ; no              ; no                     ; no            ; 2         ; yes             ; yes        ; no       ; Off          ; 2.5 V        ; Default          ; Series 50 Ohm without Calibration ; --                        ; User                 ; 0 pF ; lcd:u_lcd|lcd_driver:u_lcd_driver|lcd_de~8 (inverted)                                                     ; -                   ;
; lcd_rgb[9]     ; A5    ; 8        ; 7            ; 24           ; 14           ; 0                     ; 0                  ; no     ; no             ; no              ; no                     ; no            ; 2         ; yes             ; yes        ; no       ; Off          ; 2.5 V        ; Default          ; Series 50 Ohm without Calibration ; --                        ; User                 ; 0 pF ; lcd:u_lcd|lcd_driver:u_lcd_driver|lcd_de~8 (inverted)                                                     ; -                   ;
; sdram_data[0]  ; P14   ; 4        ; 32           ; 0            ; 21           ; 1                     ; 0                  ; no     ; no             ; no              ; no                     ; no            ; 2         ; yes             ; no         ; no       ; Off          ; 2.5 V        ; Default          ; Series 50 Ohm without Calibration ; --                        ; User                 ; 0 pF ; sdram_top:u_sdram_top|sdram_controller:u_sdram_controller|sdram_data:u_sdram_data|sdram_out_en (inverted) ; -                   ;
; sdram_data[10] ; J16   ; 5        ; 34           ; 9            ; 0            ; 1                     ; 0                  ; no     ; no             ; no              ; no                     ; no            ; 2         ; yes             ; no         ; no       ; Off          ; 2.5 V        ; Default          ; Series 50 Ohm without Calibration ; --                        ; User                 ; 0 pF ; sdram_top:u_sdram_top|sdram_controller:u_sdram_controller|sdram_data:u_sdram_data|sdram_out_en (inverted) ; -                   ;
; sdram_data[11] ; J15   ; 5        ; 34           ; 10           ; 7            ; 1                     ; 0                  ; no     ; no             ; no              ; no                     ; no            ; 2         ; yes             ; no         ; no       ; Off          ; 2.5 V        ; Default          ; Series 50 Ohm without Calibration ; --                        ; User                 ; 0 pF ; sdram_top:u_sdram_top|sdram_controller:u_sdram_controller|sdram_data:u_sdram_data|sdram_out_en (inverted) ; -                   ;
; sdram_data[12] ; K16   ; 5        ; 34           ; 9            ; 14           ; 1                     ; 0                  ; no     ; no             ; no              ; no                     ; no            ; 2         ; yes             ; no         ; no       ; Off          ; 2.5 V        ; Default          ; Series 50 Ohm without Calibration ; --                        ; User                 ; 0 pF ; sdram_top:u_sdram_top|sdram_controller:u_sdram_controller|sdram_data:u_sdram_data|sdram_out_en (inverted) ; -                   ;
; sdram_data[13] ; K15   ; 5        ; 34           ; 9            ; 7            ; 1                     ; 0                  ; no     ; no             ; no              ; no                     ; no            ; 2         ; yes             ; no         ; no       ; Off          ; 2.5 V        ; Default          ; Series 50 Ohm without Calibration ; --                        ; User                 ; 0 pF ; sdram_top:u_sdram_top|sdram_controller:u_sdram_controller|sdram_data:u_sdram_data|sdram_out_en (inverted) ; -                   ;
; sdram_data[14] ; L16   ; 5        ; 34           ; 8            ; 14           ; 1                     ; 0                  ; no     ; no             ; no              ; no                     ; no            ; 2         ; yes             ; no         ; no       ; Off          ; 2.5 V        ; Default          ; Series 50 Ohm without Calibration ; --                        ; User                 ; 0 pF ; sdram_top:u_sdram_top|sdram_controller:u_sdram_controller|sdram_data:u_sdram_data|sdram_out_en (inverted) ; -                   ;
; sdram_data[15] ; L15   ; 5        ; 34           ; 8            ; 7            ; 1                     ; 0                  ; no     ; no             ; no              ; no                     ; no            ; 2         ; yes             ; no         ; no       ; Off          ; 2.5 V        ; Default          ; Series 50 Ohm without Calibration ; --                        ; User                 ; 0 pF ; sdram_top:u_sdram_top|sdram_controller:u_sdram_controller|sdram_data:u_sdram_data|sdram_out_en (inverted) ; -                   ;
; sdram_data[1]  ; M12   ; 5        ; 34           ; 2            ; 14           ; 1                     ; 0                  ; no     ; no             ; no              ; no                     ; no            ; 2         ; yes             ; no         ; no       ; Off          ; 2.5 V        ; Default          ; Series 50 Ohm without Calibration ; --                        ; User                 ; 0 pF ; sdram_top:u_sdram_top|sdram_controller:u_sdram_controller|sdram_data:u_sdram_data|sdram_out_en (inverted) ; -                   ;
; sdram_data[2]  ; N14   ; 5        ; 34           ; 4            ; 21           ; 1                     ; 0                  ; no     ; no             ; no              ; no                     ; no            ; 2         ; yes             ; no         ; no       ; Off          ; 2.5 V        ; Default          ; Series 50 Ohm without Calibration ; --                        ; User                 ; 0 pF ; sdram_top:u_sdram_top|sdram_controller:u_sdram_controller|sdram_data:u_sdram_data|sdram_out_en (inverted) ; -                   ;
; sdram_data[3]  ; L12   ; 5        ; 34           ; 3            ; 21           ; 1                     ; 0                  ; no     ; no             ; no              ; no                     ; no            ; 2         ; yes             ; no         ; no       ; Off          ; 2.5 V        ; Default          ; Series 50 Ohm without Calibration ; --                        ; User                 ; 0 pF ; sdram_top:u_sdram_top|sdram_controller:u_sdram_controller|sdram_data:u_sdram_data|sdram_out_en (inverted) ; -                   ;
; sdram_data[4]  ; L13   ; 5        ; 34           ; 8            ; 21           ; 1                     ; 0                  ; no     ; no             ; no              ; no                     ; no            ; 2         ; yes             ; no         ; no       ; Off          ; 2.5 V        ; Default          ; Series 50 Ohm without Calibration ; --                        ; User                 ; 0 pF ; sdram_top:u_sdram_top|sdram_controller:u_sdram_controller|sdram_data:u_sdram_data|sdram_out_en (inverted) ; -                   ;
; sdram_data[5]  ; L14   ; 5        ; 34           ; 7            ; 7            ; 1                     ; 0                  ; no     ; no             ; no              ; no                     ; no            ; 2         ; yes             ; no         ; no       ; Off          ; 2.5 V        ; Default          ; Series 50 Ohm without Calibration ; --                        ; User                 ; 0 pF ; sdram_top:u_sdram_top|sdram_controller:u_sdram_controller|sdram_data:u_sdram_data|sdram_out_en (inverted) ; -                   ;
; sdram_data[6]  ; L11   ; 4        ; 32           ; 0            ; 14           ; 1                     ; 0                  ; no     ; no             ; no              ; no                     ; no            ; 2         ; yes             ; no         ; no       ; Off          ; 2.5 V        ; Default          ; Series 50 Ohm without Calibration ; --                        ; User                 ; 0 pF ; sdram_top:u_sdram_top|sdram_controller:u_sdram_controller|sdram_data:u_sdram_data|sdram_out_en (inverted) ; -                   ;
; sdram_data[7]  ; K12   ; 5        ; 34           ; 3            ; 14           ; 1                     ; 0                  ; no     ; no             ; no              ; no                     ; no            ; 2         ; yes             ; no         ; no       ; Off          ; 2.5 V        ; Default          ; Series 50 Ohm without Calibration ; --                        ; User                 ; 0 pF ; sdram_top:u_sdram_top|sdram_controller:u_sdram_controller|sdram_data:u_sdram_data|sdram_out_en (inverted) ; -                   ;
; sdram_data[8]  ; G16   ; 6        ; 34           ; 17           ; 21           ; 1                     ; 0                  ; no     ; no             ; no              ; no                     ; no            ; 2         ; yes             ; no         ; no       ; Off          ; 2.5 V        ; Default          ; Series 50 Ohm without Calibration ; --                        ; User                 ; 0 pF ; sdram_top:u_sdram_top|sdram_controller:u_sdram_controller|sdram_data:u_sdram_data|sdram_out_en (inverted) ; -                   ;
; sdram_data[9]  ; J11   ; 5        ; 34           ; 9            ; 21           ; 1                     ; 0                  ; no     ; no             ; no              ; no                     ; no            ; 2         ; yes             ; no         ; no       ; Off          ; 2.5 V        ; Default          ; Series 50 Ohm without Calibration ; --                        ; User                 ; 0 pF ; sdram_top:u_sdram_top|sdram_controller:u_sdram_controller|sdram_data:u_sdram_data|sdram_out_en (inverted) ; -                   ;
+----------------+-------+----------+--------------+--------------+--------------+-----------------------+--------------------+--------+----------------+-----------------+------------------------+---------------+-----------+-----------------+------------+----------+--------------+--------------+------------------+-----------------------------------+---------------------------+----------------------+------+-----------------------------------------------------------------------------------------------------------+---------------------+


+-------------------------------------------------------------------------------------------------------------+
; Dual Purpose and Dedicated Pins                                                                             ;
+----------+-----------------------+------------------------+---------------------+---------------------------+
; Location ; Pin Name              ; Reserved As            ; User Signal Name    ; Pin Type                  ;
+----------+-----------------------+------------------------+---------------------+---------------------------+
; F4       ; nSTATUS               ; -                      ; -                   ; Dedicated Programming Pin ;
; H5       ; nCONFIG               ; -                      ; -                   ; Dedicated Programming Pin ;
; H4       ; TDI                   ; -                      ; altera_reserved_tdi ; JTAG Pin                  ;
; H3       ; TCK                   ; -                      ; altera_reserved_tck ; JTAG Pin                  ;
; J5       ; TMS                   ; -                      ; altera_reserved_tms ; JTAG Pin                  ;
; J4       ; TDO                   ; -                      ; altera_reserved_tdo ; JTAG Pin                  ;
; J3       ; nCE                   ; -                      ; -                   ; Dedicated Programming Pin ;
; J16      ; DIFFIO_R7n, DEV_OE    ; Use as regular IO      ; sdram_data[10]      ; Dual Purpose Pin          ;
; J15      ; DIFFIO_R7p, DEV_CLRn  ; Use as regular IO      ; sdram_data[11]      ; Dual Purpose Pin          ;
; H14      ; CONF_DONE             ; -                      ; -                   ; Dedicated Programming Pin ;
; H13      ; MSEL0                 ; -                      ; -                   ; Dedicated Programming Pin ;
; H12      ; MSEL1                 ; -                      ; -                   ; Dedicated Programming Pin ;
; G12      ; MSEL2                 ; -                      ; -                   ; Dedicated Programming Pin ;
; G12      ; MSEL3                 ; -                      ; -                   ; Dedicated Programming Pin ;
; G16      ; DIFFIO_R4n, INIT_DONE ; Use as regular IO      ; sdram_data[8]       ; Dual Purpose Pin          ;
; G15      ; DIFFIO_R4p, CRC_ERROR ; Use as regular IO      ; sdram_dqm[1]        ; Dual Purpose Pin          ;
; F16      ; DIFFIO_R3n, nCEO      ; Use as programming pin ; sdram_cke           ; Dual Purpose Pin          ;
; F15      ; DIFFIO_R3p, CLKUSR    ; Use as regular IO      ; sdram_addr[12]      ; Dual Purpose Pin          ;
; B7       ; DIFFIO_T9p, DATA4     ; Use as regular IO      ; lcd_rgb[11]         ; Dual Purpose Pin          ;
; E7       ; DATA5                 ; Use as regular IO      ; lcd_rgb[18]         ; Dual Purpose Pin          ;
; E6       ; DATA6                 ; Use as regular IO      ; lcd_rgb[15]         ; Dual Purpose Pin          ;
; A5       ; DIFFIO_T6n, DATA7     ; Use as regular IO      ; lcd_rgb[9]          ; Dual Purpose Pin          ;
+----------+-----------------------+------------------------+---------------------+---------------------------+


+------------------------------------------------------------+
; I/O Bank Usage                                             ;
+----------+------------------+---------------+--------------+
; I/O Bank ; Usage            ; VCCIO Voltage ; VREF Voltage ;
+----------+------------------+---------------+--------------+
; 1        ; 1 / 17 ( 6 % )   ; 2.5V          ; --           ;
; 2        ; 3 / 19 ( 16 % )  ; 2.5V          ; --           ;
; 3        ; 25 / 26 ( 96 % ) ; 2.5V          ; --           ;
; 4        ; 15 / 27 ( 56 % ) ; 2.5V          ; --           ;
; 5        ; 17 / 25 ( 68 % ) ; 2.5V          ; --           ;
; 6        ; 12 / 14 ( 86 % ) ; 2.5V          ; --           ;
; 7        ; 14 / 26 ( 54 % ) ; 2.5V          ; --           ;
; 8        ; 13 / 26 ( 50 % ) ; 2.5V          ; --           ;
+----------+------------------+---------------+--------------+


+---------------------------------------------------------------------------------------------------------------------------------------------------------------+
; All Package Pins                                                                                                                                              ;
+----------+------------+----------+---------------------------------+--------+--------------+---------+------------+-----------------+----------+--------------+
; Location ; Pad Number ; I/O Bank ; Pin Name/Usage                  ; Dir.   ; I/O Standard ; Voltage ; I/O Type   ; User Assignment ; Bus Hold ; Weak Pull Up ;
+----------+------------+----------+---------------------------------+--------+--------------+---------+------------+-----------------+----------+--------------+
; A1       ;            ; 8        ; VCCIO8                          ; power  ;              ; 2.5V    ; --         ;                 ; --       ; --           ;
; A2       ; 194        ; 8        ; RESERVED_INPUT_WITH_WEAK_PULLUP ;        ;              ;         ; Column I/O ;                 ; no       ; On           ;
; A3       ; 200        ; 8        ; RESERVED_INPUT_WITH_WEAK_PULLUP ;        ;              ;         ; Column I/O ;                 ; no       ; On           ;
; A4       ; 196        ; 8        ; RESERVED_INPUT_WITH_WEAK_PULLUP ;        ;              ;         ; Column I/O ;                 ; no       ; On           ;
; A5       ; 192        ; 8        ; lcd_rgb[9]                      ; bidir  ; 2.5 V        ;         ; Column I/O ; Y               ; no       ; Off          ;
; A6       ; 188        ; 8        ; lcd_rgb[10]                     ; bidir  ; 2.5 V        ;         ; Column I/O ; Y               ; no       ; Off          ;
; A7       ; 183        ; 8        ; lcd_rgb[13]                     ; bidir  ; 2.5 V        ;         ; Column I/O ; Y               ; no       ; Off          ;
; A8       ; 177        ; 8        ; lcd_rgb[14]                     ; bidir  ; 2.5 V        ;         ; Column I/O ; Y               ; no       ; Off          ;
; A9       ; 175        ; 7        ; lcd_de                          ; output ; 2.5 V        ;         ; Column I/O ; Y               ; no       ; Off          ;
; A10      ; 168        ; 7        ; lcd_vs                          ; output ; 2.5 V        ;         ; Column I/O ; Y               ; no       ; Off          ;
; A11      ; 161        ; 7        ; lcd_bl                          ; output ; 2.5 V        ;         ; Column I/O ; Y               ; no       ; Off          ;
; A12      ; 159        ; 7        ; RESERVED_INPUT_WITH_WEAK_PULLUP ;        ;              ;         ; Column I/O ;                 ; no       ; On           ;
; A13      ; 153        ; 7        ; RESERVED_INPUT_WITH_WEAK_PULLUP ;        ;              ;         ; Column I/O ;                 ; no       ; On           ;
; A14      ; 155        ; 7        ; sdram_addr[4]                   ; output ; 2.5 V        ;         ; Column I/O ; Y               ; no       ; Off          ;
; A15      ; 167        ; 7        ; sdram_addr[5]                   ; output ; 2.5 V        ;         ; Column I/O ; Y               ; no       ; Off          ;
; A16      ;            ; 7        ; VCCIO7                          ; power  ;              ; 2.5V    ; --         ;                 ; --       ; --           ;
; B1       ; 3          ; 1        ; RESERVED_INPUT_WITH_WEAK_PULLUP ;        ;              ;         ; Row I/O    ;                 ; no       ; On           ;
; B2       ;            ;          ; GND                             ; gnd    ;              ;         ; --         ;                 ; --       ; --           ;
; B3       ; 201        ; 8        ; RESERVED_INPUT_WITH_WEAK_PULLUP ;        ;              ;         ; Column I/O ;                 ; no       ; On           ;
; B4       ; 197        ; 8        ; RESERVED_INPUT_WITH_WEAK_PULLUP ;        ;              ;         ; Column I/O ;                 ; no       ; On           ;
; B5       ; 195        ; 8        ; RESERVED_INPUT_WITH_WEAK_PULLUP ;        ;              ;         ; Column I/O ;                 ; no       ; On           ;
; B6       ; 189        ; 8        ; lcd_rgb[8]                      ; bidir  ; 2.5 V        ;         ; Column I/O ; Y               ; no       ; Off          ;
; B7       ; 184        ; 8        ; lcd_rgb[11]                     ; bidir  ; 2.5 V        ;         ; Column I/O ; Y               ; no       ; Off          ;
; B8       ; 178        ; 8        ; lcd_rgb[12]                     ; bidir  ; 2.5 V        ;         ; Column I/O ; Y               ; no       ; Off          ;
; B9       ; 176        ; 7        ; RESERVED_INPUT_WITH_WEAK_PULLUP ;        ;              ;         ; Column I/O ;                 ; no       ; On           ;
; B10      ; 169        ; 7        ; RESERVED_INPUT_WITH_WEAK_PULLUP ;        ;              ;         ; Column I/O ;                 ; no       ; On           ;
; B11      ; 162        ; 7        ; lcd_hs                          ; output ; 2.5 V        ;         ; Column I/O ; Y               ; no       ; Off          ;
; B12      ; 160        ; 7        ; lcd_pclk                        ; output ; 2.5 V        ;         ; Column I/O ; Y               ; no       ; Off          ;
; B13      ; 154        ; 7        ; RESERVED_INPUT_WITH_WEAK_PULLUP ;        ;              ;         ; Column I/O ;                 ; no       ; On           ;
; B14      ; 156        ; 7        ; sdram_clk                       ; output ; 2.5 V        ;         ; Column I/O ; Y               ; no       ; Off          ;
; B15      ;            ;          ; GND                             ; gnd    ;              ;         ; --         ;                 ; --       ; --           ;
; B16      ; 141        ; 6        ; sdram_addr[6]                   ; output ; 2.5 V        ;         ; Row I/O    ; Y               ; no       ; Off          ;
; C1       ; 5          ; 1        ; RESERVED_INPUT_WITH_WEAK_PULLUP ;        ;              ;         ; Row I/O    ;                 ; no       ; On           ;
; C2       ; 4          ; 1        ; RESERVED_INPUT_WITH_WEAK_PULLUP ;        ;              ;         ; Row I/O    ;                 ; no       ; On           ;
; C3       ; 202        ; 8        ; RESERVED_INPUT_WITH_WEAK_PULLUP ;        ;              ;         ; Column I/O ;                 ; no       ; On           ;
; C4       ;            ; 8        ; VCCIO8                          ; power  ;              ; 2.5V    ; --         ;                 ; --       ; --           ;
; C5       ;            ;          ; GND                             ; gnd    ;              ;         ; --         ;                 ; --       ; --           ;
; C6       ; 187        ; 8        ; lcd_rgb[16]                     ; bidir  ; 2.5 V        ;         ; Column I/O ; Y               ; no       ; Off          ;
; C7       ;            ; 8        ; VCCIO8                          ; power  ;              ; 2.5V    ; --         ;                 ; --       ; --           ;
; C8       ; 179        ; 8        ; RESERVED_INPUT_WITH_WEAK_PULLUP ;        ;              ;         ; Column I/O ;                 ; no       ; On           ;
; C9       ; 172        ; 7        ; RESERVED_INPUT_WITH_WEAK_PULLUP ;        ;              ;         ; Column I/O ;                 ; no       ; On           ;
; C10      ;            ; 7        ; VCCIO7                          ; power  ;              ; 2.5V    ; --         ;                 ; --       ; --           ;
; C11      ; 163        ; 7        ; lcd_rst                         ; output ; 2.5 V        ;         ; Column I/O ; Y               ; no       ; Off          ;
; C12      ;            ;          ; GND                             ; gnd    ;              ;         ; --         ;                 ; --       ; --           ;
; C13      ;            ; 7        ; VCCIO7                          ; power  ;              ; 2.5V    ; --         ;                 ; --       ; --           ;
; C14      ; 149        ; 7        ; sdram_addr[3]                   ; output ; 2.5 V        ;         ; Column I/O ; Y               ; no       ; Off          ;
; C15      ; 147        ; 6        ; sdram_addr[7]                   ; output ; 2.5 V        ;         ; Row I/O    ; Y               ; no       ; Off          ;
; C16      ; 146        ; 6        ; sdram_addr[8]                   ; output ; 2.5 V        ;         ; Row I/O    ; Y               ; no       ; Off          ;
; D1       ; 8          ; 1        ; RESERVED_INPUT_WITH_WEAK_PULLUP ;        ;              ;         ; Row I/O    ;                 ; no       ; On           ;
; D2       ; 7          ; 1        ; RESERVED_INPUT_WITH_WEAK_PULLUP ;        ;              ;         ; Row I/O    ;                 ; no       ; On           ;
; D3       ; 203        ; 8        ; RESERVED_INPUT_WITH_WEAK_PULLUP ;        ;              ;         ; Column I/O ;                 ; no       ; On           ;
; D4       ; 0          ; 1        ; RESERVED_INPUT_WITH_WEAK_PULLUP ;        ;              ;         ; Row I/O    ;                 ; no       ; On           ;
; D5       ; 198        ; 8        ; RESERVED_INPUT_WITH_WEAK_PULLUP ;        ;              ;         ; Column I/O ;                 ; no       ; On           ;
; D6       ; 199        ; 8        ; lcd_rgb[17]                     ; bidir  ; 2.5 V        ;         ; Column I/O ; Y               ; no       ; Off          ;
; D7       ;            ;          ; GND                             ; gnd    ;              ;         ; --         ;                 ; --       ; --           ;
; D8       ; 180        ; 8        ; RESERVED_INPUT_WITH_WEAK_PULLUP ;        ;              ;         ; Column I/O ;                 ; no       ; On           ;
; D9       ; 173        ; 7        ; RESERVED_INPUT_WITH_WEAK_PULLUP ;        ;              ;         ; Column I/O ;                 ; no       ; On           ;
; D10      ;            ;          ; GND                             ; gnd    ;              ;         ; --         ;                 ; --       ; --           ;
; D11      ; 151        ; 7        ; RESERVED_INPUT_WITH_WEAK_PULLUP ;        ;              ;         ; Column I/O ;                 ; no       ; On           ;
; D12      ; 152        ; 7        ; RESERVED_INPUT_WITH_WEAK_PULLUP ;        ;              ;         ; Column I/O ;                 ; no       ; On           ;
; D13      ;            ;          ; VCCD_PLL2                       ; power  ;              ; 1.2V    ; --         ;                 ; --       ; --           ;
; D14      ; 150        ; 7        ; sdram_addr[2]                   ; output ; 2.5 V        ;         ; Column I/O ; Y               ; no       ; Off          ;
; D15      ; 144        ; 6        ; sdram_addr[9]                   ; output ; 2.5 V        ;         ; Row I/O    ; Y               ; no       ; Off          ;
; D16      ; 143        ; 6        ; sdram_addr[11]                  ; output ; 2.5 V        ;         ; Row I/O    ; Y               ; no       ; Off          ;
; E1       ; 24         ; 1        ; sys_clk                         ; input  ; 2.5 V        ;         ; Row I/O    ; Y               ; no       ; Off          ;
; E2       ;            ;          ; GND                             ; gnd    ;              ;         ; --         ;                 ; --       ; --           ;
; E3       ;            ; 1        ; VCCIO1                          ; power  ;              ; 2.5V    ; --         ;                 ; --       ; --           ;
; E4       ;            ;          ; GND                             ; gnd    ;              ;         ; --         ;                 ; --       ; --           ;
; E5       ; 1          ; 1        ; RESERVED_INPUT_WITH_WEAK_PULLUP ;        ;              ;         ; Row I/O    ;                 ; no       ; On           ;
; E6       ; 191        ; 8        ; lcd_rgb[15]                     ; bidir  ; 2.5 V        ;         ; Column I/O ; Y               ; no       ; Off          ;
; E7       ; 190        ; 8        ; lcd_rgb[18]                     ; bidir  ; 2.5 V        ;         ; Column I/O ; Y               ; no       ; Off          ;
; E8       ; 181        ; 8        ; RESERVED_INPUT_WITH_WEAK_PULLUP ;        ;              ;         ; Column I/O ;                 ; no       ; On           ;
; E9       ; 174        ; 7        ; RESERVED_INPUT_WITH_WEAK_PULLUP ;        ;              ;         ; Column I/O ;                 ; no       ; On           ;
; E10      ; 158        ; 7        ; RESERVED_INPUT_WITH_WEAK_PULLUP ;        ;              ;         ; Column I/O ;                 ; no       ; On           ;
; E11      ; 157        ; 7        ; sdram_addr[1]                   ; output ; 2.5 V        ;         ; Column I/O ; Y               ; no       ; Off          ;
; E12      ;            ;          ; GNDA2                           ; gnd    ;              ;         ; --         ;                 ; --       ; --           ;
; E13      ;            ;          ; GND                             ; gnd    ;              ;         ; --         ;                 ; --       ; --           ;
; E14      ;            ; 6        ; VCCIO6                          ; power  ;              ; 2.5V    ; --         ;                 ; --       ; --           ;
; E15      ; 128        ; 6        ; GND+                            ;        ;              ;         ; Row I/O    ;                 ; --       ; --           ;
; E16      ; 127        ; 6        ; GND+                            ;        ;              ;         ; Row I/O    ;                 ; --       ; --           ;
; F1       ; 12         ; 1        ; RESERVED_INPUT_WITH_WEAK_PULLUP ;        ;              ;         ; Row I/O    ;                 ; no       ; On           ;
; F2       ; 11         ; 1        ; RESERVED_INPUT_WITH_WEAK_PULLUP ;        ;              ;         ; Row I/O    ;                 ; no       ; On           ;
; F3       ; 6          ; 1        ; RESERVED_INPUT_WITH_WEAK_PULLUP ;        ;              ;         ; Row I/O    ;                 ; --       ; --           ;
; F4       ; 9          ; 1        ; ^nSTATUS                        ;        ;              ;         ; --         ;                 ; --       ; --           ;
; F5       ; 2          ; 1        ; RESERVED_INPUT_WITH_WEAK_PULLUP ;        ;              ;         ; Row I/O    ;                 ; no       ; On           ;
; F6       ; 185        ; 8        ; lcd_rgb[19]                     ; bidir  ; 2.5 V        ;         ; Column I/O ; Y               ; no       ; Off          ;
; F7       ; 186        ; 8        ; lcd_rgb[21]                     ; bidir  ; 2.5 V        ;         ; Column I/O ; Y               ; no       ; Off          ;
; F8       ; 182        ; 8        ; RESERVED_INPUT_WITH_WEAK_PULLUP ;        ;              ;         ; Column I/O ;                 ; no       ; On           ;
; F9       ; 165        ; 7        ; lcd_rgb[23]                     ; bidir  ; 2.5 V        ;         ; Column I/O ; Y               ; no       ; Off          ;
; F10      ; 164        ; 7        ; RESERVED_INPUT_WITH_WEAK_PULLUP ;        ;              ;         ; Column I/O ;                 ; no       ; On           ;
; F11      ; 166        ; 7        ; sdram_addr[0]                   ; output ; 2.5 V        ;         ; Column I/O ; Y               ; no       ; Off          ;
; F12      ;            ; --       ; VCCA2                           ; power  ;              ; 2.5V    ; --         ;                 ; --       ; --           ;
; F13      ; 138        ; 6        ; sdram_ba[1]                     ; output ; 2.5 V        ;         ; Row I/O    ; Y               ; no       ; Off          ;
; F14      ; 142        ; 6        ; sdram_addr[10]                  ; output ; 2.5 V        ;         ; Row I/O    ; Y               ; no       ; Off          ;
; F15      ; 140        ; 6        ; sdram_addr[12]                  ; output ; 2.5 V        ;         ; Row I/O    ; Y               ; no       ; Off          ;
; F16      ; 139        ; 6        ; sdram_cke                       ; output ; 2.5 V        ;         ; Row I/O    ; Y               ; no       ; Off          ;
; G1       ; 14         ; 1        ; RESERVED_INPUT_WITH_WEAK_PULLUP ;        ;              ;         ; Row I/O    ;                 ; no       ; On           ;
; G2       ; 13         ; 1        ; RESERVED_INPUT_WITH_WEAK_PULLUP ;        ;              ;         ; Row I/O    ;                 ; no       ; On           ;
; G3       ;            ; 1        ; VCCIO1                          ; power  ;              ; 2.5V    ; --         ;                 ; --       ; --           ;
; G4       ;            ;          ; GND                             ; gnd    ;              ;         ; --         ;                 ; --       ; --           ;
; G5       ; 10         ; 1        ; RESERVED_INPUT_WITH_WEAK_PULLUP ;        ;              ;         ; Row I/O    ;                 ; no       ; On           ;
; G6       ;            ;          ; VCCINT                          ; power  ;              ; 1.2V    ; --         ;                 ; --       ; --           ;
; G7       ;            ;          ; VCCINT                          ; power  ;              ; 1.2V    ; --         ;                 ; --       ; --           ;
; G8       ;            ;          ; VCCINT                          ; power  ;              ; 1.2V    ; --         ;                 ; --       ; --           ;
; G9       ;            ;          ; VCCINT                          ; power  ;              ; 1.2V    ; --         ;                 ; --       ; --           ;
; G10      ;            ;          ; VCCINT                          ; power  ;              ; 1.2V    ; --         ;                 ; --       ; --           ;
; G11      ; 145        ; 6        ; sdram_ba[0]                     ; output ; 2.5 V        ;         ; Row I/O    ; Y               ; no       ; Off          ;
; G12      ; 132        ; 6        ; ^MSEL2                          ;        ;              ;         ; --         ;                 ; --       ; --           ;
; G12      ; 133        ; 6        ; ^MSEL3                          ;        ;              ;         ; --         ;                 ; --       ; --           ;
; G13      ;            ;          ; GND                             ; gnd    ;              ;         ; --         ;                 ; --       ; --           ;
; G14      ;            ; 6        ; VCCIO6                          ; power  ;              ; 2.5V    ; --         ;                 ; --       ; --           ;
; G15      ; 137        ; 6        ; sdram_dqm[1]                    ; output ; 2.5 V        ;         ; Row I/O    ; Y               ; no       ; Off          ;
; G16      ; 136        ; 6        ; sdram_data[8]                   ; bidir  ; 2.5 V        ;         ; Row I/O    ; Y               ; no       ; Off          ;
; H1       ; 15         ; 1        ; RESERVED_INPUT_WITH_WEAK_PULLUP ;        ;              ;         ; Row I/O    ;                 ; --       ; On           ;
; H2       ; 16         ; 1        ; RESERVED_INPUT_WITH_WEAK_PULLUP ;        ;              ;         ; Row I/O    ;                 ; no       ; On           ;
; H3       ; 19         ; 1        ; altera_reserved_tck             ; input  ; 2.5 V        ;         ; --         ; N               ; no       ; Off          ;
; H4       ; 18         ; 1        ; altera_reserved_tdi             ; input  ; 2.5 V        ;         ; --         ; N               ; no       ; Off          ;
; H5       ; 17         ; 1        ; ^nCONFIG                        ;        ;              ;         ; --         ;                 ; --       ; --           ;
; H6       ;            ;          ; VCCINT                          ; power  ;              ; 1.2V    ; --         ;                 ; --       ; --           ;
; H7       ;            ;          ; GND                             ; gnd    ;              ;         ; --         ;                 ; --       ; --           ;
; H8       ;            ;          ; GND                             ; gnd    ;              ;         ; --         ;                 ; --       ; --           ;
; H9       ;            ;          ; GND                             ; gnd    ;              ;         ; --         ;                 ; --       ; --           ;
; H10      ;            ;          ; GND                             ; gnd    ;              ;         ; --         ;                 ; --       ; --           ;
; H11      ;            ;          ; VCCINT                          ; power  ;              ; 1.2V    ; --         ;                 ; --       ; --           ;
; H12      ; 131        ; 6        ; ^MSEL1                          ;        ;              ;         ; --         ;                 ; --       ; --           ;
; H13      ; 130        ; 6        ; ^MSEL0                          ;        ;              ;         ; --         ;                 ; --       ; --           ;
; H14      ; 129        ; 6        ; ^CONF_DONE                      ;        ;              ;         ; --         ;                 ; --       ; --           ;
; H15      ;            ;          ; GND                             ; gnd    ;              ;         ; --         ;                 ; --       ; --           ;
; H16      ;            ;          ; GND                             ; gnd    ;              ;         ; --         ;                 ; --       ; --           ;
; J1       ; 28         ; 2        ; RESERVED_INPUT_WITH_WEAK_PULLUP ;        ;              ;         ; Row I/O    ;                 ; no       ; On           ;
; J2       ; 27         ; 2        ; RESERVED_INPUT_WITH_WEAK_PULLUP ;        ;              ;         ; Row I/O    ;                 ; no       ; On           ;
; J3       ; 22         ; 1        ; ^nCE                            ;        ;              ;         ; --         ;                 ; --       ; --           ;
; J4       ; 21         ; 1        ; altera_reserved_tdo             ; output ; 2.5 V        ;         ; --         ; N               ; no       ; Off          ;
; J5       ; 20         ; 1        ; altera_reserved_tms             ; input  ; 2.5 V        ;         ; --         ; N               ; no       ; Off          ;
; J6       ; 29         ; 2        ; RESERVED_INPUT_WITH_WEAK_PULLUP ;        ;              ;         ; Row I/O    ;                 ; no       ; On           ;
; J7       ;            ;          ; GND                             ; gnd    ;              ;         ; --         ;                 ; --       ; --           ;
; J8       ;            ;          ; GND                             ; gnd    ;              ;         ; --         ;                 ; --       ; --           ;
; J9       ;            ;          ; GND                             ; gnd    ;              ;         ; --         ;                 ; --       ; --           ;
; J10      ;            ;          ; GND                             ; gnd    ;              ;         ; --         ;                 ; --       ; --           ;
; J11      ; 117        ; 5        ; sdram_data[9]                   ; bidir  ; 2.5 V        ;         ; Row I/O    ; Y               ; no       ; Off          ;
; J12      ; 123        ; 5        ; sdram_cas_n                     ; output ; 2.5 V        ;         ; Row I/O    ; Y               ; no       ; Off          ;
; J13      ; 124        ; 5        ; sdram_we_n                      ; output ; 2.5 V        ;         ; Row I/O    ; Y               ; no       ; Off          ;
; J14      ; 122        ; 5        ; sdram_dqm[0]                    ; output ; 2.5 V        ;         ; Row I/O    ; Y               ; no       ; Off          ;
; J15      ; 121        ; 5        ; sdram_data[11]                  ; bidir  ; 2.5 V        ;         ; Row I/O    ; Y               ; no       ; Off          ;
; J16      ; 120        ; 5        ; sdram_data[10]                  ; bidir  ; 2.5 V        ;         ; Row I/O    ; Y               ; no       ; Off          ;
; K1       ; 33         ; 2        ; RESERVED_INPUT_WITH_WEAK_PULLUP ;        ;              ;         ; Row I/O    ;                 ; no       ; On           ;
; K2       ; 32         ; 2        ; RESERVED_INPUT_WITH_WEAK_PULLUP ;        ;              ;         ; Row I/O    ;                 ; no       ; On           ;
; K3       ;            ; 2        ; VCCIO2                          ; power  ;              ; 2.5V    ; --         ;                 ; --       ; --           ;
; K4       ;            ;          ; GND                             ; gnd    ;              ;         ; --         ;                 ; --       ; --           ;
; K5       ; 39         ; 2        ; RESERVED_INPUT_WITH_WEAK_PULLUP ;        ;              ;         ; Row I/O    ;                 ; no       ; On           ;
; K6       ; 30         ; 2        ; lcd_rgb[4]                      ; bidir  ; 2.5 V        ;         ; Row I/O    ; Y               ; no       ; Off          ;
; K7       ;            ;          ; VCCINT                          ; power  ;              ; 1.2V    ; --         ;                 ; --       ; --           ;
; K8       ; 60         ; 3        ; cam_data[7]                     ; input  ; 2.5 V        ;         ; Column I/O ; Y               ; no       ; Off          ;
; K9       ; 76         ; 4        ; lcd_rgb[22]                     ; bidir  ; 2.5 V        ;         ; Column I/O ; Y               ; no       ; Off          ;
; K10      ; 87         ; 4        ; sdram_cs_n                      ; output ; 2.5 V        ;         ; Column I/O ; Y               ; no       ; Off          ;
; K11      ; 110        ; 5        ; sdram_ras_n                     ; output ; 2.5 V        ;         ; Row I/O    ; Y               ; no       ; Off          ;
; K12      ; 105        ; 5        ; sdram_data[7]                   ; bidir  ; 2.5 V        ;         ; Row I/O    ; Y               ; no       ; Off          ;
; K13      ;            ;          ; GND                             ; gnd    ;              ;         ; --         ;                 ; --       ; --           ;
; K14      ;            ; 5        ; VCCIO5                          ; power  ;              ; 2.5V    ; --         ;                 ; --       ; --           ;
; K15      ; 119        ; 5        ; sdram_data[13]                  ; bidir  ; 2.5 V        ;         ; Row I/O    ; Y               ; no       ; Off          ;
; K16      ; 118        ; 5        ; sdram_data[12]                  ; bidir  ; 2.5 V        ;         ; Row I/O    ; Y               ; no       ; Off          ;
; L1       ; 35         ; 2        ; RESERVED_INPUT_WITH_WEAK_PULLUP ;        ;              ;         ; Row I/O    ;                 ; no       ; On           ;
; L2       ; 34         ; 2        ; RESERVED_INPUT_WITH_WEAK_PULLUP ;        ;              ;         ; Row I/O    ;                 ; no       ; On           ;
; L3       ; 36         ; 2        ; RESERVED_INPUT_WITH_WEAK_PULLUP ;        ;              ;         ; Row I/O    ;                 ; --       ; --           ;
; L4       ; 40         ; 2        ; RESERVED_INPUT_WITH_WEAK_PULLUP ;        ;              ;         ; Row I/O    ;                 ; no       ; On           ;
; L5       ;            ; --       ; VCCA1                           ; power  ;              ; 2.5V    ; --         ;                 ; --       ; --           ;
; L6       ; 31         ; 2        ; lcd_rgb[2]                      ; bidir  ; 2.5 V        ;         ; Row I/O    ; Y               ; no       ; Off          ;
; L7       ; 65         ; 3        ; lcd_rgb[3]                      ; bidir  ; 2.5 V        ;         ; Column I/O ; Y               ; no       ; Off          ;
; L8       ; 68         ; 3        ; cam_data[5]                     ; input  ; 2.5 V        ;         ; Column I/O ; Y               ; no       ; Off          ;
; L9       ; 77         ; 4        ; lcd_rgb[20]                     ; bidir  ; 2.5 V        ;         ; Column I/O ; Y               ; no       ; Off          ;
; L10      ; 88         ; 4        ; cam_pclk                        ; input  ; 2.5 V        ;         ; Column I/O ; Y               ; no       ; Off          ;
; L11      ; 99         ; 4        ; sdram_data[6]                   ; bidir  ; 2.5 V        ;         ; Column I/O ; Y               ; no       ; Off          ;
; L12      ; 104        ; 5        ; sdram_data[3]                   ; bidir  ; 2.5 V        ;         ; Row I/O    ; Y               ; no       ; Off          ;
; L13      ; 114        ; 5        ; sdram_data[4]                   ; bidir  ; 2.5 V        ;         ; Row I/O    ; Y               ; no       ; Off          ;
; L14      ; 113        ; 5        ; sdram_data[5]                   ; bidir  ; 2.5 V        ;         ; Row I/O    ; Y               ; no       ; Off          ;
; L15      ; 116        ; 5        ; sdram_data[15]                  ; bidir  ; 2.5 V        ;         ; Row I/O    ; Y               ; no       ; Off          ;
; L16      ; 115        ; 5        ; sdram_data[14]                  ; bidir  ; 2.5 V        ;         ; Row I/O    ; Y               ; no       ; Off          ;
; M1       ; 26         ; 2        ; sys_rst_n                       ; input  ; 2.5 V        ;         ; Row I/O    ; Y               ; no       ; Off          ;
; M2       ; 25         ; 2        ; GND+                            ;        ;              ;         ; Row I/O    ;                 ; --       ; --           ;
; M3       ;            ; 2        ; VCCIO2                          ; power  ;              ; 2.5V    ; --         ;                 ; --       ; --           ;
; M4       ;            ;          ; GND                             ; gnd    ;              ;         ; --         ;                 ; --       ; --           ;
; M5       ;            ;          ; GNDA1                           ; gnd    ;              ;         ; --         ;                 ; --       ; --           ;
; M6       ; 57         ; 3        ; cam_data[0]                     ; input  ; 2.5 V        ;         ; Column I/O ; Y               ; no       ; Off          ;
; M7       ; 59         ; 3        ; cam_data[1]                     ; input  ; 2.5 V        ;         ; Column I/O ; Y               ; no       ; Off          ;
; M8       ; 69         ; 3        ; cam_data[4]                     ; input  ; 2.5 V        ;         ; Column I/O ; Y               ; no       ; Off          ;
; M9       ; 78         ; 4        ; lcd_rgb[7]                      ; bidir  ; 2.5 V        ;         ; Column I/O ; Y               ; no       ; Off          ;
; M10      ; 93         ; 4        ; lcd_rgb[6]                      ; bidir  ; 2.5 V        ;         ; Column I/O ; Y               ; no       ; Off          ;
; M11      ; 100        ; 4        ; RESERVED_INPUT_WITH_WEAK_PULLUP ;        ;              ;         ; Column I/O ;                 ; no       ; On           ;
; M12      ; 103        ; 5        ; sdram_data[1]                   ; bidir  ; 2.5 V        ;         ; Row I/O    ; Y               ; no       ; Off          ;
; M13      ;            ;          ; GND                             ; gnd    ;              ;         ; --         ;                 ; --       ; --           ;
; M14      ;            ; 5        ; VCCIO5                          ; power  ;              ; 2.5V    ; --         ;                 ; --       ; --           ;
; M15      ; 126        ; 5        ; GND+                            ;        ;              ;         ; Row I/O    ;                 ; --       ; --           ;
; M16      ; 125        ; 5        ; GND+                            ;        ;              ;         ; Row I/O    ;                 ; --       ; --           ;
; N1       ; 38         ; 2        ; RESERVED_INPUT_WITH_WEAK_PULLUP ;        ;              ;         ; Row I/O    ;                 ; no       ; On           ;
; N2       ; 37         ; 2        ; RESERVED_INPUT_WITH_WEAK_PULLUP ;        ;              ;         ; Row I/O    ;                 ; no       ; On           ;
; N3       ; 45         ; 3        ; lcd_rgb[0]                      ; bidir  ; 2.5 V        ;         ; Column I/O ; Y               ; no       ; Off          ;
; N4       ;            ;          ; VCCD_PLL1                       ; power  ;              ; 1.2V    ; --         ;                 ; --       ; --           ;
; N5       ; 55         ; 3        ; cam_href                        ; input  ; 2.5 V        ;         ; Column I/O ; Y               ; no       ; Off          ;
; N6       ; 56         ; 3        ; cam_sda                         ; bidir  ; 2.5 V        ;         ; Column I/O ; Y               ; no       ; Off          ;
; N7       ;            ;          ; GND                             ; gnd    ;              ;         ; --         ;                 ; --       ; --           ;
; N8       ; 70         ; 3        ; cam_data[3]                     ; input  ; 2.5 V        ;         ; Column I/O ; Y               ; no       ; Off          ;
; N9       ; 79         ; 4        ; lcd_rgb[5]                      ; bidir  ; 2.5 V        ;         ; Column I/O ; Y               ; no       ; Off          ;
; N10      ;            ;          ; GND                             ; gnd    ;              ;         ; --         ;                 ; --       ; --           ;
; N11      ; 94         ; 4        ; RESERVED_INPUT_WITH_WEAK_PULLUP ;        ;              ;         ; Column I/O ;                 ; no       ; On           ;
; N12      ; 101        ; 4        ; RESERVED_INPUT_WITH_WEAK_PULLUP ;        ;              ;         ; Column I/O ;                 ; no       ; On           ;
; N13      ; 102        ; 5        ; RESERVED_INPUT_WITH_WEAK_PULLUP ;        ;              ;         ; Row I/O    ;                 ; no       ; On           ;
; N14      ; 106        ; 5        ; sdram_data[2]                   ; bidir  ; 2.5 V        ;         ; Row I/O    ; Y               ; no       ; Off          ;
; N15      ; 112        ; 5        ; RESERVED_INPUT_WITH_WEAK_PULLUP ;        ;              ;         ; Row I/O    ;                 ; no       ; On           ;
; N16      ; 111        ; 5        ; RESERVED_INPUT_WITH_WEAK_PULLUP ;        ;              ;         ; Row I/O    ;                 ; no       ; On           ;
; P1       ; 44         ; 2        ; RESERVED_INPUT_WITH_WEAK_PULLUP ;        ;              ;         ; Row I/O    ;                 ; no       ; On           ;
; P2       ; 43         ; 2        ; RESERVED_INPUT_WITH_WEAK_PULLUP ;        ;              ;         ; Row I/O    ;                 ; no       ; On           ;
; P3       ; 46         ; 3        ; lcd_rgb[1]                      ; bidir  ; 2.5 V        ;         ; Column I/O ; Y               ; no       ; Off          ;
; P4       ;            ; 3        ; VCCIO3                          ; power  ;              ; 2.5V    ; --         ;                 ; --       ; --           ;
; P5       ;            ;          ; GND                             ; gnd    ;              ;         ; --         ;                 ; --       ; --           ;
; P6       ; 58         ; 3        ; cam_rst_n                       ; output ; 2.5 V        ;         ; Column I/O ; Y               ; no       ; Off          ;
; P7       ;            ; 3        ; VCCIO3                          ; power  ;              ; 2.5V    ; --         ;                 ; --       ; --           ;
; P8       ; 71         ; 3        ; cam_data[2]                     ; input  ; 2.5 V        ;         ; Column I/O ; Y               ; no       ; Off          ;
; P9       ; 89         ; 4        ; cam_data[6]                     ; input  ; 2.5 V        ;         ; Column I/O ; Y               ; no       ; Off          ;
; P10      ;            ; 4        ; VCCIO4                          ; power  ;              ; 2.5V    ; --         ;                 ; --       ; --           ;
; P11      ; 90         ; 4        ; cam_pwdn                        ; output ; 2.5 V        ;         ; Column I/O ; Y               ; no       ; Off          ;
; P12      ;            ;          ; GND                             ; gnd    ;              ;         ; --         ;                 ; --       ; --           ;
; P13      ;            ; 4        ; VCCIO4                          ; power  ;              ; 2.5V    ; --         ;                 ; --       ; --           ;
; P14      ; 98         ; 4        ; sdram_data[0]                   ; bidir  ; 2.5 V        ;         ; Column I/O ; Y               ; no       ; Off          ;
; P15      ; 107        ; 5        ; RESERVED_INPUT_WITH_WEAK_PULLUP ;        ;              ;         ; Row I/O    ;                 ; no       ; On           ;
; P16      ; 108        ; 5        ; RESERVED_INPUT_WITH_WEAK_PULLUP ;        ;              ;         ; Row I/O    ;                 ; no       ; On           ;
; R1       ; 42         ; 2        ; RESERVED_INPUT_WITH_WEAK_PULLUP ;        ;              ;         ; Row I/O    ;                 ; no       ; On           ;
; R2       ;            ;          ; GND                             ; gnd    ;              ;         ; --         ;                 ; --       ; --           ;
; R3       ; 47         ; 3        ; cs_n                            ; output ; 2.5 V        ;         ; Column I/O ; Y               ; no       ; Off          ;
; R4       ; 53         ; 3        ; wr_n                            ; output ; 2.5 V        ;         ; Column I/O ; Y               ; no       ; Off          ;
; R5       ; 61         ; 3        ; data[0]                         ; bidir  ; 2.5 V        ;         ; Column I/O ; Y               ; no       ; Off          ;
; R6       ; 63         ; 3        ; data[2]                         ; bidir  ; 2.5 V        ;         ; Column I/O ; Y               ; no       ; Off          ;
; R7       ; 66         ; 3        ; data[4]                         ; bidir  ; 2.5 V        ;         ; Column I/O ; Y               ; no       ; Off          ;
; R8       ; 72         ; 3        ; data[6]                         ; bidir  ; 2.5 V        ;         ; Column I/O ; Y               ; no       ; Off          ;
; R9       ; 74         ; 4        ; wrnf_n                          ; input  ; 2.5 V        ;         ; Column I/O ; Y               ; no       ; Off          ;
; R10      ; 80         ; 4        ; RESERVED_INPUT_WITH_WEAK_PULLUP ;        ;              ;         ; Column I/O ;                 ; no       ; On           ;
; R11      ; 83         ; 4        ; cam_vsync                       ; input  ; 2.5 V        ;         ; Column I/O ; Y               ; no       ; Off          ;
; R12      ; 85         ; 4        ; RESERVED_INPUT_WITH_WEAK_PULLUP ;        ;              ;         ; Column I/O ;                 ; no       ; On           ;
; R13      ; 91         ; 4        ; RESERVED_INPUT_WITH_WEAK_PULLUP ;        ;              ;         ; Column I/O ;                 ; no       ; On           ;
; R14      ; 97         ; 4        ; RESERVED_INPUT_WITH_WEAK_PULLUP ;        ;              ;         ; Column I/O ;                 ; no       ; On           ;
; R15      ;            ;          ; GND                             ; gnd    ;              ;         ; --         ;                 ; --       ; --           ;
; R16      ; 109        ; 5        ; RESERVED_INPUT_WITH_WEAK_PULLUP ;        ;              ;         ; Row I/O    ;                 ; no       ; On           ;
; T1       ;            ; 3        ; VCCIO3                          ; power  ;              ; 2.5V    ; --         ;                 ; --       ; --           ;
; T2       ; 52         ; 3        ; RESERVED_INPUT_WITH_WEAK_PULLUP ;        ;              ;         ; Column I/O ;                 ; no       ; On           ;
; T3       ; 48         ; 3        ; rd_n                            ; output ; 2.5 V        ;         ; Column I/O ; Y               ; no       ; Off          ;
; T4       ; 54         ; 3        ; addr                            ; output ; 2.5 V        ;         ; Column I/O ; Y               ; no       ; Off          ;
; T5       ; 62         ; 3        ; data[1]                         ; bidir  ; 2.5 V        ;         ; Column I/O ; Y               ; no       ; Off          ;
; T6       ; 64         ; 3        ; data[3]                         ; bidir  ; 2.5 V        ;         ; Column I/O ; Y               ; no       ; Off          ;
; T7       ; 67         ; 3        ; data[5]                         ; bidir  ; 2.5 V        ;         ; Column I/O ; Y               ; no       ; Off          ;
; T8       ; 73         ; 3        ; data[7]                         ; bidir  ; 2.5 V        ;         ; Column I/O ; Y               ; no       ; Off          ;
; T9       ; 75         ; 4        ; rdne_n                          ; input  ; 2.5 V        ;         ; Column I/O ; Y               ; no       ; Off          ;
; T10      ; 81         ; 4        ; RESERVED_INPUT_WITH_WEAK_PULLUP ;        ;              ;         ; Column I/O ;                 ; no       ; On           ;
; T11      ; 84         ; 4        ; cam_scl                         ; output ; 2.5 V        ;         ; Column I/O ; Y               ; no       ; Off          ;
; T12      ; 86         ; 4        ; RESERVED_INPUT_WITH_WEAK_PULLUP ;        ;              ;         ; Column I/O ;                 ; no       ; On           ;
; T13      ; 92         ; 4        ; RESERVED_INPUT_WITH_WEAK_PULLUP ;        ;              ;         ; Column I/O ;                 ; no       ; On           ;
; T14      ; 95         ; 4        ; RESERVED_INPUT_WITH_WEAK_PULLUP ;        ;              ;         ; Column I/O ;                 ; no       ; On           ;
; T15      ; 96         ; 4        ; RESERVED_INPUT_WITH_WEAK_PULLUP ;        ;              ;         ; Column I/O ;                 ; no       ; On           ;
; T16      ;            ; 4        ; VCCIO4                          ; power  ;              ; 2.5V    ; --         ;                 ; --       ; --           ;
+----------+------------+----------+---------------------------------+--------+--------------+---------+------------+-----------------+----------+--------------+
Note: Pin directions (input, output or bidir) are based on device operating in user mode.


+--------------------------------------------------------------------------------------------------+
; PLL Summary                                                                                      ;
+-------------------------------+------------------------------------------------------------------+
; Name                          ; pll:u_pll|altpll:altpll_component|pll_altpll:auto_generated|pll1 ;
+-------------------------------+------------------------------------------------------------------+
; SDC pin name                  ; u_pll|altpll_component|auto_generated|pll1                       ;
; PLL mode                      ; Normal                                                           ;
; Compensate clock              ; clock0                                                           ;
; Compensated input/output pins ; --                                                               ;
; Switchover type               ; --                                                               ;
; Input frequency 0             ; 50.0 MHz                                                         ;
; Input frequency 1             ; --                                                               ;
; Nominal PFD frequency         ; 50.0 MHz                                                         ;
; Nominal VCO frequency         ; 599.9 MHz                                                        ;
; VCO post scale K counter      ; 2                                                                ;
; VCO frequency control         ; Auto                                                             ;
; VCO phase shift step          ; 208 ps                                                           ;
; VCO multiply                  ; --                                                               ;
; VCO divide                    ; --                                                               ;
; Freq min lock                 ; 25.0 MHz                                                         ;
; Freq max lock                 ; 54.18 MHz                                                        ;
; M VCO Tap                     ; 2                                                                ;
; M Initial                     ; 2                                                                ;
; M value                       ; 12                                                               ;
; N value                       ; 1                                                                ;
; Charge pump current           ; setting 1                                                        ;
; Loop filter resistance        ; setting 27                                                       ;
; Loop filter capacitance       ; setting 0                                                        ;
; Bandwidth                     ; 680 kHz to 980 kHz                                               ;
; Bandwidth type                ; Medium                                                           ;
; Real time reconfigurable      ; Off                                                              ;
; Scan chain MIF file           ; --                                                               ;
; Preserve PLL counter order    ; Off                                                              ;
; PLL location                  ; PLL_1                                                            ;
; Inclk0 signal                 ; sys_clk                                                          ;
; Inclk1 signal                 ; --                                                               ;
; Inclk0 signal type            ; Dedicated Pin                                                    ;
; Inclk1 signal type            ; --                                                               ;
+-------------------------------+------------------------------------------------------------------+


+-------------------------------------------------------------------------------------------------------------------------------------------------------------------------------------------------------------------------------------------------------------------------------------------------------------+
; PLL Usage                                                                                                                                                                                                                                                                                                   ;
+------------------------------------------------------------------------------+--------------+------+-----+------------------+----------------+------------------+------------+---------+---------------+------------+---------------+---------+---------+---------------------------------------------------+
; Name                                                                         ; Output Clock ; Mult ; Div ; Output Frequency ; Phase Shift    ; Phase Shift Step ; Duty Cycle ; Counter ; Counter Value ; High / Low ; Cascade Input ; Initial ; VCO Tap ; SDC Pin Name                                      ;
+------------------------------------------------------------------------------+--------------+------+-----+------------------+----------------+------------------+------------+---------+---------------+------------+---------------+---------+---------+---------------------------------------------------+
; pll:u_pll|altpll:altpll_component|pll_altpll:auto_generated|wire_pll1_clk[0] ; clock0       ; 2    ; 1   ; 100.0 MHz        ; 0 (0 ps)       ; 7.50 (208 ps)    ; 50/50      ; C0      ; 6             ; 3/3 Even   ; --            ; 2       ; 2       ; u_pll|altpll_component|auto_generated|pll1|clk[0] ;
; pll:u_pll|altpll:altpll_component|pll_altpll:auto_generated|wire_pll1_clk[1] ; clock1       ; 2    ; 1   ; 100.0 MHz        ; -75 (-2083 ps) ; 7.50 (208 ps)    ; 50/50      ; C2      ; 6             ; 3/3 Even   ; --            ; 1       ; 0       ; u_pll|altpll_component|auto_generated|pll1|clk[1] ;
; pll:u_pll|altpll:altpll_component|pll_altpll:auto_generated|wire_pll1_clk[2] ; clock2       ; 2    ; 1   ; 100.0 MHz        ; 0 (0 ps)       ; 7.50 (208 ps)    ; 50/50      ; C1      ; 6             ; 3/3 Even   ; --            ; 2       ; 2       ; u_pll|altpll_component|auto_generated|pll1|clk[2] ;
+------------------------------------------------------------------------------+--------------+------+-----+------------------+----------------+------------------+------------+---------+---------------+------------+---------------+---------+---------+---------------------------------------------------+


+---------------------------------------------------------------------------------------------------------------------------------------------------------------------------------------------------------------------------------------------------------------------------------------------------------------------------------------------------------------------------------------------------------------------------------------------------------------------------------------------------------------------------------------------------------------------------------------------------------------------------------------------------------------------------+
; Fitter Resource Utilization by Entity                                                                                                                                                                                                                                                                                                                                                                                                                                                                                                                                                                                                                                     ;
+---------------------------------------------------------------------------------------------------------+-------------+---------------------------+---------------+-------------+------+--------------+---------+-----------+------+--------------+--------------+-------------------+------------------+--------------------------------------------------------------------------------------------------------------------------------------------------------------------------------------------------------------------------------------------------------------------------------------------------------------------------------------------------+--------------+
; Compilation Hierarchy Node                                                                              ; Logic Cells ; Dedicated Logic Registers ; I/O Registers ; Memory Bits ; M9Ks ; DSP Elements ; DSP 9x9 ; DSP 18x18 ; Pins ; Virtual Pins ; LUT-Only LCs ; Register-Only LCs ; LUT/Register LCs ; Full Hierarchy Name                                                                                                                                                                                                                                                                                                                              ; Library Name ;
+---------------------------------------------------------------------------------------------------------+-------------+---------------------------+---------------+-------------+------+--------------+---------+-----------+------+--------------+--------------+-------------------+------------------+--------------------------------------------------------------------------------------------------------------------------------------------------------------------------------------------------------------------------------------------------------------------------------------------------------------------------------------------------+--------------+
; |ov5640_lcd                                                                                             ; 3033 (4)    ; 1925 (0)                  ; 0 (0)         ; 260096      ; 32   ; 0            ; 0       ; 0         ; 100  ; 0            ; 1108 (4)     ; 745 (0)           ; 1180 (1)         ; |ov5640_lcd                                                                                                                                                                                                                                                                                                                                      ; work         ;
;    |cmos_capture_data:u_cmos_capture_data|                                                              ; 46 (46)     ; 37 (37)                   ; 0 (0)         ; 0           ; 0    ; 0            ; 0       ; 0         ; 0    ; 0            ; 9 (9)        ; 0 (0)             ; 37 (37)          ; |ov5640_lcd|cmos_capture_data:u_cmos_capture_data                                                                                                                                                                                                                                                                                                ; work         ;
;    |i2c_dri:u_i2c_dr|                                                                                   ; 117 (117)   ; 54 (54)                   ; 0 (0)         ; 0           ; 0    ; 0            ; 0       ; 0         ; 0    ; 0            ; 63 (63)      ; 10 (10)           ; 44 (44)          ; |ov5640_lcd|i2c_dri:u_i2c_dr                                                                                                                                                                                                                                                                                                                     ; work         ;
;    |i2c_ov5640_rgb565_cfg:u_i2c_cfg|                                                                    ; 411 (411)   ; 46 (46)                   ; 0 (0)         ; 0           ; 0    ; 0            ; 0       ; 0         ; 0    ; 0            ; 365 (365)    ; 0 (0)             ; 46 (46)          ; |ov5640_lcd|i2c_ov5640_rgb565_cfg:u_i2c_cfg                                                                                                                                                                                                                                                                                                      ; work         ;
;    |lcd:u_lcd|                                                                                          ; 49 (0)      ; 25 (0)                    ; 0 (0)         ; 0           ; 0    ; 0            ; 0       ; 0         ; 0    ; 0            ; 24 (0)       ; 0 (0)             ; 25 (0)           ; |ov5640_lcd|lcd:u_lcd                                                                                                                                                                                                                                                                                                                            ; work         ;
;       |clk_div:u_clk_div|                                                                               ; 4 (4)       ; 3 (3)                     ; 0 (0)         ; 0           ; 0    ; 0            ; 0       ; 0         ; 0    ; 0            ; 1 (1)        ; 0 (0)             ; 3 (3)            ; |ov5640_lcd|lcd:u_lcd|clk_div:u_clk_div                                                                                                                                                                                                                                                                                                          ; work         ;
;       |lcd_driver:u_lcd_driver|                                                                         ; 45 (45)     ; 22 (22)                   ; 0 (0)         ; 0           ; 0    ; 0            ; 0       ; 0         ; 0    ; 0            ; 23 (23)      ; 0 (0)             ; 22 (22)          ; |ov5640_lcd|lcd:u_lcd|lcd_driver:u_lcd_driver                                                                                                                                                                                                                                                                                                    ; work         ;
;    |pll:u_pll|                                                                                          ; 1 (0)       ; 1 (0)                     ; 0 (0)         ; 0           ; 0    ; 0            ; 0       ; 0         ; 0    ; 0            ; 0 (0)        ; 0 (0)             ; 1 (0)            ; |ov5640_lcd|pll:u_pll                                                                                                                                                                                                                                                                                                                            ; work         ;
;       |altpll:altpll_component|                                                                         ; 1 (0)       ; 1 (0)                     ; 0 (0)         ; 0           ; 0    ; 0            ; 0       ; 0         ; 0    ; 0            ; 0 (0)        ; 0 (0)             ; 1 (0)            ; |ov5640_lcd|pll:u_pll|altpll:altpll_component                                                                                                                                                                                                                                                                                                    ; work         ;
;          |pll_altpll:auto_generated|                                                                    ; 1 (1)       ; 1 (1)                     ; 0 (0)         ; 0           ; 0    ; 0            ; 0       ; 0         ; 0    ; 0            ; 0 (0)        ; 0 (0)             ; 1 (1)            ; |ov5640_lcd|pll:u_pll|altpll:altpll_component|pll_altpll:auto_generated                                                                                                                                                                                                                                                                          ; work         ;
;    |sdram_to8_flow_ctrl:u_sdram_to8_flow_ctrl|                                                          ; 33 (33)     ; 18 (18)                   ; 0 (0)         ; 0           ; 0    ; 0            ; 0       ; 0         ; 0    ; 0            ; 15 (15)      ; 16 (16)           ; 2 (2)            ; |ov5640_lcd|sdram_to8_flow_ctrl:u_sdram_to8_flow_ctrl                                                                                                                                                                                                                                                                                            ; work         ;
;    |sdram_top:u_sdram_top|                                                                              ; 567 (0)     ; 341 (0)                   ; 0 (0)         ; 32768       ; 4    ; 0            ; 0       ; 0         ; 0    ; 0            ; 226 (0)      ; 73 (0)            ; 268 (0)          ; |ov5640_lcd|sdram_top:u_sdram_top                                                                                                                                                                                                                                                                                                                ; work         ;
;       |sdram_controller:u_sdram_controller|                                                             ; 207 (0)     ; 102 (0)                   ; 0 (0)         ; 0           ; 0    ; 0            ; 0       ; 0         ; 0    ; 0            ; 103 (0)      ; 32 (0)            ; 72 (0)           ; |ov5640_lcd|sdram_top:u_sdram_top|sdram_controller:u_sdram_controller                                                                                                                                                                                                                                                                            ; work         ;
;          |sdram_cmd:u_sdram_cmd|                                                                        ; 71 (71)     ; 20 (20)                   ; 0 (0)         ; 0           ; 0    ; 0            ; 0       ; 0         ; 0    ; 0            ; 51 (51)      ; 0 (0)             ; 20 (20)          ; |ov5640_lcd|sdram_top:u_sdram_top|sdram_controller:u_sdram_controller|sdram_cmd:u_sdram_cmd                                                                                                                                                                                                                                                      ; work         ;
;          |sdram_ctrl:u_sdram_ctrl|                                                                      ; 101 (101)   ; 49 (49)                   ; 0 (0)         ; 0           ; 0    ; 0            ; 0       ; 0         ; 0    ; 0            ; 50 (50)      ; 0 (0)             ; 51 (51)          ; |ov5640_lcd|sdram_top:u_sdram_top|sdram_controller:u_sdram_controller|sdram_ctrl:u_sdram_ctrl                                                                                                                                                                                                                                                    ; work         ;
;          |sdram_data:u_sdram_data|                                                                      ; 35 (35)     ; 33 (33)                   ; 0 (0)         ; 0           ; 0    ; 0            ; 0       ; 0         ; 0    ; 0            ; 2 (2)        ; 32 (32)           ; 1 (1)            ; |ov5640_lcd|sdram_top:u_sdram_top|sdram_controller:u_sdram_controller|sdram_data:u_sdram_data                                                                                                                                                                                                                                                    ; work         ;
;       |sdram_fifo_ctrl:u_sdram_fifo_ctrl|                                                               ; 362 (92)    ; 239 (43)                  ; 0 (0)         ; 32768       ; 4    ; 0            ; 0       ; 0         ; 0    ; 0            ; 123 (49)     ; 41 (0)            ; 198 (43)         ; |ov5640_lcd|sdram_top:u_sdram_top|sdram_fifo_ctrl:u_sdram_fifo_ctrl                                                                                                                                                                                                                                                                              ; work         ;
;          |rdfifo:u_rdfifo|                                                                              ; 130 (0)     ; 98 (0)                    ; 0 (0)         ; 16384       ; 2    ; 0            ; 0       ; 0         ; 0    ; 0            ; 32 (0)       ; 18 (0)            ; 80 (0)           ; |ov5640_lcd|sdram_top:u_sdram_top|sdram_fifo_ctrl:u_sdram_fifo_ctrl|rdfifo:u_rdfifo                                                                                                                                                                                                                                                              ; work         ;
;             |dcfifo:dcfifo_component|                                                                   ; 130 (0)     ; 98 (0)                    ; 0 (0)         ; 16384       ; 2    ; 0            ; 0       ; 0         ; 0    ; 0            ; 32 (0)       ; 18 (0)            ; 80 (0)           ; |ov5640_lcd|sdram_top:u_sdram_top|sdram_fifo_ctrl:u_sdram_fifo_ctrl|rdfifo:u_rdfifo|dcfifo:dcfifo_component                                                                                                                                                                                                                                      ; work         ;
;                |dcfifo_aol1:auto_generated|                                                             ; 130 (51)    ; 98 (37)                   ; 0 (0)         ; 16384       ; 2    ; 0            ; 0       ; 0         ; 0    ; 0            ; 32 (14)      ; 18 (7)            ; 80 (2)           ; |ov5640_lcd|sdram_top:u_sdram_top|sdram_fifo_ctrl:u_sdram_fifo_ctrl|rdfifo:u_rdfifo|dcfifo:dcfifo_component|dcfifo_aol1:auto_generated                                                                                                                                                                                                           ; work         ;
;                   |a_gray2bin_7ib:wrptr_g_gray2bin|                                                     ; 10 (10)     ; 0 (0)                     ; 0 (0)         ; 0           ; 0    ; 0            ; 0       ; 0         ; 0    ; 0            ; 0 (0)        ; 0 (0)             ; 10 (10)          ; |ov5640_lcd|sdram_top:u_sdram_top|sdram_fifo_ctrl:u_sdram_fifo_ctrl|rdfifo:u_rdfifo|dcfifo:dcfifo_component|dcfifo_aol1:auto_generated|a_gray2bin_7ib:wrptr_g_gray2bin                                                                                                                                                                           ; work         ;
;                   |a_gray2bin_7ib:ws_dgrp_gray2bin|                                                     ; 10 (10)     ; 0 (0)                     ; 0 (0)         ; 0           ; 0    ; 0            ; 0       ; 0         ; 0    ; 0            ; 0 (0)        ; 0 (0)             ; 10 (10)          ; |ov5640_lcd|sdram_top:u_sdram_top|sdram_fifo_ctrl:u_sdram_fifo_ctrl|rdfifo:u_rdfifo|dcfifo:dcfifo_component|dcfifo_aol1:auto_generated|a_gray2bin_7ib:ws_dgrp_gray2bin                                                                                                                                                                           ; work         ;
;                   |a_graycounter_2lc:wrptr_g1p|                                                         ; 21 (21)     ; 15 (15)                   ; 0 (0)         ; 0           ; 0    ; 0            ; 0       ; 0         ; 0    ; 0            ; 6 (6)        ; 0 (0)             ; 15 (15)          ; |ov5640_lcd|sdram_top:u_sdram_top|sdram_fifo_ctrl:u_sdram_fifo_ctrl|rdfifo:u_rdfifo|dcfifo:dcfifo_component|dcfifo_aol1:auto_generated|a_graycounter_2lc:wrptr_g1p                                                                                                                                                                               ; work         ;
;                   |a_graycounter_677:rdptr_g1p|                                                         ; 23 (23)     ; 15 (15)                   ; 0 (0)         ; 0           ; 0    ; 0            ; 0       ; 0         ; 0    ; 0            ; 8 (8)        ; 0 (0)             ; 15 (15)          ; |ov5640_lcd|sdram_top:u_sdram_top|sdram_fifo_ctrl:u_sdram_fifo_ctrl|rdfifo:u_rdfifo|dcfifo:dcfifo_component|dcfifo_aol1:auto_generated|a_graycounter_677:rdptr_g1p                                                                                                                                                                               ; work         ;
;                   |alt_synch_pipe_0e8:ws_dgrp|                                                          ; 11 (0)      ; 11 (0)                    ; 0 (0)         ; 0           ; 0    ; 0            ; 0       ; 0         ; 0    ; 0            ; 0 (0)        ; 11 (0)            ; 0 (0)            ; |ov5640_lcd|sdram_top:u_sdram_top|sdram_fifo_ctrl:u_sdram_fifo_ctrl|rdfifo:u_rdfifo|dcfifo:dcfifo_component|dcfifo_aol1:auto_generated|alt_synch_pipe_0e8:ws_dgrp                                                                                                                                                                                ; work         ;
;                      |dffpipe_re9:dffpipe4|                                                             ; 11 (11)     ; 11 (11)                   ; 0 (0)         ; 0           ; 0    ; 0            ; 0       ; 0         ; 0    ; 0            ; 0 (0)        ; 11 (11)           ; 0 (0)            ; |ov5640_lcd|sdram_top:u_sdram_top|sdram_fifo_ctrl:u_sdram_fifo_ctrl|rdfifo:u_rdfifo|dcfifo:dcfifo_component|dcfifo_aol1:auto_generated|alt_synch_pipe_0e8:ws_dgrp|dffpipe_re9:dffpipe4                                                                                                                                                           ; work         ;
;                   |altsyncram_em31:fifo_ram|                                                            ; 0 (0)       ; 0 (0)                     ; 0 (0)         ; 16384       ; 2    ; 0            ; 0       ; 0         ; 0    ; 0            ; 0 (0)        ; 0 (0)             ; 0 (0)            ; |ov5640_lcd|sdram_top:u_sdram_top|sdram_fifo_ctrl:u_sdram_fifo_ctrl|rdfifo:u_rdfifo|dcfifo:dcfifo_component|dcfifo_aol1:auto_generated|altsyncram_em31:fifo_ram                                                                                                                                                                                  ; work         ;
;                   |cmpr_c66:rdempty_eq_comp_lsb|                                                        ; 1 (1)       ; 0 (0)                     ; 0 (0)         ; 0           ; 0    ; 0            ; 0       ; 0         ; 0    ; 0            ; 0 (0)        ; 0 (0)             ; 1 (1)            ; |ov5640_lcd|sdram_top:u_sdram_top|sdram_fifo_ctrl:u_sdram_fifo_ctrl|rdfifo:u_rdfifo|dcfifo:dcfifo_component|dcfifo_aol1:auto_generated|cmpr_c66:rdempty_eq_comp_lsb                                                                                                                                                                              ; work         ;
;                   |dffpipe_pe9:ws_brp|                                                                  ; 10 (10)     ; 10 (10)                   ; 0 (0)         ; 0           ; 0    ; 0            ; 0       ; 0         ; 0    ; 0            ; 0 (0)        ; 0 (0)             ; 10 (10)          ; |ov5640_lcd|sdram_top:u_sdram_top|sdram_fifo_ctrl:u_sdram_fifo_ctrl|rdfifo:u_rdfifo|dcfifo:dcfifo_component|dcfifo_aol1:auto_generated|dffpipe_pe9:ws_brp                                                                                                                                                                                        ; work         ;
;                   |dffpipe_pe9:ws_bwp|                                                                  ; 10 (10)     ; 10 (10)                   ; 0 (0)         ; 0           ; 0    ; 0            ; 0       ; 0         ; 0    ; 0            ; 0 (0)        ; 0 (0)             ; 10 (10)          ; |ov5640_lcd|sdram_top:u_sdram_top|sdram_fifo_ctrl:u_sdram_fifo_ctrl|rdfifo:u_rdfifo|dcfifo:dcfifo_component|dcfifo_aol1:auto_generated|dffpipe_pe9:ws_bwp                                                                                                                                                                                        ; work         ;
;                   |mux_j28:rdemp_eq_comp_lsb_mux|                                                       ; 8 (8)       ; 0 (0)                     ; 0 (0)         ; 0           ; 0    ; 0            ; 0       ; 0         ; 0    ; 0            ; 1 (1)        ; 0 (0)             ; 7 (7)            ; |ov5640_lcd|sdram_top:u_sdram_top|sdram_fifo_ctrl:u_sdram_fifo_ctrl|rdfifo:u_rdfifo|dcfifo:dcfifo_component|dcfifo_aol1:auto_generated|mux_j28:rdemp_eq_comp_lsb_mux                                                                                                                                                                             ; work         ;
;                   |mux_j28:rdemp_eq_comp_msb_mux|                                                       ; 7 (7)       ; 0 (0)                     ; 0 (0)         ; 0           ; 0    ; 0            ; 0       ; 0         ; 0    ; 0            ; 1 (1)        ; 0 (0)             ; 6 (6)            ; |ov5640_lcd|sdram_top:u_sdram_top|sdram_fifo_ctrl:u_sdram_fifo_ctrl|rdfifo:u_rdfifo|dcfifo:dcfifo_component|dcfifo_aol1:auto_generated|mux_j28:rdemp_eq_comp_msb_mux                                                                                                                                                                             ; work         ;
;                   |mux_j28:wrfull_eq_comp_lsb_mux|                                                      ; 9 (9)       ; 0 (0)                     ; 0 (0)         ; 0           ; 0    ; 0            ; 0       ; 0         ; 0    ; 0            ; 2 (2)        ; 0 (0)             ; 7 (7)            ; |ov5640_lcd|sdram_top:u_sdram_top|sdram_fifo_ctrl:u_sdram_fifo_ctrl|rdfifo:u_rdfifo|dcfifo:dcfifo_component|dcfifo_aol1:auto_generated|mux_j28:wrfull_eq_comp_lsb_mux                                                                                                                                                                            ; work         ;
;                   |mux_j28:wrfull_eq_comp_msb_mux|                                                      ; 7 (7)       ; 0 (0)                     ; 0 (0)         ; 0           ; 0    ; 0            ; 0       ; 0         ; 0    ; 0            ; 0 (0)        ; 0 (0)             ; 7 (7)            ; |ov5640_lcd|sdram_top:u_sdram_top|sdram_fifo_ctrl:u_sdram_fifo_ctrl|rdfifo:u_rdfifo|dcfifo:dcfifo_component|dcfifo_aol1:auto_generated|mux_j28:wrfull_eq_comp_msb_mux                                                                                                                                                                            ; work         ;
;          |wrfifo:u_wrfifo|                                                                              ; 140 (0)     ; 98 (0)                    ; 0 (0)         ; 16384       ; 2    ; 0            ; 0       ; 0         ; 0    ; 0            ; 42 (0)       ; 23 (0)            ; 75 (0)           ; |ov5640_lcd|sdram_top:u_sdram_top|sdram_fifo_ctrl:u_sdram_fifo_ctrl|wrfifo:u_wrfifo                                                                                                                                                                                                                                                              ; work         ;
;             |dcfifo:dcfifo_component|                                                                   ; 140 (0)     ; 98 (0)                    ; 0 (0)         ; 16384       ; 2    ; 0            ; 0       ; 0         ; 0    ; 0            ; 42 (0)       ; 23 (0)            ; 75 (0)           ; |ov5640_lcd|sdram_top:u_sdram_top|sdram_fifo_ctrl:u_sdram_fifo_ctrl|wrfifo:u_wrfifo|dcfifo:dcfifo_component                                                                                                                                                                                                                                      ; work         ;
;                |dcfifo_nnl1:auto_generated|                                                             ; 140 (52)    ; 98 (37)                   ; 0 (0)         ; 16384       ; 2    ; 0            ; 0       ; 0         ; 0    ; 0            ; 42 (15)      ; 23 (12)           ; 75 (3)           ; |ov5640_lcd|sdram_top:u_sdram_top|sdram_fifo_ctrl:u_sdram_fifo_ctrl|wrfifo:u_wrfifo|dcfifo:dcfifo_component|dcfifo_nnl1:auto_generated                                                                                                                                                                                                           ; work         ;
;                   |a_gray2bin_7ib:rdptr_g_gray2bin|                                                     ; 10 (10)     ; 0 (0)                     ; 0 (0)         ; 0           ; 0    ; 0            ; 0       ; 0         ; 0    ; 0            ; 0 (0)        ; 0 (0)             ; 10 (10)          ; |ov5640_lcd|sdram_top:u_sdram_top|sdram_fifo_ctrl:u_sdram_fifo_ctrl|wrfifo:u_wrfifo|dcfifo:dcfifo_component|dcfifo_nnl1:auto_generated|a_gray2bin_7ib:rdptr_g_gray2bin                                                                                                                                                                           ; work         ;
;                   |a_gray2bin_7ib:rs_dgwp_gray2bin|                                                     ; 10 (10)     ; 0 (0)                     ; 0 (0)         ; 0           ; 0    ; 0            ; 0       ; 0         ; 0    ; 0            ; 0 (0)        ; 0 (0)             ; 10 (10)          ; |ov5640_lcd|sdram_top:u_sdram_top|sdram_fifo_ctrl:u_sdram_fifo_ctrl|wrfifo:u_wrfifo|dcfifo:dcfifo_component|dcfifo_nnl1:auto_generated|a_gray2bin_7ib:rs_dgwp_gray2bin                                                                                                                                                                           ; work         ;
;                   |a_graycounter_2lc:wrptr_g1p|                                                         ; 25 (25)     ; 15 (15)                   ; 0 (0)         ; 0           ; 0    ; 0            ; 0       ; 0         ; 0    ; 0            ; 10 (10)      ; 0 (0)             ; 15 (15)          ; |ov5640_lcd|sdram_top:u_sdram_top|sdram_fifo_ctrl:u_sdram_fifo_ctrl|wrfifo:u_wrfifo|dcfifo:dcfifo_component|dcfifo_nnl1:auto_generated|a_graycounter_2lc:wrptr_g1p                                                                                                                                                                               ; work         ;
;                   |a_graycounter_677:rdptr_g1p|                                                         ; 22 (22)     ; 15 (15)                   ; 0 (0)         ; 0           ; 0    ; 0            ; 0       ; 0         ; 0    ; 0            ; 7 (7)        ; 0 (0)             ; 15 (15)          ; |ov5640_lcd|sdram_top:u_sdram_top|sdram_fifo_ctrl:u_sdram_fifo_ctrl|wrfifo:u_wrfifo|dcfifo:dcfifo_component|dcfifo_nnl1:auto_generated|a_graycounter_677:rdptr_g1p                                                                                                                                                                               ; work         ;
;                   |alt_synch_pipe_vd8:rs_dgwp|                                                          ; 11 (0)      ; 11 (0)                    ; 0 (0)         ; 0           ; 0    ; 0            ; 0       ; 0         ; 0    ; 0            ; 0 (0)        ; 11 (0)            ; 0 (0)            ; |ov5640_lcd|sdram_top:u_sdram_top|sdram_fifo_ctrl:u_sdram_fifo_ctrl|wrfifo:u_wrfifo|dcfifo:dcfifo_component|dcfifo_nnl1:auto_generated|alt_synch_pipe_vd8:rs_dgwp                                                                                                                                                                                ; work         ;
;                      |dffpipe_qe9:dffpipe11|                                                            ; 11 (11)     ; 11 (11)                   ; 0 (0)         ; 0           ; 0    ; 0            ; 0       ; 0         ; 0    ; 0            ; 0 (0)        ; 11 (11)           ; 0 (0)            ; |ov5640_lcd|sdram_top:u_sdram_top|sdram_fifo_ctrl:u_sdram_fifo_ctrl|wrfifo:u_wrfifo|dcfifo:dcfifo_component|dcfifo_nnl1:auto_generated|alt_synch_pipe_vd8:rs_dgwp|dffpipe_qe9:dffpipe11                                                                                                                                                          ; work         ;
;                   |altsyncram_em31:fifo_ram|                                                            ; 0 (0)       ; 0 (0)                     ; 0 (0)         ; 16384       ; 2    ; 0            ; 0       ; 0         ; 0    ; 0            ; 0 (0)        ; 0 (0)             ; 0 (0)            ; |ov5640_lcd|sdram_top:u_sdram_top|sdram_fifo_ctrl:u_sdram_fifo_ctrl|wrfifo:u_wrfifo|dcfifo:dcfifo_component|dcfifo_nnl1:auto_generated|altsyncram_em31:fifo_ram                                                                                                                                                                                  ; work         ;
;                   |dffpipe_pe9:rs_brp|                                                                  ; 10 (10)     ; 10 (10)                   ; 0 (0)         ; 0           ; 0    ; 0            ; 0       ; 0         ; 0    ; 0            ; 0 (0)        ; 0 (0)             ; 10 (10)          ; |ov5640_lcd|sdram_top:u_sdram_top|sdram_fifo_ctrl:u_sdram_fifo_ctrl|wrfifo:u_wrfifo|dcfifo:dcfifo_component|dcfifo_nnl1:auto_generated|dffpipe_pe9:rs_brp                                                                                                                                                                                        ; work         ;
;                   |dffpipe_pe9:rs_bwp|                                                                  ; 10 (10)     ; 10 (10)                   ; 0 (0)         ; 0           ; 0    ; 0            ; 0       ; 0         ; 0    ; 0            ; 0 (0)        ; 0 (0)             ; 10 (10)          ; |ov5640_lcd|sdram_top:u_sdram_top|sdram_fifo_ctrl:u_sdram_fifo_ctrl|wrfifo:u_wrfifo|dcfifo:dcfifo_component|dcfifo_nnl1:auto_generated|dffpipe_pe9:rs_bwp                                                                                                                                                                                        ; work         ;
;                   |mux_j28:rdemp_eq_comp_lsb_mux|                                                       ; 9 (9)       ; 0 (0)                     ; 0 (0)         ; 0           ; 0    ; 0            ; 0       ; 0         ; 0    ; 0            ; 2 (2)        ; 0 (0)             ; 7 (7)            ; |ov5640_lcd|sdram_top:u_sdram_top|sdram_fifo_ctrl:u_sdram_fifo_ctrl|wrfifo:u_wrfifo|dcfifo:dcfifo_component|dcfifo_nnl1:auto_generated|mux_j28:rdemp_eq_comp_lsb_mux                                                                                                                                                                             ; work         ;
;                   |mux_j28:rdemp_eq_comp_msb_mux|                                                       ; 7 (7)       ; 0 (0)                     ; 0 (0)         ; 0           ; 0    ; 0            ; 0       ; 0         ; 0    ; 0            ; 0 (0)        ; 0 (0)             ; 7 (7)            ; |ov5640_lcd|sdram_top:u_sdram_top|sdram_fifo_ctrl:u_sdram_fifo_ctrl|wrfifo:u_wrfifo|dcfifo:dcfifo_component|dcfifo_nnl1:auto_generated|mux_j28:rdemp_eq_comp_msb_mux                                                                                                                                                                             ; work         ;
;                   |mux_j28:wrfull_eq_comp_lsb_mux|                                                      ; 9 (9)       ; 0 (0)                     ; 0 (0)         ; 0           ; 0    ; 0            ; 0       ; 0         ; 0    ; 0            ; 5 (5)        ; 0 (0)             ; 4 (4)            ; |ov5640_lcd|sdram_top:u_sdram_top|sdram_fifo_ctrl:u_sdram_fifo_ctrl|wrfifo:u_wrfifo|dcfifo:dcfifo_component|dcfifo_nnl1:auto_generated|mux_j28:wrfull_eq_comp_lsb_mux                                                                                                                                                                            ; work         ;
;                   |mux_j28:wrfull_eq_comp_msb_mux|                                                      ; 7 (7)       ; 0 (0)                     ; 0 (0)         ; 0           ; 0    ; 0            ; 0       ; 0         ; 0    ; 0            ; 3 (3)        ; 0 (0)             ; 4 (4)            ; |ov5640_lcd|sdram_top:u_sdram_top|sdram_fifo_ctrl:u_sdram_fifo_ctrl|wrfifo:u_wrfifo|dcfifo:dcfifo_component|dcfifo_nnl1:auto_generated|mux_j28:wrfull_eq_comp_msb_mux                                                                                                                                                                            ; work         ;
;    |sld_hub:auto_hub|                                                                                   ; 143 (1)     ; 86 (0)                    ; 0 (0)         ; 0           ; 0    ; 0            ; 0       ; 0         ; 0    ; 0            ; 57 (1)       ; 22 (0)            ; 64 (0)           ; |ov5640_lcd|sld_hub:auto_hub                                                                                                                                                                                                                                                                                                                     ; work         ;
;       |sld_jtag_hub:\jtag_hub_gen:sld_jtag_hub_inst|                                                    ; 142 (101)   ; 86 (58)                   ; 0 (0)         ; 0           ; 0    ; 0            ; 0       ; 0         ; 0    ; 0            ; 56 (43)      ; 22 (22)           ; 64 (39)          ; |ov5640_lcd|sld_hub:auto_hub|sld_jtag_hub:\jtag_hub_gen:sld_jtag_hub_inst                                                                                                                                                                                                                                                                        ; work         ;
;          |sld_rom_sr:hub_info_reg|                                                                      ; 21 (21)     ; 9 (9)                     ; 0 (0)         ; 0           ; 0    ; 0            ; 0       ; 0         ; 0    ; 0            ; 12 (12)      ; 0 (0)             ; 9 (9)            ; |ov5640_lcd|sld_hub:auto_hub|sld_jtag_hub:\jtag_hub_gen:sld_jtag_hub_inst|sld_rom_sr:hub_info_reg                                                                                                                                                                                                                                                ; work         ;
;          |sld_shadow_jsm:shadow_jsm|                                                                    ; 20 (20)     ; 19 (19)                   ; 0 (0)         ; 0           ; 0    ; 0            ; 0       ; 0         ; 0    ; 0            ; 1 (1)        ; 0 (0)             ; 19 (19)          ; |ov5640_lcd|sld_hub:auto_hub|sld_jtag_hub:\jtag_hub_gen:sld_jtag_hub_inst|sld_shadow_jsm:shadow_jsm                                                                                                                                                                                                                                              ; work         ;
;    |sld_signaltap:auto_signaltap_0|                                                                     ; 942 (95)    ; 853 (94)                  ; 0 (0)         ; 96256       ; 12   ; 0            ; 0       ; 0         ; 0    ; 0            ; 89 (1)       ; 529 (47)          ; 324 (0)          ; |ov5640_lcd|sld_signaltap:auto_signaltap_0                                                                                                                                                                                                                                                                                                       ; work         ;
;       |sld_signaltap_impl:sld_signaltap_body|                                                           ; 894 (0)     ; 759 (0)                   ; 0 (0)         ; 96256       ; 12   ; 0            ; 0       ; 0         ; 0    ; 0            ; 88 (0)       ; 482 (0)           ; 324 (0)          ; |ov5640_lcd|sld_signaltap:auto_signaltap_0|sld_signaltap_impl:sld_signaltap_body                                                                                                                                                                                                                                                                 ; work         ;
;          |sld_signaltap_implb:sld_signaltap_body|                                                       ; 894 (231)   ; 759 (222)                 ; 0 (0)         ; 96256       ; 12   ; 0            ; 0       ; 0         ; 0    ; 0            ; 88 (9)       ; 482 (213)         ; 324 (11)         ; |ov5640_lcd|sld_signaltap:auto_signaltap_0|sld_signaltap_impl:sld_signaltap_body|sld_signaltap_implb:sld_signaltap_body                                                                                                                                                                                                                          ; work         ;
;             |altdpram:\stp_non_zero_ram_gen:attribute_mem_gen:attribute_mem|                            ; 72 (70)     ; 70 (70)                   ; 0 (0)         ; 0           ; 0    ; 0            ; 0       ; 0         ; 0    ; 0            ; 1 (0)        ; 47 (47)           ; 24 (0)           ; |ov5640_lcd|sld_signaltap:auto_signaltap_0|sld_signaltap_impl:sld_signaltap_body|sld_signaltap_implb:sld_signaltap_body|altdpram:\stp_non_zero_ram_gen:attribute_mem_gen:attribute_mem                                                                                                                                                           ; work         ;
;                |lpm_decode:wdecoder|                                                                    ; 2 (0)       ; 0 (0)                     ; 0 (0)         ; 0           ; 0    ; 0            ; 0       ; 0         ; 0    ; 0            ; 1 (0)        ; 0 (0)             ; 1 (0)            ; |ov5640_lcd|sld_signaltap:auto_signaltap_0|sld_signaltap_impl:sld_signaltap_body|sld_signaltap_implb:sld_signaltap_body|altdpram:\stp_non_zero_ram_gen:attribute_mem_gen:attribute_mem|lpm_decode:wdecoder                                                                                                                                       ; work         ;
;                   |decode_dvf:auto_generated|                                                           ; 2 (2)       ; 0 (0)                     ; 0 (0)         ; 0           ; 0    ; 0            ; 0       ; 0         ; 0    ; 0            ; 1 (1)        ; 0 (0)             ; 1 (1)            ; |ov5640_lcd|sld_signaltap:auto_signaltap_0|sld_signaltap_impl:sld_signaltap_body|sld_signaltap_implb:sld_signaltap_body|altdpram:\stp_non_zero_ram_gen:attribute_mem_gen:attribute_mem|lpm_decode:wdecoder|decode_dvf:auto_generated                                                                                                             ; work         ;
;                |lpm_mux:mux|                                                                            ; 23 (0)      ; 0 (0)                     ; 0 (0)         ; 0           ; 0    ; 0            ; 0       ; 0         ; 0    ; 0            ; 0 (0)        ; 0 (0)             ; 23 (0)           ; |ov5640_lcd|sld_signaltap:auto_signaltap_0|sld_signaltap_impl:sld_signaltap_body|sld_signaltap_implb:sld_signaltap_body|altdpram:\stp_non_zero_ram_gen:attribute_mem_gen:attribute_mem|lpm_mux:mux                                                                                                                                               ; work         ;
;                   |mux_rsc:auto_generated|                                                              ; 23 (23)     ; 0 (0)                     ; 0 (0)         ; 0           ; 0    ; 0            ; 0       ; 0         ; 0    ; 0            ; 0 (0)        ; 0 (0)             ; 23 (23)          ; |ov5640_lcd|sld_signaltap:auto_signaltap_0|sld_signaltap_impl:sld_signaltap_body|sld_signaltap_implb:sld_signaltap_body|altdpram:\stp_non_zero_ram_gen:attribute_mem_gen:attribute_mem|lpm_mux:mux|mux_rsc:auto_generated                                                                                                                        ; work         ;
;             |altsyncram:\stp_non_zero_ram_gen:stp_buffer_ram|                                           ; 0 (0)       ; 0 (0)                     ; 0 (0)         ; 96256       ; 12   ; 0            ; 0       ; 0         ; 0    ; 0            ; 0 (0)        ; 0 (0)             ; 0 (0)            ; |ov5640_lcd|sld_signaltap:auto_signaltap_0|sld_signaltap_impl:sld_signaltap_body|sld_signaltap_implb:sld_signaltap_body|altsyncram:\stp_non_zero_ram_gen:stp_buffer_ram                                                                                                                                                                          ; work         ;
;                |altsyncram_d124:auto_generated|                                                         ; 0 (0)       ; 0 (0)                     ; 0 (0)         ; 96256       ; 12   ; 0            ; 0       ; 0         ; 0    ; 0            ; 0 (0)        ; 0 (0)             ; 0 (0)            ; |ov5640_lcd|sld_signaltap:auto_signaltap_0|sld_signaltap_impl:sld_signaltap_body|sld_signaltap_implb:sld_signaltap_body|altsyncram:\stp_non_zero_ram_gen:stp_buffer_ram|altsyncram_d124:auto_generated                                                                                                                                           ; work         ;
;             |lpm_shiftreg:segment_offset_config_deserialize|                                            ; 11 (11)     ; 11 (11)                   ; 0 (0)         ; 0           ; 0    ; 0            ; 0       ; 0         ; 0    ; 0            ; 0 (0)        ; 10 (10)           ; 1 (1)            ; |ov5640_lcd|sld_signaltap:auto_signaltap_0|sld_signaltap_impl:sld_signaltap_body|sld_signaltap_implb:sld_signaltap_body|lpm_shiftreg:segment_offset_config_deserialize                                                                                                                                                                           ; work         ;
;             |lpm_shiftreg:status_register|                                                              ; 17 (17)     ; 17 (17)                   ; 0 (0)         ; 0           ; 0    ; 0            ; 0       ; 0         ; 0    ; 0            ; 0 (0)        ; 0 (0)             ; 17 (17)          ; |ov5640_lcd|sld_signaltap:auto_signaltap_0|sld_signaltap_impl:sld_signaltap_body|sld_signaltap_implb:sld_signaltap_body|lpm_shiftreg:status_register                                                                                                                                                                                             ; work         ;
;             |sld_buffer_manager:sld_buffer_manager_inst|                                                ; 100 (100)   ; 64 (64)                   ; 0 (0)         ; 0           ; 0    ; 0            ; 0       ; 0         ; 0    ; 0            ; 36 (36)      ; 11 (11)           ; 53 (53)          ; |ov5640_lcd|sld_signaltap:auto_signaltap_0|sld_signaltap_impl:sld_signaltap_body|sld_signaltap_implb:sld_signaltap_body|sld_buffer_manager:sld_buffer_manager_inst                                                                                                                                                                               ; work         ;
;             |sld_ela_control:ela_control|                                                               ; 313 (1)     ; 251 (1)                   ; 0 (0)         ; 0           ; 0    ; 0            ; 0       ; 0         ; 0    ; 0            ; 15 (0)       ; 201 (0)           ; 97 (1)           ; |ov5640_lcd|sld_signaltap:auto_signaltap_0|sld_signaltap_impl:sld_signaltap_body|sld_signaltap_implb:sld_signaltap_body|sld_ela_control:ela_control                                                                                                                                                                                              ; work         ;
;                |lpm_shiftreg:trigger_config_deserialize|                                                ; 4 (4)       ; 4 (4)                     ; 0 (0)         ; 0           ; 0    ; 0            ; 0       ; 0         ; 0    ; 0            ; 0 (0)        ; 4 (4)             ; 0 (0)            ; |ov5640_lcd|sld_signaltap:auto_signaltap_0|sld_signaltap_impl:sld_signaltap_body|sld_signaltap_implb:sld_signaltap_body|sld_ela_control:ela_control|lpm_shiftreg:trigger_config_deserialize                                                                                                                                                      ; work         ;
;                |sld_ela_basic_multi_level_trigger:\basic_multi_level_mbpm_trigger_gen:multi_level_mbpm| ; 282 (0)     ; 235 (0)                   ; 0 (0)         ; 0           ; 0    ; 0            ; 0       ; 0         ; 0    ; 0            ; 0 (0)        ; 188 (0)           ; 94 (0)           ; |ov5640_lcd|sld_signaltap:auto_signaltap_0|sld_signaltap_impl:sld_signaltap_body|sld_signaltap_implb:sld_signaltap_body|sld_ela_control:ela_control|sld_ela_basic_multi_level_trigger:\basic_multi_level_mbpm_trigger_gen:multi_level_mbpm                                                                                                       ; work         ;
;                   |lpm_shiftreg:trigger_condition_deserialize|                                          ; 141 (141)   ; 141 (141)                 ; 0 (0)         ; 0           ; 0    ; 0            ; 0       ; 0         ; 0    ; 0            ; 0 (0)        ; 141 (141)         ; 0 (0)            ; |ov5640_lcd|sld_signaltap:auto_signaltap_0|sld_signaltap_impl:sld_signaltap_body|sld_signaltap_implb:sld_signaltap_body|sld_ela_control:ela_control|sld_ela_basic_multi_level_trigger:\basic_multi_level_mbpm_trigger_gen:multi_level_mbpm|lpm_shiftreg:trigger_condition_deserialize                                                            ; work         ;
;                   |sld_mbpmg:\trigger_modules_gen:0:trigger_match|                                      ; 141 (0)     ; 94 (0)                    ; 0 (0)         ; 0           ; 0    ; 0            ; 0       ; 0         ; 0    ; 0            ; 0 (0)        ; 47 (0)            ; 94 (0)           ; |ov5640_lcd|sld_signaltap:auto_signaltap_0|sld_signaltap_impl:sld_signaltap_body|sld_signaltap_implb:sld_signaltap_body|sld_ela_control:ela_control|sld_ela_basic_multi_level_trigger:\basic_multi_level_mbpm_trigger_gen:multi_level_mbpm|sld_mbpmg:\trigger_modules_gen:0:trigger_match                                                        ; work         ;
;                      |sld_sbpmg:\gen_sbpmg_pipeline_less_than_two:sm0:0:sm1|                            ; 3 (3)       ; 2 (2)                     ; 0 (0)         ; 0           ; 0    ; 0            ; 0       ; 0         ; 0    ; 0            ; 0 (0)        ; 1 (1)             ; 2 (2)            ; |ov5640_lcd|sld_signaltap:auto_signaltap_0|sld_signaltap_impl:sld_signaltap_body|sld_signaltap_implb:sld_signaltap_body|sld_ela_control:ela_control|sld_ela_basic_multi_level_trigger:\basic_multi_level_mbpm_trigger_gen:multi_level_mbpm|sld_mbpmg:\trigger_modules_gen:0:trigger_match|sld_sbpmg:\gen_sbpmg_pipeline_less_than_two:sm0:0:sm1  ; work         ;
;                      |sld_sbpmg:\gen_sbpmg_pipeline_less_than_two:sm0:10:sm1|                           ; 3 (3)       ; 2 (2)                     ; 0 (0)         ; 0           ; 0    ; 0            ; 0       ; 0         ; 0    ; 0            ; 0 (0)        ; 1 (1)             ; 2 (2)            ; |ov5640_lcd|sld_signaltap:auto_signaltap_0|sld_signaltap_impl:sld_signaltap_body|sld_signaltap_implb:sld_signaltap_body|sld_ela_control:ela_control|sld_ela_basic_multi_level_trigger:\basic_multi_level_mbpm_trigger_gen:multi_level_mbpm|sld_mbpmg:\trigger_modules_gen:0:trigger_match|sld_sbpmg:\gen_sbpmg_pipeline_less_than_two:sm0:10:sm1 ; work         ;
;                      |sld_sbpmg:\gen_sbpmg_pipeline_less_than_two:sm0:11:sm1|                           ; 3 (3)       ; 2 (2)                     ; 0 (0)         ; 0           ; 0    ; 0            ; 0       ; 0         ; 0    ; 0            ; 0 (0)        ; 1 (1)             ; 2 (2)            ; |ov5640_lcd|sld_signaltap:auto_signaltap_0|sld_signaltap_impl:sld_signaltap_body|sld_signaltap_implb:sld_signaltap_body|sld_ela_control:ela_control|sld_ela_basic_multi_level_trigger:\basic_multi_level_mbpm_trigger_gen:multi_level_mbpm|sld_mbpmg:\trigger_modules_gen:0:trigger_match|sld_sbpmg:\gen_sbpmg_pipeline_less_than_two:sm0:11:sm1 ; work         ;
;                      |sld_sbpmg:\gen_sbpmg_pipeline_less_than_two:sm0:12:sm1|                           ; 3 (3)       ; 2 (2)                     ; 0 (0)         ; 0           ; 0    ; 0            ; 0       ; 0         ; 0    ; 0            ; 0 (0)        ; 1 (1)             ; 2 (2)            ; |ov5640_lcd|sld_signaltap:auto_signaltap_0|sld_signaltap_impl:sld_signaltap_body|sld_signaltap_implb:sld_signaltap_body|sld_ela_control:ela_control|sld_ela_basic_multi_level_trigger:\basic_multi_level_mbpm_trigger_gen:multi_level_mbpm|sld_mbpmg:\trigger_modules_gen:0:trigger_match|sld_sbpmg:\gen_sbpmg_pipeline_less_than_two:sm0:12:sm1 ; work         ;
;                      |sld_sbpmg:\gen_sbpmg_pipeline_less_than_two:sm0:13:sm1|                           ; 3 (3)       ; 2 (2)                     ; 0 (0)         ; 0           ; 0    ; 0            ; 0       ; 0         ; 0    ; 0            ; 0 (0)        ; 1 (1)             ; 2 (2)            ; |ov5640_lcd|sld_signaltap:auto_signaltap_0|sld_signaltap_impl:sld_signaltap_body|sld_signaltap_implb:sld_signaltap_body|sld_ela_control:ela_control|sld_ela_basic_multi_level_trigger:\basic_multi_level_mbpm_trigger_gen:multi_level_mbpm|sld_mbpmg:\trigger_modules_gen:0:trigger_match|sld_sbpmg:\gen_sbpmg_pipeline_less_than_two:sm0:13:sm1 ; work         ;
;                      |sld_sbpmg:\gen_sbpmg_pipeline_less_than_two:sm0:14:sm1|                           ; 3 (3)       ; 2 (2)                     ; 0 (0)         ; 0           ; 0    ; 0            ; 0       ; 0         ; 0    ; 0            ; 0 (0)        ; 1 (1)             ; 2 (2)            ; |ov5640_lcd|sld_signaltap:auto_signaltap_0|sld_signaltap_impl:sld_signaltap_body|sld_signaltap_implb:sld_signaltap_body|sld_ela_control:ela_control|sld_ela_basic_multi_level_trigger:\basic_multi_level_mbpm_trigger_gen:multi_level_mbpm|sld_mbpmg:\trigger_modules_gen:0:trigger_match|sld_sbpmg:\gen_sbpmg_pipeline_less_than_two:sm0:14:sm1 ; work         ;
;                      |sld_sbpmg:\gen_sbpmg_pipeline_less_than_two:sm0:15:sm1|                           ; 3 (3)       ; 2 (2)                     ; 0 (0)         ; 0           ; 0    ; 0            ; 0       ; 0         ; 0    ; 0            ; 0 (0)        ; 1 (1)             ; 2 (2)            ; |ov5640_lcd|sld_signaltap:auto_signaltap_0|sld_signaltap_impl:sld_signaltap_body|sld_signaltap_implb:sld_signaltap_body|sld_ela_control:ela_control|sld_ela_basic_multi_level_trigger:\basic_multi_level_mbpm_trigger_gen:multi_level_mbpm|sld_mbpmg:\trigger_modules_gen:0:trigger_match|sld_sbpmg:\gen_sbpmg_pipeline_less_than_two:sm0:15:sm1 ; work         ;
;                      |sld_sbpmg:\gen_sbpmg_pipeline_less_than_two:sm0:16:sm1|                           ; 3 (3)       ; 2 (2)                     ; 0 (0)         ; 0           ; 0    ; 0            ; 0       ; 0         ; 0    ; 0            ; 0 (0)        ; 1 (1)             ; 2 (2)            ; |ov5640_lcd|sld_signaltap:auto_signaltap_0|sld_signaltap_impl:sld_signaltap_body|sld_signaltap_implb:sld_signaltap_body|sld_ela_control:ela_control|sld_ela_basic_multi_level_trigger:\basic_multi_level_mbpm_trigger_gen:multi_level_mbpm|sld_mbpmg:\trigger_modules_gen:0:trigger_match|sld_sbpmg:\gen_sbpmg_pipeline_less_than_two:sm0:16:sm1 ; work         ;
;                      |sld_sbpmg:\gen_sbpmg_pipeline_less_than_two:sm0:17:sm1|                           ; 3 (3)       ; 2 (2)                     ; 0 (0)         ; 0           ; 0    ; 0            ; 0       ; 0         ; 0    ; 0            ; 0 (0)        ; 1 (1)             ; 2 (2)            ; |ov5640_lcd|sld_signaltap:auto_signaltap_0|sld_signaltap_impl:sld_signaltap_body|sld_signaltap_implb:sld_signaltap_body|sld_ela_control:ela_control|sld_ela_basic_multi_level_trigger:\basic_multi_level_mbpm_trigger_gen:multi_level_mbpm|sld_mbpmg:\trigger_modules_gen:0:trigger_match|sld_sbpmg:\gen_sbpmg_pipeline_less_than_two:sm0:17:sm1 ; work         ;
;                      |sld_sbpmg:\gen_sbpmg_pipeline_less_than_two:sm0:18:sm1|                           ; 3 (3)       ; 2 (2)                     ; 0 (0)         ; 0           ; 0    ; 0            ; 0       ; 0         ; 0    ; 0            ; 0 (0)        ; 1 (1)             ; 2 (2)            ; |ov5640_lcd|sld_signaltap:auto_signaltap_0|sld_signaltap_impl:sld_signaltap_body|sld_signaltap_implb:sld_signaltap_body|sld_ela_control:ela_control|sld_ela_basic_multi_level_trigger:\basic_multi_level_mbpm_trigger_gen:multi_level_mbpm|sld_mbpmg:\trigger_modules_gen:0:trigger_match|sld_sbpmg:\gen_sbpmg_pipeline_less_than_two:sm0:18:sm1 ; work         ;
;                      |sld_sbpmg:\gen_sbpmg_pipeline_less_than_two:sm0:19:sm1|                           ; 3 (3)       ; 2 (2)                     ; 0 (0)         ; 0           ; 0    ; 0            ; 0       ; 0         ; 0    ; 0            ; 0 (0)        ; 1 (1)             ; 2 (2)            ; |ov5640_lcd|sld_signaltap:auto_signaltap_0|sld_signaltap_impl:sld_signaltap_body|sld_signaltap_implb:sld_signaltap_body|sld_ela_control:ela_control|sld_ela_basic_multi_level_trigger:\basic_multi_level_mbpm_trigger_gen:multi_level_mbpm|sld_mbpmg:\trigger_modules_gen:0:trigger_match|sld_sbpmg:\gen_sbpmg_pipeline_less_than_two:sm0:19:sm1 ; work         ;
;                      |sld_sbpmg:\gen_sbpmg_pipeline_less_than_two:sm0:1:sm1|                            ; 3 (3)       ; 2 (2)                     ; 0 (0)         ; 0           ; 0    ; 0            ; 0       ; 0         ; 0    ; 0            ; 0 (0)        ; 1 (1)             ; 2 (2)            ; |ov5640_lcd|sld_signaltap:auto_signaltap_0|sld_signaltap_impl:sld_signaltap_body|sld_signaltap_implb:sld_signaltap_body|sld_ela_control:ela_control|sld_ela_basic_multi_level_trigger:\basic_multi_level_mbpm_trigger_gen:multi_level_mbpm|sld_mbpmg:\trigger_modules_gen:0:trigger_match|sld_sbpmg:\gen_sbpmg_pipeline_less_than_two:sm0:1:sm1  ; work         ;
;                      |sld_sbpmg:\gen_sbpmg_pipeline_less_than_two:sm0:20:sm1|                           ; 3 (3)       ; 2 (2)                     ; 0 (0)         ; 0           ; 0    ; 0            ; 0       ; 0         ; 0    ; 0            ; 0 (0)        ; 1 (1)             ; 2 (2)            ; |ov5640_lcd|sld_signaltap:auto_signaltap_0|sld_signaltap_impl:sld_signaltap_body|sld_signaltap_implb:sld_signaltap_body|sld_ela_control:ela_control|sld_ela_basic_multi_level_trigger:\basic_multi_level_mbpm_trigger_gen:multi_level_mbpm|sld_mbpmg:\trigger_modules_gen:0:trigger_match|sld_sbpmg:\gen_sbpmg_pipeline_less_than_two:sm0:20:sm1 ; work         ;
;                      |sld_sbpmg:\gen_sbpmg_pipeline_less_than_two:sm0:21:sm1|                           ; 3 (3)       ; 2 (2)                     ; 0 (0)         ; 0           ; 0    ; 0            ; 0       ; 0         ; 0    ; 0            ; 0 (0)        ; 1 (1)             ; 2 (2)            ; |ov5640_lcd|sld_signaltap:auto_signaltap_0|sld_signaltap_impl:sld_signaltap_body|sld_signaltap_implb:sld_signaltap_body|sld_ela_control:ela_control|sld_ela_basic_multi_level_trigger:\basic_multi_level_mbpm_trigger_gen:multi_level_mbpm|sld_mbpmg:\trigger_modules_gen:0:trigger_match|sld_sbpmg:\gen_sbpmg_pipeline_less_than_two:sm0:21:sm1 ; work         ;
;                      |sld_sbpmg:\gen_sbpmg_pipeline_less_than_two:sm0:22:sm1|                           ; 3 (3)       ; 2 (2)                     ; 0 (0)         ; 0           ; 0    ; 0            ; 0       ; 0         ; 0    ; 0            ; 0 (0)        ; 1 (1)             ; 2 (2)            ; |ov5640_lcd|sld_signaltap:auto_signaltap_0|sld_signaltap_impl:sld_signaltap_body|sld_signaltap_implb:sld_signaltap_body|sld_ela_control:ela_control|sld_ela_basic_multi_level_trigger:\basic_multi_level_mbpm_trigger_gen:multi_level_mbpm|sld_mbpmg:\trigger_modules_gen:0:trigger_match|sld_sbpmg:\gen_sbpmg_pipeline_less_than_two:sm0:22:sm1 ; work         ;
;                      |sld_sbpmg:\gen_sbpmg_pipeline_less_than_two:sm0:23:sm1|                           ; 3 (3)       ; 2 (2)                     ; 0 (0)         ; 0           ; 0    ; 0            ; 0       ; 0         ; 0    ; 0            ; 0 (0)        ; 1 (1)             ; 2 (2)            ; |ov5640_lcd|sld_signaltap:auto_signaltap_0|sld_signaltap_impl:sld_signaltap_body|sld_signaltap_implb:sld_signaltap_body|sld_ela_control:ela_control|sld_ela_basic_multi_level_trigger:\basic_multi_level_mbpm_trigger_gen:multi_level_mbpm|sld_mbpmg:\trigger_modules_gen:0:trigger_match|sld_sbpmg:\gen_sbpmg_pipeline_less_than_two:sm0:23:sm1 ; work         ;
;                      |sld_sbpmg:\gen_sbpmg_pipeline_less_than_two:sm0:24:sm1|                           ; 3 (3)       ; 2 (2)                     ; 0 (0)         ; 0           ; 0    ; 0            ; 0       ; 0         ; 0    ; 0            ; 0 (0)        ; 1 (1)             ; 2 (2)            ; |ov5640_lcd|sld_signaltap:auto_signaltap_0|sld_signaltap_impl:sld_signaltap_body|sld_signaltap_implb:sld_signaltap_body|sld_ela_control:ela_control|sld_ela_basic_multi_level_trigger:\basic_multi_level_mbpm_trigger_gen:multi_level_mbpm|sld_mbpmg:\trigger_modules_gen:0:trigger_match|sld_sbpmg:\gen_sbpmg_pipeline_less_than_two:sm0:24:sm1 ; work         ;
;                      |sld_sbpmg:\gen_sbpmg_pipeline_less_than_two:sm0:25:sm1|                           ; 3 (3)       ; 2 (2)                     ; 0 (0)         ; 0           ; 0    ; 0            ; 0       ; 0         ; 0    ; 0            ; 0 (0)        ; 1 (1)             ; 2 (2)            ; |ov5640_lcd|sld_signaltap:auto_signaltap_0|sld_signaltap_impl:sld_signaltap_body|sld_signaltap_implb:sld_signaltap_body|sld_ela_control:ela_control|sld_ela_basic_multi_level_trigger:\basic_multi_level_mbpm_trigger_gen:multi_level_mbpm|sld_mbpmg:\trigger_modules_gen:0:trigger_match|sld_sbpmg:\gen_sbpmg_pipeline_less_than_two:sm0:25:sm1 ; work         ;
;                      |sld_sbpmg:\gen_sbpmg_pipeline_less_than_two:sm0:26:sm1|                           ; 3 (3)       ; 2 (2)                     ; 0 (0)         ; 0           ; 0    ; 0            ; 0       ; 0         ; 0    ; 0            ; 0 (0)        ; 1 (1)             ; 2 (2)            ; |ov5640_lcd|sld_signaltap:auto_signaltap_0|sld_signaltap_impl:sld_signaltap_body|sld_signaltap_implb:sld_signaltap_body|sld_ela_control:ela_control|sld_ela_basic_multi_level_trigger:\basic_multi_level_mbpm_trigger_gen:multi_level_mbpm|sld_mbpmg:\trigger_modules_gen:0:trigger_match|sld_sbpmg:\gen_sbpmg_pipeline_less_than_two:sm0:26:sm1 ; work         ;
;                      |sld_sbpmg:\gen_sbpmg_pipeline_less_than_two:sm0:27:sm1|                           ; 3 (3)       ; 2 (2)                     ; 0 (0)         ; 0           ; 0    ; 0            ; 0       ; 0         ; 0    ; 0            ; 0 (0)        ; 1 (1)             ; 2 (2)            ; |ov5640_lcd|sld_signaltap:auto_signaltap_0|sld_signaltap_impl:sld_signaltap_body|sld_signaltap_implb:sld_signaltap_body|sld_ela_control:ela_control|sld_ela_basic_multi_level_trigger:\basic_multi_level_mbpm_trigger_gen:multi_level_mbpm|sld_mbpmg:\trigger_modules_gen:0:trigger_match|sld_sbpmg:\gen_sbpmg_pipeline_less_than_two:sm0:27:sm1 ; work         ;
;                      |sld_sbpmg:\gen_sbpmg_pipeline_less_than_two:sm0:28:sm1|                           ; 3 (3)       ; 2 (2)                     ; 0 (0)         ; 0           ; 0    ; 0            ; 0       ; 0         ; 0    ; 0            ; 0 (0)        ; 1 (1)             ; 2 (2)            ; |ov5640_lcd|sld_signaltap:auto_signaltap_0|sld_signaltap_impl:sld_signaltap_body|sld_signaltap_implb:sld_signaltap_body|sld_ela_control:ela_control|sld_ela_basic_multi_level_trigger:\basic_multi_level_mbpm_trigger_gen:multi_level_mbpm|sld_mbpmg:\trigger_modules_gen:0:trigger_match|sld_sbpmg:\gen_sbpmg_pipeline_less_than_two:sm0:28:sm1 ; work         ;
;                      |sld_sbpmg:\gen_sbpmg_pipeline_less_than_two:sm0:29:sm1|                           ; 3 (3)       ; 2 (2)                     ; 0 (0)         ; 0           ; 0    ; 0            ; 0       ; 0         ; 0    ; 0            ; 0 (0)        ; 1 (1)             ; 2 (2)            ; |ov5640_lcd|sld_signaltap:auto_signaltap_0|sld_signaltap_impl:sld_signaltap_body|sld_signaltap_implb:sld_signaltap_body|sld_ela_control:ela_control|sld_ela_basic_multi_level_trigger:\basic_multi_level_mbpm_trigger_gen:multi_level_mbpm|sld_mbpmg:\trigger_modules_gen:0:trigger_match|sld_sbpmg:\gen_sbpmg_pipeline_less_than_two:sm0:29:sm1 ; work         ;
;                      |sld_sbpmg:\gen_sbpmg_pipeline_less_than_two:sm0:2:sm1|                            ; 3 (3)       ; 2 (2)                     ; 0 (0)         ; 0           ; 0    ; 0            ; 0       ; 0         ; 0    ; 0            ; 0 (0)        ; 1 (1)             ; 2 (2)            ; |ov5640_lcd|sld_signaltap:auto_signaltap_0|sld_signaltap_impl:sld_signaltap_body|sld_signaltap_implb:sld_signaltap_body|sld_ela_control:ela_control|sld_ela_basic_multi_level_trigger:\basic_multi_level_mbpm_trigger_gen:multi_level_mbpm|sld_mbpmg:\trigger_modules_gen:0:trigger_match|sld_sbpmg:\gen_sbpmg_pipeline_less_than_two:sm0:2:sm1  ; work         ;
;                      |sld_sbpmg:\gen_sbpmg_pipeline_less_than_two:sm0:30:sm1|                           ; 3 (3)       ; 2 (2)                     ; 0 (0)         ; 0           ; 0    ; 0            ; 0       ; 0         ; 0    ; 0            ; 0 (0)        ; 1 (1)             ; 2 (2)            ; |ov5640_lcd|sld_signaltap:auto_signaltap_0|sld_signaltap_impl:sld_signaltap_body|sld_signaltap_implb:sld_signaltap_body|sld_ela_control:ela_control|sld_ela_basic_multi_level_trigger:\basic_multi_level_mbpm_trigger_gen:multi_level_mbpm|sld_mbpmg:\trigger_modules_gen:0:trigger_match|sld_sbpmg:\gen_sbpmg_pipeline_less_than_two:sm0:30:sm1 ; work         ;
;                      |sld_sbpmg:\gen_sbpmg_pipeline_less_than_two:sm0:31:sm1|                           ; 3 (3)       ; 2 (2)                     ; 0 (0)         ; 0           ; 0    ; 0            ; 0       ; 0         ; 0    ; 0            ; 0 (0)        ; 1 (1)             ; 2 (2)            ; |ov5640_lcd|sld_signaltap:auto_signaltap_0|sld_signaltap_impl:sld_signaltap_body|sld_signaltap_implb:sld_signaltap_body|sld_ela_control:ela_control|sld_ela_basic_multi_level_trigger:\basic_multi_level_mbpm_trigger_gen:multi_level_mbpm|sld_mbpmg:\trigger_modules_gen:0:trigger_match|sld_sbpmg:\gen_sbpmg_pipeline_less_than_two:sm0:31:sm1 ; work         ;
;                      |sld_sbpmg:\gen_sbpmg_pipeline_less_than_two:sm0:32:sm1|                           ; 3 (3)       ; 2 (2)                     ; 0 (0)         ; 0           ; 0    ; 0            ; 0       ; 0         ; 0    ; 0            ; 0 (0)        ; 1 (1)             ; 2 (2)            ; |ov5640_lcd|sld_signaltap:auto_signaltap_0|sld_signaltap_impl:sld_signaltap_body|sld_signaltap_implb:sld_signaltap_body|sld_ela_control:ela_control|sld_ela_basic_multi_level_trigger:\basic_multi_level_mbpm_trigger_gen:multi_level_mbpm|sld_mbpmg:\trigger_modules_gen:0:trigger_match|sld_sbpmg:\gen_sbpmg_pipeline_less_than_two:sm0:32:sm1 ; work         ;
;                      |sld_sbpmg:\gen_sbpmg_pipeline_less_than_two:sm0:33:sm1|                           ; 3 (3)       ; 2 (2)                     ; 0 (0)         ; 0           ; 0    ; 0            ; 0       ; 0         ; 0    ; 0            ; 0 (0)        ; 1 (1)             ; 2 (2)            ; |ov5640_lcd|sld_signaltap:auto_signaltap_0|sld_signaltap_impl:sld_signaltap_body|sld_signaltap_implb:sld_signaltap_body|sld_ela_control:ela_control|sld_ela_basic_multi_level_trigger:\basic_multi_level_mbpm_trigger_gen:multi_level_mbpm|sld_mbpmg:\trigger_modules_gen:0:trigger_match|sld_sbpmg:\gen_sbpmg_pipeline_less_than_two:sm0:33:sm1 ; work         ;
;                      |sld_sbpmg:\gen_sbpmg_pipeline_less_than_two:sm0:34:sm1|                           ; 3 (3)       ; 2 (2)                     ; 0 (0)         ; 0           ; 0    ; 0            ; 0       ; 0         ; 0    ; 0            ; 0 (0)        ; 1 (1)             ; 2 (2)            ; |ov5640_lcd|sld_signaltap:auto_signaltap_0|sld_signaltap_impl:sld_signaltap_body|sld_signaltap_implb:sld_signaltap_body|sld_ela_control:ela_control|sld_ela_basic_multi_level_trigger:\basic_multi_level_mbpm_trigger_gen:multi_level_mbpm|sld_mbpmg:\trigger_modules_gen:0:trigger_match|sld_sbpmg:\gen_sbpmg_pipeline_less_than_two:sm0:34:sm1 ; work         ;
;                      |sld_sbpmg:\gen_sbpmg_pipeline_less_than_two:sm0:35:sm1|                           ; 3 (3)       ; 2 (2)                     ; 0 (0)         ; 0           ; 0    ; 0            ; 0       ; 0         ; 0    ; 0            ; 0 (0)        ; 1 (1)             ; 2 (2)            ; |ov5640_lcd|sld_signaltap:auto_signaltap_0|sld_signaltap_impl:sld_signaltap_body|sld_signaltap_implb:sld_signaltap_body|sld_ela_control:ela_control|sld_ela_basic_multi_level_trigger:\basic_multi_level_mbpm_trigger_gen:multi_level_mbpm|sld_mbpmg:\trigger_modules_gen:0:trigger_match|sld_sbpmg:\gen_sbpmg_pipeline_less_than_two:sm0:35:sm1 ; work         ;
;                      |sld_sbpmg:\gen_sbpmg_pipeline_less_than_two:sm0:36:sm1|                           ; 3 (3)       ; 2 (2)                     ; 0 (0)         ; 0           ; 0    ; 0            ; 0       ; 0         ; 0    ; 0            ; 0 (0)        ; 1 (1)             ; 2 (2)            ; |ov5640_lcd|sld_signaltap:auto_signaltap_0|sld_signaltap_impl:sld_signaltap_body|sld_signaltap_implb:sld_signaltap_body|sld_ela_control:ela_control|sld_ela_basic_multi_level_trigger:\basic_multi_level_mbpm_trigger_gen:multi_level_mbpm|sld_mbpmg:\trigger_modules_gen:0:trigger_match|sld_sbpmg:\gen_sbpmg_pipeline_less_than_two:sm0:36:sm1 ; work         ;
;                      |sld_sbpmg:\gen_sbpmg_pipeline_less_than_two:sm0:37:sm1|                           ; 3 (3)       ; 2 (2)                     ; 0 (0)         ; 0           ; 0    ; 0            ; 0       ; 0         ; 0    ; 0            ; 0 (0)        ; 1 (1)             ; 2 (2)            ; |ov5640_lcd|sld_signaltap:auto_signaltap_0|sld_signaltap_impl:sld_signaltap_body|sld_signaltap_implb:sld_signaltap_body|sld_ela_control:ela_control|sld_ela_basic_multi_level_trigger:\basic_multi_level_mbpm_trigger_gen:multi_level_mbpm|sld_mbpmg:\trigger_modules_gen:0:trigger_match|sld_sbpmg:\gen_sbpmg_pipeline_less_than_two:sm0:37:sm1 ; work         ;
;                      |sld_sbpmg:\gen_sbpmg_pipeline_less_than_two:sm0:38:sm1|                           ; 3 (3)       ; 2 (2)                     ; 0 (0)         ; 0           ; 0    ; 0            ; 0       ; 0         ; 0    ; 0            ; 0 (0)        ; 1 (1)             ; 2 (2)            ; |ov5640_lcd|sld_signaltap:auto_signaltap_0|sld_signaltap_impl:sld_signaltap_body|sld_signaltap_implb:sld_signaltap_body|sld_ela_control:ela_control|sld_ela_basic_multi_level_trigger:\basic_multi_level_mbpm_trigger_gen:multi_level_mbpm|sld_mbpmg:\trigger_modules_gen:0:trigger_match|sld_sbpmg:\gen_sbpmg_pipeline_less_than_two:sm0:38:sm1 ; work         ;
;                      |sld_sbpmg:\gen_sbpmg_pipeline_less_than_two:sm0:39:sm1|                           ; 3 (3)       ; 2 (2)                     ; 0 (0)         ; 0           ; 0    ; 0            ; 0       ; 0         ; 0    ; 0            ; 0 (0)        ; 1 (1)             ; 2 (2)            ; |ov5640_lcd|sld_signaltap:auto_signaltap_0|sld_signaltap_impl:sld_signaltap_body|sld_signaltap_implb:sld_signaltap_body|sld_ela_control:ela_control|sld_ela_basic_multi_level_trigger:\basic_multi_level_mbpm_trigger_gen:multi_level_mbpm|sld_mbpmg:\trigger_modules_gen:0:trigger_match|sld_sbpmg:\gen_sbpmg_pipeline_less_than_two:sm0:39:sm1 ; work         ;
;                      |sld_sbpmg:\gen_sbpmg_pipeline_less_than_two:sm0:3:sm1|                            ; 3 (3)       ; 2 (2)                     ; 0 (0)         ; 0           ; 0    ; 0            ; 0       ; 0         ; 0    ; 0            ; 0 (0)        ; 1 (1)             ; 2 (2)            ; |ov5640_lcd|sld_signaltap:auto_signaltap_0|sld_signaltap_impl:sld_signaltap_body|sld_signaltap_implb:sld_signaltap_body|sld_ela_control:ela_control|sld_ela_basic_multi_level_trigger:\basic_multi_level_mbpm_trigger_gen:multi_level_mbpm|sld_mbpmg:\trigger_modules_gen:0:trigger_match|sld_sbpmg:\gen_sbpmg_pipeline_less_than_two:sm0:3:sm1  ; work         ;
;                      |sld_sbpmg:\gen_sbpmg_pipeline_less_than_two:sm0:40:sm1|                           ; 3 (3)       ; 2 (2)                     ; 0 (0)         ; 0           ; 0    ; 0            ; 0       ; 0         ; 0    ; 0            ; 0 (0)        ; 1 (1)             ; 2 (2)            ; |ov5640_lcd|sld_signaltap:auto_signaltap_0|sld_signaltap_impl:sld_signaltap_body|sld_signaltap_implb:sld_signaltap_body|sld_ela_control:ela_control|sld_ela_basic_multi_level_trigger:\basic_multi_level_mbpm_trigger_gen:multi_level_mbpm|sld_mbpmg:\trigger_modules_gen:0:trigger_match|sld_sbpmg:\gen_sbpmg_pipeline_less_than_two:sm0:40:sm1 ; work         ;
;                      |sld_sbpmg:\gen_sbpmg_pipeline_less_than_two:sm0:41:sm1|                           ; 3 (3)       ; 2 (2)                     ; 0 (0)         ; 0           ; 0    ; 0            ; 0       ; 0         ; 0    ; 0            ; 0 (0)        ; 1 (1)             ; 2 (2)            ; |ov5640_lcd|sld_signaltap:auto_signaltap_0|sld_signaltap_impl:sld_signaltap_body|sld_signaltap_implb:sld_signaltap_body|sld_ela_control:ela_control|sld_ela_basic_multi_level_trigger:\basic_multi_level_mbpm_trigger_gen:multi_level_mbpm|sld_mbpmg:\trigger_modules_gen:0:trigger_match|sld_sbpmg:\gen_sbpmg_pipeline_less_than_two:sm0:41:sm1 ; work         ;
;                      |sld_sbpmg:\gen_sbpmg_pipeline_less_than_two:sm0:42:sm1|                           ; 3 (3)       ; 2 (2)                     ; 0 (0)         ; 0           ; 0    ; 0            ; 0       ; 0         ; 0    ; 0            ; 0 (0)        ; 1 (1)             ; 2 (2)            ; |ov5640_lcd|sld_signaltap:auto_signaltap_0|sld_signaltap_impl:sld_signaltap_body|sld_signaltap_implb:sld_signaltap_body|sld_ela_control:ela_control|sld_ela_basic_multi_level_trigger:\basic_multi_level_mbpm_trigger_gen:multi_level_mbpm|sld_mbpmg:\trigger_modules_gen:0:trigger_match|sld_sbpmg:\gen_sbpmg_pipeline_less_than_two:sm0:42:sm1 ; work         ;
;                      |sld_sbpmg:\gen_sbpmg_pipeline_less_than_two:sm0:43:sm1|                           ; 3 (3)       ; 2 (2)                     ; 0 (0)         ; 0           ; 0    ; 0            ; 0       ; 0         ; 0    ; 0            ; 0 (0)        ; 1 (1)             ; 2 (2)            ; |ov5640_lcd|sld_signaltap:auto_signaltap_0|sld_signaltap_impl:sld_signaltap_body|sld_signaltap_implb:sld_signaltap_body|sld_ela_control:ela_control|sld_ela_basic_multi_level_trigger:\basic_multi_level_mbpm_trigger_gen:multi_level_mbpm|sld_mbpmg:\trigger_modules_gen:0:trigger_match|sld_sbpmg:\gen_sbpmg_pipeline_less_than_two:sm0:43:sm1 ; work         ;
;                      |sld_sbpmg:\gen_sbpmg_pipeline_less_than_two:sm0:44:sm1|                           ; 3 (3)       ; 2 (2)                     ; 0 (0)         ; 0           ; 0    ; 0            ; 0       ; 0         ; 0    ; 0            ; 0 (0)        ; 1 (1)             ; 2 (2)            ; |ov5640_lcd|sld_signaltap:auto_signaltap_0|sld_signaltap_impl:sld_signaltap_body|sld_signaltap_implb:sld_signaltap_body|sld_ela_control:ela_control|sld_ela_basic_multi_level_trigger:\basic_multi_level_mbpm_trigger_gen:multi_level_mbpm|sld_mbpmg:\trigger_modules_gen:0:trigger_match|sld_sbpmg:\gen_sbpmg_pipeline_less_than_two:sm0:44:sm1 ; work         ;
;                      |sld_sbpmg:\gen_sbpmg_pipeline_less_than_two:sm0:45:sm1|                           ; 3 (3)       ; 2 (2)                     ; 0 (0)         ; 0           ; 0    ; 0            ; 0       ; 0         ; 0    ; 0            ; 0 (0)        ; 1 (1)             ; 2 (2)            ; |ov5640_lcd|sld_signaltap:auto_signaltap_0|sld_signaltap_impl:sld_signaltap_body|sld_signaltap_implb:sld_signaltap_body|sld_ela_control:ela_control|sld_ela_basic_multi_level_trigger:\basic_multi_level_mbpm_trigger_gen:multi_level_mbpm|sld_mbpmg:\trigger_modules_gen:0:trigger_match|sld_sbpmg:\gen_sbpmg_pipeline_less_than_two:sm0:45:sm1 ; work         ;
;                      |sld_sbpmg:\gen_sbpmg_pipeline_less_than_two:sm0:46:sm1|                           ; 3 (3)       ; 2 (2)                     ; 0 (0)         ; 0           ; 0    ; 0            ; 0       ; 0         ; 0    ; 0            ; 0 (0)        ; 1 (1)             ; 2 (2)            ; |ov5640_lcd|sld_signaltap:auto_signaltap_0|sld_signaltap_impl:sld_signaltap_body|sld_signaltap_implb:sld_signaltap_body|sld_ela_control:ela_control|sld_ela_basic_multi_level_trigger:\basic_multi_level_mbpm_trigger_gen:multi_level_mbpm|sld_mbpmg:\trigger_modules_gen:0:trigger_match|sld_sbpmg:\gen_sbpmg_pipeline_less_than_two:sm0:46:sm1 ; work         ;
;                      |sld_sbpmg:\gen_sbpmg_pipeline_less_than_two:sm0:4:sm1|                            ; 3 (3)       ; 2 (2)                     ; 0 (0)         ; 0           ; 0    ; 0            ; 0       ; 0         ; 0    ; 0            ; 0 (0)        ; 1 (1)             ; 2 (2)            ; |ov5640_lcd|sld_signaltap:auto_signaltap_0|sld_signaltap_impl:sld_signaltap_body|sld_signaltap_implb:sld_signaltap_body|sld_ela_control:ela_control|sld_ela_basic_multi_level_trigger:\basic_multi_level_mbpm_trigger_gen:multi_level_mbpm|sld_mbpmg:\trigger_modules_gen:0:trigger_match|sld_sbpmg:\gen_sbpmg_pipeline_less_than_two:sm0:4:sm1  ; work         ;
;                      |sld_sbpmg:\gen_sbpmg_pipeline_less_than_two:sm0:5:sm1|                            ; 3 (3)       ; 2 (2)                     ; 0 (0)         ; 0           ; 0    ; 0            ; 0       ; 0         ; 0    ; 0            ; 0 (0)        ; 1 (1)             ; 2 (2)            ; |ov5640_lcd|sld_signaltap:auto_signaltap_0|sld_signaltap_impl:sld_signaltap_body|sld_signaltap_implb:sld_signaltap_body|sld_ela_control:ela_control|sld_ela_basic_multi_level_trigger:\basic_multi_level_mbpm_trigger_gen:multi_level_mbpm|sld_mbpmg:\trigger_modules_gen:0:trigger_match|sld_sbpmg:\gen_sbpmg_pipeline_less_than_two:sm0:5:sm1  ; work         ;
;                      |sld_sbpmg:\gen_sbpmg_pipeline_less_than_two:sm0:6:sm1|                            ; 3 (3)       ; 2 (2)                     ; 0 (0)         ; 0           ; 0    ; 0            ; 0       ; 0         ; 0    ; 0            ; 0 (0)        ; 1 (1)             ; 2 (2)            ; |ov5640_lcd|sld_signaltap:auto_signaltap_0|sld_signaltap_impl:sld_signaltap_body|sld_signaltap_implb:sld_signaltap_body|sld_ela_control:ela_control|sld_ela_basic_multi_level_trigger:\basic_multi_level_mbpm_trigger_gen:multi_level_mbpm|sld_mbpmg:\trigger_modules_gen:0:trigger_match|sld_sbpmg:\gen_sbpmg_pipeline_less_than_two:sm0:6:sm1  ; work         ;
;                      |sld_sbpmg:\gen_sbpmg_pipeline_less_than_two:sm0:7:sm1|                            ; 3 (3)       ; 2 (2)                     ; 0 (0)         ; 0           ; 0    ; 0            ; 0       ; 0         ; 0    ; 0            ; 0 (0)        ; 1 (1)             ; 2 (2)            ; |ov5640_lcd|sld_signaltap:auto_signaltap_0|sld_signaltap_impl:sld_signaltap_body|sld_signaltap_implb:sld_signaltap_body|sld_ela_control:ela_control|sld_ela_basic_multi_level_trigger:\basic_multi_level_mbpm_trigger_gen:multi_level_mbpm|sld_mbpmg:\trigger_modules_gen:0:trigger_match|sld_sbpmg:\gen_sbpmg_pipeline_less_than_two:sm0:7:sm1  ; work         ;
;                      |sld_sbpmg:\gen_sbpmg_pipeline_less_than_two:sm0:8:sm1|                            ; 3 (3)       ; 2 (2)                     ; 0 (0)         ; 0           ; 0    ; 0            ; 0       ; 0         ; 0    ; 0            ; 0 (0)        ; 1 (1)             ; 2 (2)            ; |ov5640_lcd|sld_signaltap:auto_signaltap_0|sld_signaltap_impl:sld_signaltap_body|sld_signaltap_implb:sld_signaltap_body|sld_ela_control:ela_control|sld_ela_basic_multi_level_trigger:\basic_multi_level_mbpm_trigger_gen:multi_level_mbpm|sld_mbpmg:\trigger_modules_gen:0:trigger_match|sld_sbpmg:\gen_sbpmg_pipeline_less_than_two:sm0:8:sm1  ; work         ;
;                      |sld_sbpmg:\gen_sbpmg_pipeline_less_than_two:sm0:9:sm1|                            ; 3 (3)       ; 2 (2)                     ; 0 (0)         ; 0           ; 0    ; 0            ; 0       ; 0         ; 0    ; 0            ; 0 (0)        ; 1 (1)             ; 2 (2)            ; |ov5640_lcd|sld_signaltap:auto_signaltap_0|sld_signaltap_impl:sld_signaltap_body|sld_signaltap_implb:sld_signaltap_body|sld_ela_control:ela_control|sld_ela_basic_multi_level_trigger:\basic_multi_level_mbpm_trigger_gen:multi_level_mbpm|sld_mbpmg:\trigger_modules_gen:0:trigger_match|sld_sbpmg:\gen_sbpmg_pipeline_less_than_two:sm0:9:sm1  ; work         ;
;                |sld_ela_trigger_flow_mgr:\builtin:ela_trigger_flow_mgr_entity|                          ; 26 (16)     ; 11 (1)                    ; 0 (0)         ; 0           ; 0    ; 0            ; 0       ; 0         ; 0    ; 0            ; 15 (15)      ; 9 (0)             ; 2 (1)            ; |ov5640_lcd|sld_signaltap:auto_signaltap_0|sld_signaltap_impl:sld_signaltap_body|sld_signaltap_implb:sld_signaltap_body|sld_ela_control:ela_control|sld_ela_trigger_flow_mgr:\builtin:ela_trigger_flow_mgr_entity                                                                                                                                ; work         ;
;                   |lpm_shiftreg:trigger_config_deserialize|                                             ; 10 (10)     ; 10 (10)                   ; 0 (0)         ; 0           ; 0    ; 0            ; 0       ; 0         ; 0    ; 0            ; 0 (0)        ; 9 (9)             ; 1 (1)            ; |ov5640_lcd|sld_signaltap:auto_signaltap_0|sld_signaltap_impl:sld_signaltap_body|sld_signaltap_implb:sld_signaltap_body|sld_ela_control:ela_control|sld_ela_trigger_flow_mgr:\builtin:ela_trigger_flow_mgr_entity|lpm_shiftreg:trigger_config_deserialize                                                                                        ; work         ;
;             |sld_offload_buffer_mgr:\stp_non_zero_depth_offload_gen:stp_offload_buff_mgr_inst|          ; 132 (10)    ; 116 (0)                   ; 0 (0)         ; 0           ; 0    ; 0            ; 0       ; 0         ; 0    ; 0            ; 16 (10)      ; 0 (0)             ; 116 (0)          ; |ov5640_lcd|sld_signaltap:auto_signaltap_0|sld_signaltap_impl:sld_signaltap_body|sld_signaltap_implb:sld_signaltap_body|sld_offload_buffer_mgr:\stp_non_zero_depth_offload_gen:stp_offload_buff_mgr_inst                                                                                                                                         ; work         ;
;                |lpm_counter:\adv_point_3_and_more:advance_pointer_counter|                              ; 8 (0)       ; 6 (0)                     ; 0 (0)         ; 0           ; 0    ; 0            ; 0       ; 0         ; 0    ; 0            ; 2 (0)        ; 0 (0)             ; 6 (0)            ; |ov5640_lcd|sld_signaltap:auto_signaltap_0|sld_signaltap_impl:sld_signaltap_body|sld_signaltap_implb:sld_signaltap_body|sld_offload_buffer_mgr:\stp_non_zero_depth_offload_gen:stp_offload_buff_mgr_inst|lpm_counter:\adv_point_3_and_more:advance_pointer_counter                                                                               ; work         ;
;                   |cntr_pgi:auto_generated|                                                             ; 8 (8)       ; 6 (6)                     ; 0 (0)         ; 0           ; 0    ; 0            ; 0       ; 0         ; 0    ; 0            ; 2 (2)        ; 0 (0)             ; 6 (6)            ; |ov5640_lcd|sld_signaltap:auto_signaltap_0|sld_signaltap_impl:sld_signaltap_body|sld_signaltap_implb:sld_signaltap_body|sld_offload_buffer_mgr:\stp_non_zero_depth_offload_gen:stp_offload_buff_mgr_inst|lpm_counter:\adv_point_3_and_more:advance_pointer_counter|cntr_pgi:auto_generated                                                       ; work         ;
;                |lpm_counter:read_pointer_counter|                                                       ; 11 (0)      ; 11 (0)                    ; 0 (0)         ; 0           ; 0    ; 0            ; 0       ; 0         ; 0    ; 0            ; 0 (0)        ; 0 (0)             ; 11 (0)           ; |ov5640_lcd|sld_signaltap:auto_signaltap_0|sld_signaltap_impl:sld_signaltap_body|sld_signaltap_implb:sld_signaltap_body|sld_offload_buffer_mgr:\stp_non_zero_depth_offload_gen:stp_offload_buff_mgr_inst|lpm_counter:read_pointer_counter                                                                                                        ; work         ;
;                   |cntr_g9j:auto_generated|                                                             ; 11 (11)     ; 11 (11)                   ; 0 (0)         ; 0           ; 0    ; 0            ; 0       ; 0         ; 0    ; 0            ; 0 (0)        ; 0 (0)             ; 11 (11)          ; |ov5640_lcd|sld_signaltap:auto_signaltap_0|sld_signaltap_impl:sld_signaltap_body|sld_signaltap_implb:sld_signaltap_body|sld_offload_buffer_mgr:\stp_non_zero_depth_offload_gen:stp_offload_buff_mgr_inst|lpm_counter:read_pointer_counter|cntr_g9j:auto_generated                                                                                ; work         ;
;                |lpm_counter:status_advance_pointer_counter|                                             ; 7 (0)       ; 5 (0)                     ; 0 (0)         ; 0           ; 0    ; 0            ; 0       ; 0         ; 0    ; 0            ; 2 (0)        ; 0 (0)             ; 5 (0)            ; |ov5640_lcd|sld_signaltap:auto_signaltap_0|sld_signaltap_impl:sld_signaltap_body|sld_signaltap_implb:sld_signaltap_body|sld_offload_buffer_mgr:\stp_non_zero_depth_offload_gen:stp_offload_buff_mgr_inst|lpm_counter:status_advance_pointer_counter                                                                                              ; work         ;
;                   |cntr_fgi:auto_generated|                                                             ; 7 (7)       ; 5 (5)                     ; 0 (0)         ; 0           ; 0    ; 0            ; 0       ; 0         ; 0    ; 0            ; 2 (2)        ; 0 (0)             ; 5 (5)            ; |ov5640_lcd|sld_signaltap:auto_signaltap_0|sld_signaltap_impl:sld_signaltap_body|sld_signaltap_implb:sld_signaltap_body|sld_offload_buffer_mgr:\stp_non_zero_depth_offload_gen:stp_offload_buff_mgr_inst|lpm_counter:status_advance_pointer_counter|cntr_fgi:auto_generated                                                                      ; work         ;
;                |lpm_counter:status_read_pointer_counter|                                                ; 3 (0)       ; 1 (0)                     ; 0 (0)         ; 0           ; 0    ; 0            ; 0       ; 0         ; 0    ; 0            ; 2 (0)        ; 0 (0)             ; 1 (0)            ; |ov5640_lcd|sld_signaltap:auto_signaltap_0|sld_signaltap_impl:sld_signaltap_body|sld_signaltap_implb:sld_signaltap_body|sld_offload_buffer_mgr:\stp_non_zero_depth_offload_gen:stp_offload_buff_mgr_inst|lpm_counter:status_read_pointer_counter                                                                                                 ; work         ;
;                   |cntr_23j:auto_generated|                                                             ; 3 (3)       ; 1 (1)                     ; 0 (0)         ; 0           ; 0    ; 0            ; 0       ; 0         ; 0    ; 0            ; 2 (2)        ; 0 (0)             ; 1 (1)            ; |ov5640_lcd|sld_signaltap:auto_signaltap_0|sld_signaltap_impl:sld_signaltap_body|sld_signaltap_implb:sld_signaltap_body|sld_offload_buffer_mgr:\stp_non_zero_depth_offload_gen:stp_offload_buff_mgr_inst|lpm_counter:status_read_pointer_counter|cntr_23j:auto_generated                                                                         ; work         ;
;                |lpm_shiftreg:info_data_shift_out|                                                       ; 23 (23)     ; 23 (23)                   ; 0 (0)         ; 0           ; 0    ; 0            ; 0       ; 0         ; 0    ; 0            ; 0 (0)        ; 0 (0)             ; 23 (23)          ; |ov5640_lcd|sld_signaltap:auto_signaltap_0|sld_signaltap_impl:sld_signaltap_body|sld_signaltap_implb:sld_signaltap_body|sld_offload_buffer_mgr:\stp_non_zero_depth_offload_gen:stp_offload_buff_mgr_inst|lpm_shiftreg:info_data_shift_out                                                                                                        ; work         ;
;                |lpm_shiftreg:ram_data_shift_out|                                                        ; 47 (47)     ; 47 (47)                   ; 0 (0)         ; 0           ; 0    ; 0            ; 0       ; 0         ; 0    ; 0            ; 0 (0)        ; 0 (0)             ; 47 (47)          ; |ov5640_lcd|sld_signaltap:auto_signaltap_0|sld_signaltap_impl:sld_signaltap_body|sld_signaltap_implb:sld_signaltap_body|sld_offload_buffer_mgr:\stp_non_zero_depth_offload_gen:stp_offload_buff_mgr_inst|lpm_shiftreg:ram_data_shift_out                                                                                                         ; work         ;
;                |lpm_shiftreg:status_data_shift_out|                                                     ; 23 (23)     ; 23 (23)                   ; 0 (0)         ; 0           ; 0    ; 0            ; 0       ; 0         ; 0    ; 0            ; 0 (0)        ; 0 (0)             ; 23 (23)          ; |ov5640_lcd|sld_signaltap:auto_signaltap_0|sld_signaltap_impl:sld_signaltap_body|sld_signaltap_implb:sld_signaltap_body|sld_offload_buffer_mgr:\stp_non_zero_depth_offload_gen:stp_offload_buff_mgr_inst|lpm_shiftreg:status_data_shift_out                                                                                                      ; work         ;
;             |sld_rom_sr:crc_rom_sr|                                                                     ; 19 (19)     ; 8 (8)                     ; 0 (0)         ; 0           ; 0    ; 0            ; 0       ; 0         ; 0    ; 0            ; 11 (11)      ; 0 (0)             ; 8 (8)            ; |ov5640_lcd|sld_signaltap:auto_signaltap_0|sld_signaltap_impl:sld_signaltap_body|sld_signaltap_implb:sld_signaltap_body|sld_rom_sr:crc_rom_sr                                                                                                                                                                                                    ; work         ;
;    |to8:u_to8|                                                                                          ; 216 (0)     ; 166 (0)                   ; 0 (0)         ; 131072      ; 16   ; 0            ; 0       ; 0         ; 0    ; 0            ; 42 (0)       ; 84 (0)            ; 90 (0)           ; |ov5640_lcd|to8:u_to8                                                                                                                                                                                                                                                                                                                            ; work         ;
;       |dcfifo_mixed_widths:dcfifo_mixed_widths_component|                                               ; 216 (0)     ; 166 (0)                   ; 0 (0)         ; 131072      ; 16   ; 0            ; 0       ; 0         ; 0    ; 0            ; 42 (0)       ; 84 (0)            ; 90 (0)           ; |ov5640_lcd|to8:u_to8|dcfifo_mixed_widths:dcfifo_mixed_widths_component                                                                                                                                                                                                                                                                          ; work         ;
;          |dcfifo_0bh1:auto_generated|                                                                   ; 216 (58)    ; 166 (42)                  ; 0 (0)         ; 131072      ; 16   ; 0            ; 0       ; 0         ; 0    ; 0            ; 42 (15)      ; 84 (34)           ; 90 (2)           ; |ov5640_lcd|to8:u_to8|dcfifo_mixed_widths:dcfifo_mixed_widths_component|dcfifo_0bh1:auto_generated                                                                                                                                                                                                                                               ; work         ;
;             |a_gray2bin_aib:wrptr_g_gray2bin|                                                           ; 13 (13)     ; 0 (0)                     ; 0 (0)         ; 0           ; 0    ; 0            ; 0       ; 0         ; 0    ; 0            ; 0 (0)        ; 0 (0)             ; 13 (13)          ; |ov5640_lcd|to8:u_to8|dcfifo_mixed_widths:dcfifo_mixed_widths_component|dcfifo_0bh1:auto_generated|a_gray2bin_aib:wrptr_g_gray2bin                                                                                                                                                                                                               ; work         ;
;             |a_gray2bin_aib:ws_dgrp_gray2bin|                                                           ; 13 (13)     ; 0 (0)                     ; 0 (0)         ; 0           ; 0    ; 0            ; 0       ; 0         ; 0    ; 0            ; 0 (0)        ; 0 (0)             ; 13 (13)          ; |ov5640_lcd|to8:u_to8|dcfifo_mixed_widths:dcfifo_mixed_widths_component|dcfifo_0bh1:auto_generated|a_gray2bin_aib:ws_dgrp_gray2bin                                                                                                                                                                                                               ; work         ;
;             |a_graycounter_37c:wrptr_g1p|                                                               ; 27 (27)     ; 19 (19)                   ; 0 (0)         ; 0           ; 0    ; 0            ; 0       ; 0         ; 0    ; 0            ; 8 (8)        ; 0 (0)             ; 19 (19)          ; |ov5640_lcd|to8:u_to8|dcfifo_mixed_widths:dcfifo_mixed_widths_component|dcfifo_0bh1:auto_generated|a_graycounter_37c:wrptr_g1p                                                                                                                                                                                                                   ; work         ;
;             |a_graycounter_6p6:rdptr_g1p|                                                               ; 27 (27)     ; 19 (19)                   ; 0 (0)         ; 0           ; 0    ; 0            ; 0       ; 0         ; 0    ; 0            ; 8 (8)        ; 1 (1)             ; 18 (18)          ; |ov5640_lcd|to8:u_to8|dcfifo_mixed_widths:dcfifo_mixed_widths_component|dcfifo_0bh1:auto_generated|a_graycounter_6p6:rdptr_g1p                                                                                                                                                                                                                   ; work         ;
;             |alt_synch_pipe_k7d:rs_dgwp|                                                                ; 28 (0)      ; 28 (0)                    ; 0 (0)         ; 0           ; 0    ; 0            ; 0       ; 0         ; 0    ; 0            ; 0 (0)        ; 21 (0)            ; 7 (0)            ; |ov5640_lcd|to8:u_to8|dcfifo_mixed_widths:dcfifo_mixed_widths_component|dcfifo_0bh1:auto_generated|alt_synch_pipe_k7d:rs_dgwp                                                                                                                                                                                                                    ; work         ;
;                |dffpipe_l09:dffpipe7|                                                                   ; 28 (28)     ; 28 (28)                   ; 0 (0)         ; 0           ; 0    ; 0            ; 0       ; 0         ; 0    ; 0            ; 0 (0)        ; 21 (21)           ; 7 (7)            ; |ov5640_lcd|to8:u_to8|dcfifo_mixed_widths:dcfifo_mixed_widths_component|dcfifo_0bh1:auto_generated|alt_synch_pipe_k7d:rs_dgwp|dffpipe_l09:dffpipe7                                                                                                                                                                                               ; work         ;
;             |alt_synch_pipe_l7d:ws_dgrp|                                                                ; 28 (0)      ; 28 (0)                    ; 0 (0)         ; 0           ; 0    ; 0            ; 0       ; 0         ; 0    ; 0            ; 0 (0)        ; 27 (0)            ; 1 (0)            ; |ov5640_lcd|to8:u_to8|dcfifo_mixed_widths:dcfifo_mixed_widths_component|dcfifo_0bh1:auto_generated|alt_synch_pipe_l7d:ws_dgrp                                                                                                                                                                                                                    ; work         ;
;                |dffpipe_m09:dffpipe10|                                                                  ; 28 (28)     ; 28 (28)                   ; 0 (0)         ; 0           ; 0    ; 0            ; 0       ; 0         ; 0    ; 0            ; 0 (0)        ; 27 (27)           ; 1 (1)            ; |ov5640_lcd|to8:u_to8|dcfifo_mixed_widths:dcfifo_mixed_widths_component|dcfifo_0bh1:auto_generated|alt_synch_pipe_l7d:ws_dgrp|dffpipe_m09:dffpipe10                                                                                                                                                                                              ; work         ;
;             |altsyncram_i111:fifo_ram|                                                                  ; 13 (3)      ; 3 (3)                     ; 0 (0)         ; 131072      ; 16   ; 0            ; 0       ; 0         ; 0    ; 0            ; 1 (0)        ; 1 (1)             ; 11 (2)           ; |ov5640_lcd|to8:u_to8|dcfifo_mixed_widths:dcfifo_mixed_widths_component|dcfifo_0bh1:auto_generated|altsyncram_i111:fifo_ram                                                                                                                                                                                                                      ; work         ;
;                |decode_a87:wren_decode_a|                                                               ; 2 (2)       ; 0 (0)                     ; 0 (0)         ; 0           ; 0    ; 0            ; 0       ; 0         ; 0    ; 0            ; 1 (1)        ; 0 (0)             ; 1 (1)            ; |ov5640_lcd|to8:u_to8|dcfifo_mixed_widths:dcfifo_mixed_widths_component|dcfifo_0bh1:auto_generated|altsyncram_i111:fifo_ram|decode_a87:wren_decode_a                                                                                                                                                                                             ; work         ;
;                |mux_q28:mux13|                                                                          ; 8 (8)       ; 0 (0)                     ; 0 (0)         ; 0           ; 0    ; 0            ; 0       ; 0         ; 0    ; 0            ; 0 (0)        ; 0 (0)             ; 8 (8)            ; |ov5640_lcd|to8:u_to8|dcfifo_mixed_widths:dcfifo_mixed_widths_component|dcfifo_0bh1:auto_generated|altsyncram_i111:fifo_ram|mux_q28:mux13                                                                                                                                                                                                        ; work         ;
;             |cmpr_r76:rdempty_eq_comp|                                                                  ; 10 (10)     ; 0 (0)                     ; 0 (0)         ; 0           ; 0    ; 0            ; 0       ; 0         ; 0    ; 0            ; 3 (3)        ; 0 (0)             ; 7 (7)            ; |ov5640_lcd|to8:u_to8|dcfifo_mixed_widths:dcfifo_mixed_widths_component|dcfifo_0bh1:auto_generated|cmpr_r76:rdempty_eq_comp                                                                                                                                                                                                                      ; work         ;
;             |cmpr_r76:wrfull_eq_comp|                                                                   ; 11 (11)     ; 0 (0)                     ; 0 (0)         ; 0           ; 0    ; 0            ; 0       ; 0         ; 0    ; 0            ; 4 (4)        ; 0 (0)             ; 7 (7)            ; |ov5640_lcd|to8:u_to8|dcfifo_mixed_widths:dcfifo_mixed_widths_component|dcfifo_0bh1:auto_generated|cmpr_r76:wrfull_eq_comp                                                                                                                                                                                                                       ; work         ;
;             |cntr_old:cntr_b|                                                                           ; 4 (4)       ; 1 (1)                     ; 0 (0)         ; 0           ; 0    ; 0            ; 0       ; 0         ; 0    ; 0            ; 3 (3)        ; 0 (0)             ; 1 (1)            ; |ov5640_lcd|to8:u_to8|dcfifo_mixed_widths:dcfifo_mixed_widths_component|dcfifo_0bh1:auto_generated|cntr_old:cntr_b                                                                                                                                                                                                                               ; work         ;
;             |dffpipe_k09:ws_brp|                                                                        ; 13 (13)     ; 13 (13)                   ; 0 (0)         ; 0           ; 0    ; 0            ; 0       ; 0         ; 0    ; 0            ; 0 (0)        ; 0 (0)             ; 13 (13)          ; |ov5640_lcd|to8:u_to8|dcfifo_mixed_widths:dcfifo_mixed_widths_component|dcfifo_0bh1:auto_generated|dffpipe_k09:ws_brp                                                                                                                                                                                                                            ; work         ;
;             |dffpipe_k09:ws_bwp|                                                                        ; 13 (13)     ; 13 (13)                   ; 0 (0)         ; 0           ; 0    ; 0            ; 0       ; 0         ; 0    ; 0            ; 0 (0)        ; 0 (0)             ; 13 (13)          ; |ov5640_lcd|to8:u_to8|dcfifo_mixed_widths:dcfifo_mixed_widths_component|dcfifo_0bh1:auto_generated|dffpipe_k09:ws_bwp                                                                                                                                                                                                                            ; work         ;
;    |top:u_ch346_top|                                                                                    ; 512 (85)    ; 298 (50)                  ; 0 (0)         ; 0           ; 0    ; 0            ; 0       ; 0         ; 0    ; 0            ; 214 (35)     ; 11 (2)            ; 287 (51)         ; |ov5640_lcd|top:u_ch346_top                                                                                                                                                                                                                                                                                                                      ; work         ;
;       |loop:m_loop|                                                                                     ; 16 (16)     ; 12 (12)                   ; 0 (0)         ; 0           ; 0    ; 0            ; 0       ; 0         ; 0    ; 0            ; 4 (4)        ; 0 (0)             ; 12 (12)          ; |ov5640_lcd|top:u_ch346_top|loop:m_loop                                                                                                                                                                                                                                                                                                          ; work         ;
;       |rd_rst:m_rd_rst|                                                                                 ; 111 (111)   ; 63 (63)                   ; 0 (0)         ; 0           ; 0    ; 0            ; 0       ; 0         ; 0    ; 0            ; 48 (48)      ; 9 (9)             ; 54 (54)          ; |ov5640_lcd|top:u_ch346_top|rd_rst:m_rd_rst                                                                                                                                                                                                                                                                                                      ; work         ;
;       |recv:m_recv|                                                                                     ; 105 (105)   ; 68 (68)                   ; 0 (0)         ; 0           ; 0    ; 0            ; 0       ; 0         ; 0    ; 0            ; 37 (37)      ; 0 (0)             ; 68 (68)          ; |ov5640_lcd|top:u_ch346_top|recv:m_recv                                                                                                                                                                                                                                                                                                          ; work         ;
;       |send:m_send|                                                                                     ; 195 (195)   ; 105 (105)                 ; 0 (0)         ; 0           ; 0    ; 0            ; 0       ; 0         ; 0    ; 0            ; 90 (90)      ; 0 (0)             ; 105 (105)        ; |ov5640_lcd|top:u_ch346_top|send:m_send                                                                                                                                                                                                                                                                                                          ; work         ;
+---------------------------------------------------------------------------------------------------------+-------------+---------------------------+---------------+-------------+------+--------------+---------+-----------+------+--------------+--------------+-------------------+------------------+--------------------------------------------------------------------------------------------------------------------------------------------------------------------------------------------------------------------------------------------------------------------------------------------------------------------------------------------------+--------------+
Note: For table entries with two numbers listed, the numbers in parentheses indicate the number of resources of the given type used by the specific entity alone. The numbers listed outside of parentheses indicate the total resources of the given type used by the specific entity and all of its sub-entities in the hierarchy.


+------------------------------------------------------------------------------------------------+
; Delay Chain Summary                                                                            ;
+----------------+----------+---------------+---------------+-----------------------+-----+------+
; Name           ; Pin Type ; Pad to Core 0 ; Pad to Core 1 ; Pad to Input Register ; TCO ; TCOE ;
+----------------+----------+---------------+---------------+-----------------------+-----+------+
; cam_rst_n      ; Output   ; --            ; --            ; --                    ; --  ; --   ;
; cam_pwdn       ; Output   ; --            ; --            ; --                    ; --  ; --   ;
; cam_scl        ; Output   ; --            ; --            ; --                    ; --  ; --   ;
; sdram_clk      ; Output   ; --            ; --            ; --                    ; --  ; --   ;
; sdram_cke      ; Output   ; --            ; --            ; --                    ; --  ; --   ;
; sdram_cs_n     ; Output   ; --            ; --            ; --                    ; --  ; --   ;
; sdram_ras_n    ; Output   ; --            ; --            ; --                    ; --  ; --   ;
; sdram_cas_n    ; Output   ; --            ; --            ; --                    ; --  ; --   ;
; sdram_we_n     ; Output   ; --            ; --            ; --                    ; --  ; --   ;
; sdram_ba[0]    ; Output   ; --            ; --            ; --                    ; --  ; --   ;
; sdram_ba[1]    ; Output   ; --            ; --            ; --                    ; --  ; --   ;
; sdram_dqm[0]   ; Output   ; --            ; --            ; --                    ; --  ; --   ;
; sdram_dqm[1]   ; Output   ; --            ; --            ; --                    ; --  ; --   ;
; sdram_addr[0]  ; Output   ; --            ; --            ; --                    ; --  ; --   ;
; sdram_addr[1]  ; Output   ; --            ; --            ; --                    ; --  ; --   ;
; sdram_addr[2]  ; Output   ; --            ; --            ; --                    ; --  ; --   ;
; sdram_addr[3]  ; Output   ; --            ; --            ; --                    ; --  ; --   ;
; sdram_addr[4]  ; Output   ; --            ; --            ; --                    ; --  ; --   ;
; sdram_addr[5]  ; Output   ; --            ; --            ; --                    ; --  ; --   ;
; sdram_addr[6]  ; Output   ; --            ; --            ; --                    ; --  ; --   ;
; sdram_addr[7]  ; Output   ; --            ; --            ; --                    ; --  ; --   ;
; sdram_addr[8]  ; Output   ; --            ; --            ; --                    ; --  ; --   ;
; sdram_addr[9]  ; Output   ; --            ; --            ; --                    ; --  ; --   ;
; sdram_addr[10] ; Output   ; --            ; --            ; --                    ; --  ; --   ;
; sdram_addr[11] ; Output   ; --            ; --            ; --                    ; --  ; --   ;
; sdram_addr[12] ; Output   ; --            ; --            ; --                    ; --  ; --   ;
; lcd_hs         ; Output   ; --            ; --            ; --                    ; --  ; --   ;
; lcd_vs         ; Output   ; --            ; --            ; --                    ; --  ; --   ;
; lcd_de         ; Output   ; --            ; --            ; --                    ; --  ; --   ;
; lcd_bl         ; Output   ; --            ; --            ; --                    ; --  ; --   ;
; lcd_rst        ; Output   ; --            ; --            ; --                    ; --  ; --   ;
; lcd_pclk       ; Output   ; --            ; --            ; --                    ; --  ; --   ;
; cs_n           ; Output   ; --            ; --            ; --                    ; --  ; --   ;
; wr_n           ; Output   ; --            ; --            ; --                    ; --  ; --   ;
; rd_n           ; Output   ; --            ; --            ; --                    ; --  ; --   ;
; addr           ; Output   ; --            ; --            ; --                    ; --  ; --   ;
; cam_sda        ; Bidir    ; --            ; --            ; --                    ; --  ; --   ;
; sdram_data[0]  ; Bidir    ; --            ; (6) 1314 ps   ; --                    ; --  ; --   ;
; sdram_data[1]  ; Bidir    ; (6) 1314 ps   ; --            ; --                    ; --  ; --   ;
; sdram_data[2]  ; Bidir    ; (6) 1314 ps   ; --            ; --                    ; --  ; --   ;
; sdram_data[3]  ; Bidir    ; --            ; (6) 1314 ps   ; --                    ; --  ; --   ;
; sdram_data[4]  ; Bidir    ; (6) 1314 ps   ; --            ; --                    ; --  ; --   ;
; sdram_data[5]  ; Bidir    ; --            ; (6) 1314 ps   ; --                    ; --  ; --   ;
; sdram_data[6]  ; Bidir    ; --            ; (6) 1314 ps   ; --                    ; --  ; --   ;
; sdram_data[7]  ; Bidir    ; (6) 1314 ps   ; --            ; --                    ; --  ; --   ;
; sdram_data[8]  ; Bidir    ; (6) 1314 ps   ; --            ; --                    ; --  ; --   ;
; sdram_data[9]  ; Bidir    ; (6) 1314 ps   ; --            ; --                    ; --  ; --   ;
; sdram_data[10] ; Bidir    ; (6) 1314 ps   ; --            ; --                    ; --  ; --   ;
; sdram_data[11] ; Bidir    ; --            ; (6) 1314 ps   ; --                    ; --  ; --   ;
; sdram_data[12] ; Bidir    ; --            ; (6) 1314 ps   ; --                    ; --  ; --   ;
; sdram_data[13] ; Bidir    ; (6) 1314 ps   ; --            ; --                    ; --  ; --   ;
; sdram_data[14] ; Bidir    ; (6) 1314 ps   ; --            ; --                    ; --  ; --   ;
; sdram_data[15] ; Bidir    ; (6) 1314 ps   ; --            ; --                    ; --  ; --   ;
; lcd_rgb[0]     ; Bidir    ; --            ; --            ; --                    ; --  ; --   ;
; lcd_rgb[1]     ; Bidir    ; --            ; --            ; --                    ; --  ; --   ;
; lcd_rgb[2]     ; Bidir    ; --            ; --            ; --                    ; --  ; --   ;
; lcd_rgb[3]     ; Bidir    ; --            ; --            ; --                    ; --  ; --   ;
; lcd_rgb[4]     ; Bidir    ; --            ; --            ; --                    ; --  ; --   ;
; lcd_rgb[5]     ; Bidir    ; --            ; --            ; --                    ; --  ; --   ;
; lcd_rgb[6]     ; Bidir    ; --            ; --            ; --                    ; --  ; --   ;
; lcd_rgb[7]     ; Bidir    ; --            ; --            ; --                    ; --  ; --   ;
; lcd_rgb[8]     ; Bidir    ; --            ; --            ; --                    ; --  ; --   ;
; lcd_rgb[9]     ; Bidir    ; --            ; --            ; --                    ; --  ; --   ;
; lcd_rgb[10]    ; Bidir    ; --            ; --            ; --                    ; --  ; --   ;
; lcd_rgb[11]    ; Bidir    ; --            ; --            ; --                    ; --  ; --   ;
; lcd_rgb[12]    ; Bidir    ; --            ; --            ; --                    ; --  ; --   ;
; lcd_rgb[13]    ; Bidir    ; --            ; --            ; --                    ; --  ; --   ;
; lcd_rgb[14]    ; Bidir    ; --            ; --            ; --                    ; --  ; --   ;
; lcd_rgb[15]    ; Bidir    ; --            ; --            ; --                    ; --  ; --   ;
; lcd_rgb[16]    ; Bidir    ; --            ; --            ; --                    ; --  ; --   ;
; lcd_rgb[17]    ; Bidir    ; --            ; --            ; --                    ; --  ; --   ;
; lcd_rgb[18]    ; Bidir    ; --            ; --            ; --                    ; --  ; --   ;
; lcd_rgb[19]    ; Bidir    ; --            ; --            ; --                    ; --  ; --   ;
; lcd_rgb[20]    ; Bidir    ; --            ; --            ; --                    ; --  ; --   ;
; lcd_rgb[21]    ; Bidir    ; --            ; --            ; --                    ; --  ; --   ;
; lcd_rgb[22]    ; Bidir    ; --            ; --            ; --                    ; --  ; --   ;
; lcd_rgb[23]    ; Bidir    ; --            ; --            ; --                    ; --  ; --   ;
; data[0]        ; Bidir    ; --            ; (6) 1314 ps   ; --                    ; --  ; --   ;
; data[1]        ; Bidir    ; (6) 1314 ps   ; --            ; --                    ; --  ; --   ;
; data[2]        ; Bidir    ; (6) 1314 ps   ; --            ; --                    ; --  ; --   ;
; data[3]        ; Bidir    ; (6) 1314 ps   ; --            ; --                    ; --  ; --   ;
; data[4]        ; Bidir    ; (6) 1314 ps   ; --            ; --                    ; --  ; --   ;
; data[5]        ; Bidir    ; (6) 1314 ps   ; --            ; --                    ; --  ; --   ;
; data[6]        ; Bidir    ; --            ; (6) 1314 ps   ; --                    ; --  ; --   ;
; data[7]        ; Bidir    ; (6) 1314 ps   ; --            ; --                    ; --  ; --   ;
; sys_rst_n      ; Input    ; (0) 0 ps      ; --            ; --                    ; --  ; --   ;
; sys_clk        ; Input    ; --            ; --            ; --                    ; --  ; --   ;
; cam_pclk       ; Input    ; (0) 0 ps      ; (6) 1314 ps   ; --                    ; --  ; --   ;
; cam_vsync      ; Input    ; (6) 1314 ps   ; --            ; --                    ; --  ; --   ;
; cam_href       ; Input    ; --            ; (6) 1314 ps   ; --                    ; --  ; --   ;
; wrnf_n         ; Input    ; --            ; (6) 1314 ps   ; --                    ; --  ; --   ;
; rdne_n         ; Input    ; (6) 1314 ps   ; --            ; --                    ; --  ; --   ;
; cam_data[0]    ; Input    ; (6) 1314 ps   ; --            ; --                    ; --  ; --   ;
; cam_data[1]    ; Input    ; --            ; (6) 1314 ps   ; --                    ; --  ; --   ;
; cam_data[2]    ; Input    ; (6) 1314 ps   ; --            ; --                    ; --  ; --   ;
; cam_data[3]    ; Input    ; --            ; (6) 1314 ps   ; --                    ; --  ; --   ;
; cam_data[4]    ; Input    ; --            ; (6) 1314 ps   ; --                    ; --  ; --   ;
; cam_data[5]    ; Input    ; (6) 1314 ps   ; --            ; --                    ; --  ; --   ;
; cam_data[6]    ; Input    ; (6) 1314 ps   ; --            ; --                    ; --  ; --   ;
; cam_data[7]    ; Input    ; (6) 1314 ps   ; --            ; --                    ; --  ; --   ;
+----------------+----------+---------------+---------------+-----------------------+-----+------+


+-------------------------------------------------------------------------------------------------------------------------------------------------------------------------------------------------------------+
; Pad To Core Delay Chain Fanout                                                                                                                                                                              ;
+-------------------------------------------------------------------------------------------------------------------------------------------------------------------------------+-------------------+---------+
; Source Pin / Fanout                                                                                                                                                           ; Pad To Core Index ; Setting ;
+-------------------------------------------------------------------------------------------------------------------------------------------------------------------------------+-------------------+---------+
; cam_sda                                                                                                                                                                       ;                   ;         ;
; sdram_data[0]                                                                                                                                                                 ;                   ;         ;
;      - sdram_top:u_sdram_top|sdram_controller:u_sdram_controller|sdram_data:u_sdram_data|sdram_dout_r[0]~feeder                                                               ; 1                 ; 6       ;
; sdram_data[1]                                                                                                                                                                 ;                   ;         ;
;      - sdram_top:u_sdram_top|sdram_controller:u_sdram_controller|sdram_data:u_sdram_data|sdram_dout_r[1]                                                                      ; 0                 ; 6       ;
; sdram_data[2]                                                                                                                                                                 ;                   ;         ;
;      - sdram_top:u_sdram_top|sdram_controller:u_sdram_controller|sdram_data:u_sdram_data|sdram_dout_r[2]                                                                      ; 0                 ; 6       ;
; sdram_data[3]                                                                                                                                                                 ;                   ;         ;
;      - sdram_top:u_sdram_top|sdram_controller:u_sdram_controller|sdram_data:u_sdram_data|sdram_dout_r[3]~feeder                                                               ; 1                 ; 6       ;
; sdram_data[4]                                                                                                                                                                 ;                   ;         ;
;      - sdram_top:u_sdram_top|sdram_controller:u_sdram_controller|sdram_data:u_sdram_data|sdram_dout_r[4]                                                                      ; 0                 ; 6       ;
; sdram_data[5]                                                                                                                                                                 ;                   ;         ;
;      - sdram_top:u_sdram_top|sdram_controller:u_sdram_controller|sdram_data:u_sdram_data|sdram_dout_r[5]~feeder                                                               ; 1                 ; 6       ;
; sdram_data[6]                                                                                                                                                                 ;                   ;         ;
;      - sdram_top:u_sdram_top|sdram_controller:u_sdram_controller|sdram_data:u_sdram_data|sdram_dout_r[6]                                                                      ; 1                 ; 6       ;
; sdram_data[7]                                                                                                                                                                 ;                   ;         ;
;      - sdram_top:u_sdram_top|sdram_controller:u_sdram_controller|sdram_data:u_sdram_data|sdram_dout_r[7]                                                                      ; 0                 ; 6       ;
; sdram_data[8]                                                                                                                                                                 ;                   ;         ;
;      - sdram_top:u_sdram_top|sdram_controller:u_sdram_controller|sdram_data:u_sdram_data|sdram_dout_r[8]~feeder                                                               ; 0                 ; 6       ;
; sdram_data[9]                                                                                                                                                                 ;                   ;         ;
;      - sdram_top:u_sdram_top|sdram_controller:u_sdram_controller|sdram_data:u_sdram_data|sdram_dout_r[9]~feeder                                                               ; 0                 ; 6       ;
; sdram_data[10]                                                                                                                                                                ;                   ;         ;
;      - sdram_top:u_sdram_top|sdram_controller:u_sdram_controller|sdram_data:u_sdram_data|sdram_dout_r[10]~feeder                                                              ; 0                 ; 6       ;
; sdram_data[11]                                                                                                                                                                ;                   ;         ;
;      - sdram_top:u_sdram_top|sdram_controller:u_sdram_controller|sdram_data:u_sdram_data|sdram_dout_r[11]~feeder                                                              ; 1                 ; 6       ;
; sdram_data[12]                                                                                                                                                                ;                   ;         ;
;      - sdram_top:u_sdram_top|sdram_controller:u_sdram_controller|sdram_data:u_sdram_data|sdram_dout_r[12]~feeder                                                              ; 1                 ; 6       ;
; sdram_data[13]                                                                                                                                                                ;                   ;         ;
;      - sdram_top:u_sdram_top|sdram_controller:u_sdram_controller|sdram_data:u_sdram_data|sdram_dout_r[13]~feeder                                                              ; 0                 ; 6       ;
; sdram_data[14]                                                                                                                                                                ;                   ;         ;
;      - sdram_top:u_sdram_top|sdram_controller:u_sdram_controller|sdram_data:u_sdram_data|sdram_dout_r[14]~feeder                                                              ; 0                 ; 6       ;
; sdram_data[15]                                                                                                                                                                ;                   ;         ;
;      - sdram_top:u_sdram_top|sdram_controller:u_sdram_controller|sdram_data:u_sdram_data|sdram_dout_r[15]~feeder                                                              ; 0                 ; 6       ;
; lcd_rgb[0]                                                                                                                                                                    ;                   ;         ;
; lcd_rgb[1]                                                                                                                                                                    ;                   ;         ;
; lcd_rgb[2]                                                                                                                                                                    ;                   ;         ;
; lcd_rgb[3]                                                                                                                                                                    ;                   ;         ;
; lcd_rgb[4]                                                                                                                                                                    ;                   ;         ;
; lcd_rgb[5]                                                                                                                                                                    ;                   ;         ;
; lcd_rgb[6]                                                                                                                                                                    ;                   ;         ;
; lcd_rgb[7]                                                                                                                                                                    ;                   ;         ;
; lcd_rgb[8]                                                                                                                                                                    ;                   ;         ;
; lcd_rgb[9]                                                                                                                                                                    ;                   ;         ;
; lcd_rgb[10]                                                                                                                                                                   ;                   ;         ;
; lcd_rgb[11]                                                                                                                                                                   ;                   ;         ;
; lcd_rgb[12]                                                                                                                                                                   ;                   ;         ;
; lcd_rgb[13]                                                                                                                                                                   ;                   ;         ;
; lcd_rgb[14]                                                                                                                                                                   ;                   ;         ;
; lcd_rgb[15]                                                                                                                                                                   ;                   ;         ;
; lcd_rgb[16]                                                                                                                                                                   ;                   ;         ;
; lcd_rgb[17]                                                                                                                                                                   ;                   ;         ;
; lcd_rgb[18]                                                                                                                                                                   ;                   ;         ;
; lcd_rgb[19]                                                                                                                                                                   ;                   ;         ;
; lcd_rgb[20]                                                                                                                                                                   ;                   ;         ;
; lcd_rgb[21]                                                                                                                                                                   ;                   ;         ;
; lcd_rgb[22]                                                                                                                                                                   ;                   ;         ;
; lcd_rgb[23]                                                                                                                                                                   ;                   ;         ;
; data[0]                                                                                                                                                                       ;                   ;         ;
;      - top:u_ch346_top|rd_rst:m_rd_rst|reg_data_d1[0]~feeder                                                                                                                  ; 1                 ; 6       ;
; data[1]                                                                                                                                                                       ;                   ;         ;
;      - top:u_ch346_top|rd_rst:m_rd_rst|reg_data_d1[1]~feeder                                                                                                                  ; 0                 ; 6       ;
; data[2]                                                                                                                                                                       ;                   ;         ;
;      - top:u_ch346_top|rd_rst:m_rd_rst|reg_data_d1[2]~feeder                                                                                                                  ; 0                 ; 6       ;
; data[3]                                                                                                                                                                       ;                   ;         ;
;      - top:u_ch346_top|rd_rst:m_rd_rst|reg_data_d1[3]                                                                                                                         ; 0                 ; 6       ;
; data[4]                                                                                                                                                                       ;                   ;         ;
;      - top:u_ch346_top|rd_rst:m_rd_rst|reg_data_d1[4]                                                                                                                         ; 0                 ; 6       ;
; data[5]                                                                                                                                                                       ;                   ;         ;
;      - top:u_ch346_top|rd_rst:m_rd_rst|reg_data_d1[5]                                                                                                                         ; 0                 ; 6       ;
; data[6]                                                                                                                                                                       ;                   ;         ;
;      - top:u_ch346_top|rd_rst:m_rd_rst|reg_data_d1[6]~feeder                                                                                                                  ; 1                 ; 6       ;
; data[7]                                                                                                                                                                       ;                   ;         ;
;      - top:u_ch346_top|rd_rst:m_rd_rst|reg_data_d1[7]                                                                                                                         ; 0                 ; 6       ;
; sys_rst_n                                                                                                                                                                     ;                   ;         ;
; sys_clk                                                                                                                                                                       ;                   ;         ;
; cam_pclk                                                                                                                                                                      ;                   ;         ;
;      - cmos_capture_data:u_cmos_capture_data|byte_flag_d0                                                                                                                     ; 0                 ; 0       ;
;      - cmos_capture_data:u_cmos_capture_data|frame_enable                                                                                                                     ; 0                 ; 0       ;
;      - cmos_capture_data:u_cmos_capture_data|frame_val_flag                                                                                                                   ; 0                 ; 0       ;
;      - cmos_capture_data:u_cmos_capture_data|cmos_ps_cnt[0]                                                                                                                   ; 0                 ; 0       ;
;      - cmos_capture_data:u_cmos_capture_data|cmos_ps_cnt[1]                                                                                                                   ; 0                 ; 0       ;
;      - cmos_capture_data:u_cmos_capture_data|cmos_ps_cnt[2]                                                                                                                   ; 0                 ; 0       ;
;      - cmos_capture_data:u_cmos_capture_data|cmos_ps_cnt[3]                                                                                                                   ; 0                 ; 0       ;
;      - cmos_capture_data:u_cmos_capture_data|cam_vsync_d1                                                                                                                     ; 0                 ; 0       ;
;      - cmos_capture_data:u_cmos_capture_data|cam_vsync_d0                                                                                                                     ; 0                 ; 0       ;
;      - sdram_top:u_sdram_top|sdram_fifo_ctrl:u_sdram_fifo_ctrl|wrfifo:u_wrfifo|dcfifo:dcfifo_component|dcfifo_nnl1:auto_generated|altsyncram_em31:fifo_ram|ram_block9a0       ; 1                 ; 6       ;
;      - sdram_top:u_sdram_top|sdram_fifo_ctrl:u_sdram_fifo_ctrl|wrfifo:u_wrfifo|dcfifo:dcfifo_component|dcfifo_nnl1:auto_generated|altsyncram_em31:fifo_ram|ram_block9a9       ; 1                 ; 6       ;
;      - cmos_capture_data:u_cmos_capture_data|frame_state.WAIT_VSYNC                                                                                                           ; 0                 ; 0       ;
;      - cmos_capture_data:u_cmos_capture_data|frame_state.FRAME_OUTPUT                                                                                                         ; 0                 ; 0       ;
;      - cmos_capture_data:u_cmos_capture_data|byte_flag                                                                                                                        ; 0                 ; 0       ;
;      - sdram_top:u_sdram_top|sdram_fifo_ctrl:u_sdram_fifo_ctrl|wrfifo:u_wrfifo|dcfifo:dcfifo_component|dcfifo_nnl1:auto_generated|delayed_wrptr_g[10]                         ; 0                 ; 0       ;
;      - sdram_top:u_sdram_top|sdram_fifo_ctrl:u_sdram_fifo_ctrl|wrfifo:u_wrfifo|dcfifo:dcfifo_component|dcfifo_nnl1:auto_generated|delayed_wrptr_g[9]                          ; 0                 ; 0       ;
;      - sdram_top:u_sdram_top|sdram_fifo_ctrl:u_sdram_fifo_ctrl|wrfifo:u_wrfifo|dcfifo:dcfifo_component|dcfifo_nnl1:auto_generated|delayed_wrptr_g[8]                          ; 0                 ; 0       ;
;      - sdram_top:u_sdram_top|sdram_fifo_ctrl:u_sdram_fifo_ctrl|wrfifo:u_wrfifo|dcfifo:dcfifo_component|dcfifo_nnl1:auto_generated|delayed_wrptr_g[7]                          ; 0                 ; 0       ;
;      - sdram_top:u_sdram_top|sdram_fifo_ctrl:u_sdram_fifo_ctrl|wrfifo:u_wrfifo|dcfifo:dcfifo_component|dcfifo_nnl1:auto_generated|delayed_wrptr_g[6]                          ; 0                 ; 0       ;
;      - sdram_top:u_sdram_top|sdram_fifo_ctrl:u_sdram_fifo_ctrl|wrfifo:u_wrfifo|dcfifo:dcfifo_component|dcfifo_nnl1:auto_generated|delayed_wrptr_g[5]                          ; 0                 ; 0       ;
;      - sdram_top:u_sdram_top|sdram_fifo_ctrl:u_sdram_fifo_ctrl|wrfifo:u_wrfifo|dcfifo:dcfifo_component|dcfifo_nnl1:auto_generated|delayed_wrptr_g[4]                          ; 0                 ; 0       ;
;      - sdram_top:u_sdram_top|sdram_fifo_ctrl:u_sdram_fifo_ctrl|wrfifo:u_wrfifo|dcfifo:dcfifo_component|dcfifo_nnl1:auto_generated|delayed_wrptr_g[3]                          ; 0                 ; 0       ;
;      - sdram_top:u_sdram_top|sdram_fifo_ctrl:u_sdram_fifo_ctrl|wrfifo:u_wrfifo|dcfifo:dcfifo_component|dcfifo_nnl1:auto_generated|delayed_wrptr_g[2]                          ; 0                 ; 0       ;
;      - sdram_top:u_sdram_top|sdram_fifo_ctrl:u_sdram_fifo_ctrl|wrfifo:u_wrfifo|dcfifo:dcfifo_component|dcfifo_nnl1:auto_generated|delayed_wrptr_g[1]                          ; 0                 ; 0       ;
;      - sdram_top:u_sdram_top|sdram_fifo_ctrl:u_sdram_fifo_ctrl|wrfifo:u_wrfifo|dcfifo:dcfifo_component|dcfifo_nnl1:auto_generated|delayed_wrptr_g[0]                          ; 0                 ; 0       ;
;      - cmos_capture_data:u_cmos_capture_data|frame_state.IDLE                                                                                                                 ; 0                 ; 0       ;
;      - sdram_top:u_sdram_top|sdram_fifo_ctrl:u_sdram_fifo_ctrl|wrfifo:u_wrfifo|dcfifo:dcfifo_component|dcfifo_nnl1:auto_generated|wrptr_g[10]                                 ; 0                 ; 0       ;
;      - sdram_top:u_sdram_top|sdram_fifo_ctrl:u_sdram_fifo_ctrl|wrfifo:u_wrfifo|dcfifo:dcfifo_component|dcfifo_nnl1:auto_generated|wrptr_g[9]                                  ; 0                 ; 0       ;
;      - sdram_top:u_sdram_top|sdram_fifo_ctrl:u_sdram_fifo_ctrl|wrfifo:u_wrfifo|dcfifo:dcfifo_component|dcfifo_nnl1:auto_generated|wrptr_g[8]                                  ; 0                 ; 0       ;
;      - sdram_top:u_sdram_top|sdram_fifo_ctrl:u_sdram_fifo_ctrl|wrfifo:u_wrfifo|dcfifo:dcfifo_component|dcfifo_nnl1:auto_generated|wrptr_g[7]                                  ; 0                 ; 0       ;
;      - sdram_top:u_sdram_top|sdram_fifo_ctrl:u_sdram_fifo_ctrl|wrfifo:u_wrfifo|dcfifo:dcfifo_component|dcfifo_nnl1:auto_generated|wrptr_g[6]                                  ; 0                 ; 0       ;
;      - sdram_top:u_sdram_top|sdram_fifo_ctrl:u_sdram_fifo_ctrl|wrfifo:u_wrfifo|dcfifo:dcfifo_component|dcfifo_nnl1:auto_generated|wrptr_g[5]                                  ; 0                 ; 0       ;
;      - sdram_top:u_sdram_top|sdram_fifo_ctrl:u_sdram_fifo_ctrl|wrfifo:u_wrfifo|dcfifo:dcfifo_component|dcfifo_nnl1:auto_generated|wrptr_g[4]                                  ; 0                 ; 0       ;
;      - sdram_top:u_sdram_top|sdram_fifo_ctrl:u_sdram_fifo_ctrl|wrfifo:u_wrfifo|dcfifo:dcfifo_component|dcfifo_nnl1:auto_generated|wrptr_g[3]                                  ; 0                 ; 0       ;
;      - sdram_top:u_sdram_top|sdram_fifo_ctrl:u_sdram_fifo_ctrl|wrfifo:u_wrfifo|dcfifo:dcfifo_component|dcfifo_nnl1:auto_generated|wrptr_g[2]                                  ; 0                 ; 0       ;
;      - sdram_top:u_sdram_top|sdram_fifo_ctrl:u_sdram_fifo_ctrl|wrfifo:u_wrfifo|dcfifo:dcfifo_component|dcfifo_nnl1:auto_generated|wrptr_g[1]                                  ; 0                 ; 0       ;
;      - sdram_top:u_sdram_top|sdram_fifo_ctrl:u_sdram_fifo_ctrl|wrfifo:u_wrfifo|dcfifo:dcfifo_component|dcfifo_nnl1:auto_generated|wrptr_g[0]                                  ; 0                 ; 0       ;
;      - sdram_top:u_sdram_top|sdram_fifo_ctrl:u_sdram_fifo_ctrl|wrfifo:u_wrfifo|dcfifo:dcfifo_component|dcfifo_nnl1:auto_generated|a_graycounter_2lc:wrptr_g1p|counter6a10     ; 0                 ; 0       ;
;      - sdram_top:u_sdram_top|sdram_fifo_ctrl:u_sdram_fifo_ctrl|wrfifo:u_wrfifo|dcfifo:dcfifo_component|dcfifo_nnl1:auto_generated|wrfull_eq_comp_lsb_mux_reg                  ; 0                 ; 0       ;
;      - sdram_top:u_sdram_top|sdram_fifo_ctrl:u_sdram_fifo_ctrl|wrfifo:u_wrfifo|dcfifo:dcfifo_component|dcfifo_nnl1:auto_generated|wrfull_eq_comp_msb_mux_reg                  ; 0                 ; 0       ;
;      - sdram_top:u_sdram_top|sdram_fifo_ctrl:u_sdram_fifo_ctrl|wrfifo:u_wrfifo|dcfifo:dcfifo_component|dcfifo_nnl1:auto_generated|a_graycounter_2lc:wrptr_g1p|counter6a9      ; 0                 ; 0       ;
;      - sdram_top:u_sdram_top|sdram_fifo_ctrl:u_sdram_fifo_ctrl|wrfifo:u_wrfifo|dcfifo:dcfifo_component|dcfifo_nnl1:auto_generated|a_graycounter_2lc:wrptr_g1p|counter6a8      ; 0                 ; 0       ;
;      - sdram_top:u_sdram_top|sdram_fifo_ctrl:u_sdram_fifo_ctrl|wrfifo:u_wrfifo|dcfifo:dcfifo_component|dcfifo_nnl1:auto_generated|a_graycounter_2lc:wrptr_g1p|counter6a7      ; 0                 ; 0       ;
;      - sdram_top:u_sdram_top|sdram_fifo_ctrl:u_sdram_fifo_ctrl|wrfifo:u_wrfifo|dcfifo:dcfifo_component|dcfifo_nnl1:auto_generated|a_graycounter_2lc:wrptr_g1p|counter6a6      ; 0                 ; 0       ;
;      - sdram_top:u_sdram_top|sdram_fifo_ctrl:u_sdram_fifo_ctrl|wrfifo:u_wrfifo|dcfifo:dcfifo_component|dcfifo_nnl1:auto_generated|a_graycounter_2lc:wrptr_g1p|counter6a5      ; 0                 ; 0       ;
;      - sdram_top:u_sdram_top|sdram_fifo_ctrl:u_sdram_fifo_ctrl|wrfifo:u_wrfifo|dcfifo:dcfifo_component|dcfifo_nnl1:auto_generated|a_graycounter_2lc:wrptr_g1p|counter6a4      ; 0                 ; 0       ;
;      - sdram_top:u_sdram_top|sdram_fifo_ctrl:u_sdram_fifo_ctrl|wrfifo:u_wrfifo|dcfifo:dcfifo_component|dcfifo_nnl1:auto_generated|a_graycounter_2lc:wrptr_g1p|counter6a3      ; 0                 ; 0       ;
;      - sdram_top:u_sdram_top|sdram_fifo_ctrl:u_sdram_fifo_ctrl|wrfifo:u_wrfifo|dcfifo:dcfifo_component|dcfifo_nnl1:auto_generated|a_graycounter_2lc:wrptr_g1p|counter6a2      ; 0                 ; 0       ;
;      - sdram_top:u_sdram_top|sdram_fifo_ctrl:u_sdram_fifo_ctrl|wrfifo:u_wrfifo|dcfifo:dcfifo_component|dcfifo_nnl1:auto_generated|a_graycounter_2lc:wrptr_g1p|counter6a1      ; 0                 ; 0       ;
;      - sdram_top:u_sdram_top|sdram_fifo_ctrl:u_sdram_fifo_ctrl|wrfifo:u_wrfifo|dcfifo:dcfifo_component|dcfifo_nnl1:auto_generated|a_graycounter_2lc:wrptr_g1p|counter6a0      ; 0                 ; 0       ;
;      - cmos_capture_data:u_cmos_capture_data|cmos_data_t[0]                                                                                                                   ; 0                 ; 0       ;
;      - cmos_capture_data:u_cmos_capture_data|cmos_data_t[1]                                                                                                                   ; 0                 ; 0       ;
;      - cmos_capture_data:u_cmos_capture_data|cmos_data_t[2]                                                                                                                   ; 0                 ; 0       ;
;      - cmos_capture_data:u_cmos_capture_data|cmos_data_t[3]                                                                                                                   ; 0                 ; 0       ;
;      - cmos_capture_data:u_cmos_capture_data|cmos_data_t[4]                                                                                                                   ; 0                 ; 0       ;
;      - cmos_capture_data:u_cmos_capture_data|cmos_data_t[5]                                                                                                                   ; 0                 ; 0       ;
;      - cmos_capture_data:u_cmos_capture_data|cmos_data_t[6]                                                                                                                   ; 0                 ; 0       ;
;      - cmos_capture_data:u_cmos_capture_data|cmos_data_t[7]                                                                                                                   ; 0                 ; 0       ;
;      - cmos_capture_data:u_cmos_capture_data|cmos_data_t[8]                                                                                                                   ; 0                 ; 0       ;
;      - cmos_capture_data:u_cmos_capture_data|cmos_data_t[9]                                                                                                                   ; 0                 ; 0       ;
;      - cmos_capture_data:u_cmos_capture_data|cmos_data_t[10]                                                                                                                  ; 0                 ; 0       ;
;      - cmos_capture_data:u_cmos_capture_data|cmos_data_t[11]                                                                                                                  ; 0                 ; 0       ;
;      - cmos_capture_data:u_cmos_capture_data|cmos_data_t[12]                                                                                                                  ; 0                 ; 0       ;
;      - cmos_capture_data:u_cmos_capture_data|cmos_data_t[13]                                                                                                                  ; 0                 ; 0       ;
;      - cmos_capture_data:u_cmos_capture_data|cmos_data_t[14]                                                                                                                  ; 0                 ; 0       ;
;      - cmos_capture_data:u_cmos_capture_data|cmos_data_t[15]                                                                                                                  ; 0                 ; 0       ;
;      - sdram_top:u_sdram_top|sdram_fifo_ctrl:u_sdram_fifo_ctrl|wrfifo:u_wrfifo|dcfifo:dcfifo_component|dcfifo_nnl1:auto_generated|a_graycounter_2lc:wrptr_g1p|parity7         ; 0                 ; 0       ;
;      - cmos_capture_data:u_cmos_capture_data|cam_data_d0[0]                                                                                                                   ; 0                 ; 0       ;
;      - cmos_capture_data:u_cmos_capture_data|cam_data_d0[1]                                                                                                                   ; 0                 ; 0       ;
;      - cmos_capture_data:u_cmos_capture_data|cam_data_d0[2]                                                                                                                   ; 0                 ; 0       ;
;      - cmos_capture_data:u_cmos_capture_data|cam_data_d0[3]                                                                                                                   ; 0                 ; 0       ;
;      - cmos_capture_data:u_cmos_capture_data|cam_data_d0[4]                                                                                                                   ; 0                 ; 0       ;
;      - cmos_capture_data:u_cmos_capture_data|cam_data_d0[5]                                                                                                                   ; 0                 ; 0       ;
;      - cmos_capture_data:u_cmos_capture_data|cam_data_d0[6]                                                                                                                   ; 0                 ; 0       ;
;      - cmos_capture_data:u_cmos_capture_data|cam_data_d0[7]                                                                                                                   ; 0                 ; 0       ;
;      - sdram_top:u_sdram_top|sdram_fifo_ctrl:u_sdram_fifo_ctrl|wrfifo:u_wrfifo|dcfifo:dcfifo_component|dcfifo_nnl1:auto_generated|a_graycounter_2lc:wrptr_g1p|sub_parity8a[2] ; 0                 ; 0       ;
;      - sdram_top:u_sdram_top|sdram_fifo_ctrl:u_sdram_fifo_ctrl|wrfifo:u_wrfifo|dcfifo:dcfifo_component|dcfifo_nnl1:auto_generated|a_graycounter_2lc:wrptr_g1p|sub_parity8a[1] ; 0                 ; 0       ;
;      - sdram_top:u_sdram_top|sdram_fifo_ctrl:u_sdram_fifo_ctrl|wrfifo:u_wrfifo|dcfifo:dcfifo_component|dcfifo_nnl1:auto_generated|a_graycounter_2lc:wrptr_g1p|sub_parity8a[0] ; 0                 ; 0       ;
; cam_vsync                                                                                                                                                                     ;                   ;         ;
;      - cmos_capture_data:u_cmos_capture_data|cam_vsync_d0                                                                                                                     ; 0                 ; 6       ;
; cam_href                                                                                                                                                                      ;                   ;         ;
;      - cmos_capture_data:u_cmos_capture_data|byte_flag~0                                                                                                                      ; 1                 ; 6       ;
;      - cmos_capture_data:u_cmos_capture_data|cmos_data_t[0]~0                                                                                                                 ; 1                 ; 6       ;
;      - cmos_capture_data:u_cmos_capture_data|cam_data_d0~0                                                                                                                    ; 1                 ; 6       ;
;      - cmos_capture_data:u_cmos_capture_data|cam_data_d0~1                                                                                                                    ; 1                 ; 6       ;
;      - cmos_capture_data:u_cmos_capture_data|cam_data_d0~2                                                                                                                    ; 1                 ; 6       ;
;      - cmos_capture_data:u_cmos_capture_data|cam_data_d0~3                                                                                                                    ; 1                 ; 6       ;
;      - cmos_capture_data:u_cmos_capture_data|cam_data_d0~4                                                                                                                    ; 1                 ; 6       ;
;      - cmos_capture_data:u_cmos_capture_data|cam_data_d0~5                                                                                                                    ; 1                 ; 6       ;
;      - cmos_capture_data:u_cmos_capture_data|cam_data_d0~6                                                                                                                    ; 1                 ; 6       ;
;      - cmos_capture_data:u_cmos_capture_data|cam_data_d0~7                                                                                                                    ; 1                 ; 6       ;
; wrnf_n                                                                                                                                                                        ;                   ;         ;
;      - top:u_ch346_top|reg_wrnf_n                                                                                                                                             ; 1                 ; 6       ;
; rdne_n                                                                                                                                                                        ;                   ;         ;
;      - top:u_ch346_top|reg_rdne_n~feeder                                                                                                                                      ; 0                 ; 6       ;
; cam_data[0]                                                                                                                                                                   ;                   ;         ;
;      - cmos_capture_data:u_cmos_capture_data|cmos_data_t[0]                                                                                                                   ; 0                 ; 6       ;
;      - cmos_capture_data:u_cmos_capture_data|cam_data_d0~0                                                                                                                    ; 0                 ; 6       ;
; cam_data[1]                                                                                                                                                                   ;                   ;         ;
;      - cmos_capture_data:u_cmos_capture_data|cmos_data_t[1]                                                                                                                   ; 1                 ; 6       ;
;      - cmos_capture_data:u_cmos_capture_data|cam_data_d0~1                                                                                                                    ; 1                 ; 6       ;
; cam_data[2]                                                                                                                                                                   ;                   ;         ;
;      - cmos_capture_data:u_cmos_capture_data|cmos_data_t[2]                                                                                                                   ; 0                 ; 6       ;
;      - cmos_capture_data:u_cmos_capture_data|cam_data_d0~2                                                                                                                    ; 0                 ; 6       ;
; cam_data[3]                                                                                                                                                                   ;                   ;         ;
;      - cmos_capture_data:u_cmos_capture_data|cmos_data_t[3]                                                                                                                   ; 1                 ; 6       ;
;      - cmos_capture_data:u_cmos_capture_data|cam_data_d0~3                                                                                                                    ; 1                 ; 6       ;
; cam_data[4]                                                                                                                                                                   ;                   ;         ;
;      - cmos_capture_data:u_cmos_capture_data|cmos_data_t[4]                                                                                                                   ; 1                 ; 6       ;
;      - cmos_capture_data:u_cmos_capture_data|cam_data_d0~4                                                                                                                    ; 1                 ; 6       ;
; cam_data[5]                                                                                                                                                                   ;                   ;         ;
;      - cmos_capture_data:u_cmos_capture_data|cmos_data_t[5]                                                                                                                   ; 0                 ; 6       ;
;      - cmos_capture_data:u_cmos_capture_data|cam_data_d0~5                                                                                                                    ; 0                 ; 6       ;
; cam_data[6]                                                                                                                                                                   ;                   ;         ;
;      - cmos_capture_data:u_cmos_capture_data|cmos_data_t[6]                                                                                                                   ; 0                 ; 6       ;
;      - cmos_capture_data:u_cmos_capture_data|cam_data_d0~6                                                                                                                    ; 0                 ; 6       ;
; cam_data[7]                                                                                                                                                                   ;                   ;         ;
;      - cmos_capture_data:u_cmos_capture_data|cmos_data_t[7]                                                                                                                   ; 0                 ; 6       ;
;      - cmos_capture_data:u_cmos_capture_data|cam_data_d0~7                                                                                                                    ; 0                 ; 6       ;
+-------------------------------------------------------------------------------------------------------------------------------------------------------------------------------+-------------------+---------+


+------------------------------------------------------------------------------------------------------------------------------------------------------------------------------------------------------------------------------------------------------------------------------------------------------------------------------------------------------------------------------------------------------------------------------------------------+
; Control Signals                                                                                                                                                                                                                                                                                                                                                                                                                                ;
+-----------------------------------------------------------------------------------------------------------------------------------------------------------------------------------------------------------------------------------------------------------------------------------------------------+--------------------+---------+----------------------------+--------+----------------------+------------------+---------------------------+
; Name                                                                                                                                                                                                                                                                                                ; Location           ; Fan-Out ; Usage                      ; Global ; Global Resource Used ; Global Line Name ; Enable Signal Source Name ;
+-----------------------------------------------------------------------------------------------------------------------------------------------------------------------------------------------------------------------------------------------------------------------------------------------------+--------------------+---------+----------------------------+--------+----------------------+------------------+---------------------------+
; altera_internal_jtag~TCKUTAP                                                                                                                                                                                                                                                                        ; JTAG_X1_Y12_N0     ; 431     ; Clock                      ; yes    ; Global Clock         ; GCLK1            ; --                        ;
; altera_internal_jtag~TMSUTAP                                                                                                                                                                                                                                                                        ; JTAG_X1_Y12_N0     ; 23      ; Sync. clear                ; no     ; --                   ; --               ; --                        ;
; cam_pclk                                                                                                                                                                                                                                                                                            ; PIN_L10            ; 78      ; Clock                      ; no     ; --                   ; --               ; --                        ;
; cmos_capture_data:u_cmos_capture_data|cmos_data_t[0]~0                                                                                                                                                                                                                                              ; LCCOMB_X14_Y3_N0   ; 16      ; Clock enable               ; no     ; --                   ; --               ; --                        ;
; comb~0                                                                                                                                                                                                                                                                                              ; LCCOMB_X30_Y12_N20 ; 37      ; Async. clear               ; yes    ; Global Clock         ; GCLK6            ; --                        ;
; i2c_dri:u_i2c_dr|Selector1~1                                                                                                                                                                                                                                                                        ; LCCOMB_X10_Y15_N30 ; 23      ; Clock enable               ; no     ; --                   ; --               ; --                        ;
; i2c_dri:u_i2c_dr|cnt[6]~14                                                                                                                                                                                                                                                                          ; LCCOMB_X5_Y9_N4    ; 7       ; Sync. clear                ; no     ; --                   ; --               ; --                        ;
; i2c_dri:u_i2c_dr|dri_clk                                                                                                                                                                                                                                                                            ; FF_X33_Y12_N17     ; 89      ; Clock                      ; yes    ; Global Clock         ; GCLK5            ; --                        ;
; i2c_dri:u_i2c_dr|sda_dir                                                                                                                                                                                                                                                                            ; FF_X7_Y9_N17       ; 2       ; Output enable              ; no     ; --                   ; --               ; --                        ;
; i2c_dri:u_i2c_dr|st_done                                                                                                                                                                                                                                                                            ; FF_X8_Y9_N13       ; 8       ; Clock enable               ; no     ; --                   ; --               ; --                        ;
; i2c_ov5640_rgb565_cfg:u_i2c_cfg|LessThan0~1                                                                                                                                                                                                                                                         ; LCCOMB_X13_Y9_N30  ; 13      ; Clock enable               ; no     ; --                   ; --               ; --                        ;
; i2c_ov5640_rgb565_cfg:u_i2c_cfg|i2c_exec                                                                                                                                                                                                                                                            ; FF_X10_Y15_N7      ; 11      ; Clock enable               ; no     ; --                   ; --               ; --                        ;
; lcd:u_lcd|clk_div:u_clk_div|Selector0                                                                                                                                                                                                                                                               ; LCCOMB_X32_Y21_N30 ; 187     ; Clock                      ; yes    ; Global Clock         ; GCLK8            ; --                        ;
; lcd:u_lcd|lcd_driver:u_lcd_driver|Equal4~2                                                                                                                                                                                                                                                          ; LCCOMB_X24_Y4_N6   ; 11      ; Clock enable               ; no     ; --                   ; --               ; --                        ;
; lcd:u_lcd|lcd_driver:u_lcd_driver|LessThan6~0                                                                                                                                                                                                                                                       ; LCCOMB_X24_Y4_N30  ; 11      ; Sync. clear                ; no     ; --                   ; --               ; --                        ;
; lcd:u_lcd|lcd_driver:u_lcd_driver|LessThan7~2                                                                                                                                                                                                                                                       ; LCCOMB_X26_Y4_N30  ; 11      ; Sync. clear                ; no     ; --                   ; --               ; --                        ;
; lcd:u_lcd|lcd_driver:u_lcd_driver|lcd_de~8                                                                                                                                                                                                                                                          ; LCCOMB_X25_Y4_N20  ; 25      ; Output enable              ; no     ; --                   ; --               ; --                        ;
; pll:u_pll|altpll:altpll_component|pll_altpll:auto_generated|wire_pll1_clk[0]                                                                                                                                                                                                                        ; PLL_1              ; 1189    ; Clock                      ; yes    ; Global Clock         ; GCLK3            ; --                        ;
; pll:u_pll|altpll:altpll_component|pll_altpll:auto_generated|wire_pll1_clk[2]                                                                                                                                                                                                                        ; PLL_1              ; 14      ; Clock                      ; yes    ; Global Clock         ; GCLK4            ; --                        ;
; pll:u_pll|altpll:altpll_component|pll_altpll:auto_generated|wire_pll1_locked                                                                                                                                                                                                                        ; PLL_1              ; 2       ; Clock                      ; no     ; --                   ; --               ; --                        ;
; rst_n~0                                                                                                                                                                                                                                                                                             ; LCCOMB_X30_Y12_N10 ; 754     ; Async. clear               ; yes    ; Global Clock         ; GCLK9            ; --                        ;
; sdram_to8_flow_ctrl:u_sdram_to8_flow_ctrl|always1~3                                                                                                                                                                                                                                                 ; LCCOMB_X24_Y14_N20 ; 17      ; Clock enable               ; no     ; --                   ; --               ; --                        ;
; sdram_top:u_sdram_top|sdram_controller:u_sdram_controller|sdram_cmd:u_sdram_cmd|sdram_addr[0]~0                                                                                                                                                                                                     ; LCCOMB_X29_Y11_N18 ; 15      ; Clock enable               ; no     ; --                   ; --               ; --                        ;
; sdram_top:u_sdram_top|sdram_controller:u_sdram_controller|sdram_ctrl:u_sdram_ctrl|LessThan3~2                                                                                                                                                                                                       ; LCCOMB_X7_Y5_N30   ; 15      ; Clock enable               ; no     ; --                   ; --               ; --                        ;
; sdram_top:u_sdram_top|sdram_controller:u_sdram_controller|sdram_ctrl:u_sdram_ctrl|LessThan4~1                                                                                                                                                                                                       ; LCCOMB_X28_Y13_N30 ; 11      ; Sync. clear                ; no     ; --                   ; --               ; --                        ;
; sdram_top:u_sdram_top|sdram_controller:u_sdram_controller|sdram_ctrl:u_sdram_ctrl|Selector0~1                                                                                                                                                                                                       ; LCCOMB_X28_Y11_N4  ; 10      ; Sync. clear                ; no     ; --                   ; --               ; --                        ;
; sdram_top:u_sdram_top|sdram_controller:u_sdram_controller|sdram_ctrl:u_sdram_ctrl|init_ar_cnt[0]~2                                                                                                                                                                                                  ; LCCOMB_X30_Y11_N14 ; 4       ; Clock enable               ; no     ; --                   ; --               ; --                        ;
; sdram_top:u_sdram_top|sdram_controller:u_sdram_controller|sdram_data:u_sdram_data|Equal2~1                                                                                                                                                                                                          ; LCCOMB_X29_Y8_N18  ; 17      ; Clock enable               ; no     ; --                   ; --               ; --                        ;
; sdram_top:u_sdram_top|sdram_controller:u_sdram_controller|sdram_data:u_sdram_data|always0~0                                                                                                                                                                                                         ; LCCOMB_X29_Y8_N30  ; 17      ; Clock enable               ; no     ; --                   ; --               ; --                        ;
; sdram_top:u_sdram_top|sdram_controller:u_sdram_controller|sdram_data:u_sdram_data|sdram_out_en                                                                                                                                                                                                      ; FF_X29_Y8_N31      ; 16      ; Output enable              ; no     ; --                   ; --               ; --                        ;
; sdram_top:u_sdram_top|sdram_fifo_ctrl:u_sdram_fifo_ctrl|rdfifo:u_rdfifo|dcfifo:dcfifo_component|dcfifo_aol1:auto_generated|valid_rdreq~1                                                                                                                                                            ; LCCOMB_X25_Y5_N0   ; 22      ; Clock enable               ; no     ; --                   ; --               ; --                        ;
; sdram_top:u_sdram_top|sdram_fifo_ctrl:u_sdram_fifo_ctrl|rdfifo:u_rdfifo|dcfifo:dcfifo_component|dcfifo_aol1:auto_generated|valid_wrreq~0                                                                                                                                                            ; LCCOMB_X26_Y5_N6   ; 24      ; Clock enable, Write enable ; no     ; --                   ; --               ; --                        ;
; sdram_top:u_sdram_top|sdram_fifo_ctrl:u_sdram_fifo_ctrl|read_done_flag                                                                                                                                                                                                                              ; LCCOMB_X29_Y9_N16  ; 17      ; Clock enable               ; no     ; --                   ; --               ; --                        ;
; sdram_top:u_sdram_top|sdram_fifo_ctrl:u_sdram_fifo_ctrl|sdram_wr_addr[16]~3                                                                                                                                                                                                                         ; LCCOMB_X24_Y9_N14  ; 14      ; Clock enable               ; no     ; --                   ; --               ; --                        ;
; sdram_top:u_sdram_top|sdram_fifo_ctrl:u_sdram_fifo_ctrl|wrfifo:u_wrfifo|dcfifo:dcfifo_component|dcfifo_nnl1:auto_generated|valid_rdreq~1                                                                                                                                                            ; LCCOMB_X21_Y8_N8   ; 21      ; Clock enable               ; no     ; --                   ; --               ; --                        ;
; sdram_top:u_sdram_top|sdram_fifo_ctrl:u_sdram_fifo_ctrl|wrfifo:u_wrfifo|dcfifo:dcfifo_component|dcfifo_nnl1:auto_generated|valid_wrreq~0                                                                                                                                                            ; LCCOMB_X17_Y4_N30  ; 20      ; Clock enable, Write enable ; no     ; --                   ; --               ; --                        ;
; sld_hub:auto_hub|sld_jtag_hub:\jtag_hub_gen:sld_jtag_hub_inst|clr_reg                                                                                                                                                                                                                               ; FF_X14_Y12_N25     ; 22      ; Async. clear               ; no     ; --                   ; --               ; --                        ;
; sld_hub:auto_hub|sld_jtag_hub:\jtag_hub_gen:sld_jtag_hub_inst|design_hash_proc~0                                                                                                                                                                                                                    ; LCCOMB_X11_Y13_N4  ; 4       ; Sync. load                 ; no     ; --                   ; --               ; --                        ;
; sld_hub:auto_hub|sld_jtag_hub:\jtag_hub_gen:sld_jtag_hub_inst|hub_info_reg_ena                                                                                                                                                                                                                      ; LCCOMB_X11_Y13_N6  ; 4       ; Clock enable               ; no     ; --                   ; --               ; --                        ;
; sld_hub:auto_hub|sld_jtag_hub:\jtag_hub_gen:sld_jtag_hub_inst|hub_info_reg_ena~0                                                                                                                                                                                                                    ; LCCOMB_X11_Y13_N18 ; 5       ; Clock enable               ; no     ; --                   ; --               ; --                        ;
; sld_hub:auto_hub|sld_jtag_hub:\jtag_hub_gen:sld_jtag_hub_inst|identity_contrib_shift_reg[0]~1                                                                                                                                                                                                       ; LCCOMB_X12_Y13_N18 ; 4       ; Clock enable               ; no     ; --                   ; --               ; --                        ;
; sld_hub:auto_hub|sld_jtag_hub:\jtag_hub_gen:sld_jtag_hub_inst|identity_contrib_update_reg[0]~0                                                                                                                                                                                                      ; LCCOMB_X12_Y13_N12 ; 4       ; Clock enable               ; no     ; --                   ; --               ; --                        ;
; sld_hub:auto_hub|sld_jtag_hub:\jtag_hub_gen:sld_jtag_hub_inst|irf_reg[1][0]~0                                                                                                                                                                                                                       ; LCCOMB_X12_Y12_N12 ; 8       ; Clock enable               ; no     ; --                   ; --               ; --                        ;
; sld_hub:auto_hub|sld_jtag_hub:\jtag_hub_gen:sld_jtag_hub_inst|irf_reg[1][4]                                                                                                                                                                                                                         ; FF_X16_Y12_N25     ; 17      ; Clock enable               ; no     ; --                   ; --               ; --                        ;
; sld_hub:auto_hub|sld_jtag_hub:\jtag_hub_gen:sld_jtag_hub_inst|irf_reg[1][7]                                                                                                                                                                                                                         ; FF_X16_Y12_N31     ; 29      ; Clock enable               ; no     ; --                   ; --               ; --                        ;
; sld_hub:auto_hub|sld_jtag_hub:\jtag_hub_gen:sld_jtag_hub_inst|irsr_reg[0]~2                                                                                                                                                                                                                         ; LCCOMB_X14_Y12_N30 ; 7       ; Clock enable               ; no     ; --                   ; --               ; --                        ;
; sld_hub:auto_hub|sld_jtag_hub:\jtag_hub_gen:sld_jtag_hub_inst|mixer_addr_reg[4]~10                                                                                                                                                                                                                  ; LCCOMB_X10_Y14_N0  ; 5       ; Clock enable               ; no     ; --                   ; --               ; --                        ;
; sld_hub:auto_hub|sld_jtag_hub:\jtag_hub_gen:sld_jtag_hub_inst|mixer_addr_reg[4]~19                                                                                                                                                                                                                  ; LCCOMB_X10_Y14_N20 ; 5       ; Sync. load                 ; no     ; --                   ; --               ; --                        ;
; sld_hub:auto_hub|sld_jtag_hub:\jtag_hub_gen:sld_jtag_hub_inst|sld_rom_sr:hub_info_reg|WORD_SR[0]~16                                                                                                                                                                                                 ; LCCOMB_X12_Y14_N6  ; 4       ; Clock enable               ; no     ; --                   ; --               ; --                        ;
; sld_hub:auto_hub|sld_jtag_hub:\jtag_hub_gen:sld_jtag_hub_inst|sld_rom_sr:hub_info_reg|word_counter[0]~13                                                                                                                                                                                            ; LCCOMB_X13_Y14_N28 ; 5       ; Sync. clear                ; no     ; --                   ; --               ; --                        ;
; sld_hub:auto_hub|sld_jtag_hub:\jtag_hub_gen:sld_jtag_hub_inst|sld_rom_sr:hub_info_reg|word_counter[0]~20                                                                                                                                                                                            ; LCCOMB_X12_Y14_N16 ; 5       ; Clock enable               ; no     ; --                   ; --               ; --                        ;
; sld_hub:auto_hub|sld_jtag_hub:\jtag_hub_gen:sld_jtag_hub_inst|sld_shadow_jsm:shadow_jsm|state[0]                                                                                                                                                                                                    ; FF_X11_Y12_N9      ; 15      ; Async. clear               ; no     ; --                   ; --               ; --                        ;
; sld_hub:auto_hub|sld_jtag_hub:\jtag_hub_gen:sld_jtag_hub_inst|sld_shadow_jsm:shadow_jsm|state[11]                                                                                                                                                                                                   ; FF_X11_Y12_N11     ; 12      ; Clock enable               ; no     ; --                   ; --               ; --                        ;
; sld_hub:auto_hub|sld_jtag_hub:\jtag_hub_gen:sld_jtag_hub_inst|sld_shadow_jsm:shadow_jsm|state[3]                                                                                                                                                                                                    ; FF_X11_Y12_N5      ; 26      ; Sync. load                 ; no     ; --                   ; --               ; --                        ;
; sld_hub:auto_hub|sld_jtag_hub:\jtag_hub_gen:sld_jtag_hub_inst|sld_shadow_jsm:shadow_jsm|state[8]                                                                                                                                                                                                    ; FF_X12_Y14_N25     ; 14      ; Async. clear               ; no     ; --                   ; --               ; --                        ;
; sld_hub:auto_hub|sld_jtag_hub:\jtag_hub_gen:sld_jtag_hub_inst|virtual_ir_dr_scan_proc~0                                                                                                                                                                                                             ; LCCOMB_X11_Y12_N30 ; 3       ; Clock enable               ; no     ; --                   ; --               ; --                        ;
; sld_hub:auto_hub|sld_jtag_hub:\jtag_hub_gen:sld_jtag_hub_inst|virtual_ir_scan_reg                                                                                                                                                                                                                   ; FF_X10_Y12_N9      ; 22      ; Async. clear, Clock enable ; no     ; --                   ; --               ; --                        ;
; sld_signaltap:auto_signaltap_0|sld_signaltap_impl:sld_signaltap_body|sld_signaltap_implb:sld_signaltap_body|altdpram:\stp_non_zero_ram_gen:attribute_mem_gen:attribute_mem|lpm_decode:wdecoder|decode_dvf:auto_generated|eq_node[0]~1                                                               ; LCCOMB_X18_Y13_N12 ; 23      ; Clock enable               ; no     ; --                   ; --               ; --                        ;
; sld_signaltap:auto_signaltap_0|sld_signaltap_impl:sld_signaltap_body|sld_signaltap_implb:sld_signaltap_body|altdpram:\stp_non_zero_ram_gen:attribute_mem_gen:attribute_mem|lpm_decode:wdecoder|decode_dvf:auto_generated|eq_node[1]~0                                                               ; LCCOMB_X18_Y13_N2  ; 23      ; Clock enable               ; no     ; --                   ; --               ; --                        ;
; sld_signaltap:auto_signaltap_0|sld_signaltap_impl:sld_signaltap_body|sld_signaltap_implb:sld_signaltap_body|buffer_write_enable_delayed                                                                                                                                                             ; FF_X18_Y13_N9      ; 15      ; Clock enable, Write enable ; no     ; --                   ; --               ; --                        ;
; sld_signaltap:auto_signaltap_0|sld_signaltap_impl:sld_signaltap_body|sld_signaltap_implb:sld_signaltap_body|collect_data                                                                                                                                                                            ; LCCOMB_X21_Y12_N16 ; 29      ; Clock enable               ; no     ; --                   ; --               ; --                        ;
; sld_signaltap:auto_signaltap_0|sld_signaltap_impl:sld_signaltap_body|sld_signaltap_implb:sld_signaltap_body|reset_all                                                                                                                                                                               ; FF_X24_Y12_N1      ; 326     ; Async. clear               ; yes    ; Global Clock         ; GCLK7            ; --                        ;
; sld_signaltap:auto_signaltap_0|sld_signaltap_impl:sld_signaltap_body|sld_signaltap_implb:sld_signaltap_body|sld_buffer_manager:sld_buffer_manager_inst|final_trigger_set~4                                                                                                                          ; LCCOMB_X21_Y12_N30 ; 24      ; Clock enable               ; no     ; --                   ; --               ; --                        ;
; sld_signaltap:auto_signaltap_0|sld_signaltap_impl:sld_signaltap_body|sld_signaltap_implb:sld_signaltap_body|sld_buffer_manager:sld_buffer_manager_inst|last_buffer_write_address_sig[0]~0                                                                                                           ; LCCOMB_X21_Y12_N28 ; 11      ; Clock enable               ; no     ; --                   ; --               ; --                        ;
; sld_signaltap:auto_signaltap_0|sld_signaltap_impl:sld_signaltap_body|sld_signaltap_implb:sld_signaltap_body|sld_offload_buffer_mgr:\stp_non_zero_depth_offload_gen:stp_offload_buff_mgr_inst|Equal2~1                                                                                               ; LCCOMB_X23_Y11_N28 ; 1       ; Clock enable               ; no     ; --                   ; --               ; --                        ;
; sld_signaltap:auto_signaltap_0|sld_signaltap_impl:sld_signaltap_body|sld_signaltap_implb:sld_signaltap_body|sld_offload_buffer_mgr:\stp_non_zero_depth_offload_gen:stp_offload_buff_mgr_inst|acq_buf_read_reset                                                                                     ; LCCOMB_X24_Y12_N4  ; 12      ; Sync. load                 ; no     ; --                   ; --               ; --                        ;
; sld_signaltap:auto_signaltap_0|sld_signaltap_impl:sld_signaltap_body|sld_signaltap_implb:sld_signaltap_body|sld_offload_buffer_mgr:\stp_non_zero_depth_offload_gen:stp_offload_buff_mgr_inst|lpm_counter:\adv_point_3_and_more:advance_pointer_counter|cntr_pgi:auto_generated|counter_reg_bit[5]~0 ; LCCOMB_X23_Y12_N14 ; 6       ; Sync. load                 ; no     ; --                   ; --               ; --                        ;
; sld_signaltap:auto_signaltap_0|sld_signaltap_impl:sld_signaltap_body|sld_signaltap_implb:sld_signaltap_body|sld_offload_buffer_mgr:\stp_non_zero_depth_offload_gen:stp_offload_buff_mgr_inst|lpm_counter:status_advance_pointer_counter|cntr_fgi:auto_generated|counter_reg_bit[4]~0                ; LCCOMB_X23_Y11_N6  ; 5       ; Sync. load                 ; no     ; --                   ; --               ; --                        ;
; sld_signaltap:auto_signaltap_0|sld_signaltap_impl:sld_signaltap_body|sld_signaltap_implb:sld_signaltap_body|sld_offload_buffer_mgr:\stp_non_zero_depth_offload_gen:stp_offload_buff_mgr_inst|lpm_counter:status_read_pointer_counter|cntr_23j:auto_generated|counter_reg_bit[0]~0                   ; LCCOMB_X24_Y11_N14 ; 1       ; Sync. load                 ; no     ; --                   ; --               ; --                        ;
; sld_signaltap:auto_signaltap_0|sld_signaltap_impl:sld_signaltap_body|sld_signaltap_implb:sld_signaltap_body|sld_offload_buffer_mgr:\stp_non_zero_depth_offload_gen:stp_offload_buff_mgr_inst|read_pointer_counter_clk_ena                                                                           ; LCCOMB_X23_Y12_N16 ; 11      ; Clock enable               ; no     ; --                   ; --               ; --                        ;
; sld_signaltap:auto_signaltap_0|sld_signaltap_impl:sld_signaltap_body|sld_signaltap_implb:sld_signaltap_body|sld_rom_sr:crc_rom_sr|WORD_SR[0]~10                                                                                                                                                     ; LCCOMB_X19_Y14_N4  ; 4       ; Clock enable               ; no     ; --                   ; --               ; --                        ;
; sld_signaltap:auto_signaltap_0|sld_signaltap_impl:sld_signaltap_body|sld_signaltap_implb:sld_signaltap_body|sld_rom_sr:crc_rom_sr|word_counter[0]~9                                                                                                                                                 ; LCCOMB_X19_Y14_N22 ; 4       ; Clock enable               ; no     ; --                   ; --               ; --                        ;
; sld_signaltap:auto_signaltap_0|sld_signaltap_impl:sld_signaltap_body|sld_signaltap_implb:sld_signaltap_body|status_shift_enable~0                                                                                                                                                                   ; LCCOMB_X17_Y12_N12 ; 18      ; Clock enable               ; no     ; --                   ; --               ; --                        ;
; sld_signaltap:auto_signaltap_0|sld_signaltap_impl:sld_signaltap_body|sld_signaltap_implb:sld_signaltap_body|trigger_setup_ena                                                                                                                                                                       ; LCCOMB_X17_Y12_N18 ; 166     ; Clock enable               ; no     ; --                   ; --               ; --                        ;
; sys_clk                                                                                                                                                                                                                                                                                             ; PIN_E1             ; 1       ; Clock                      ; no     ; --                   ; --               ; --                        ;
; sys_rst_n                                                                                                                                                                                                                                                                                           ; PIN_M1             ; 2       ; Async. clear               ; yes    ; Global Clock         ; GCLK0            ; --                        ;
; to8:u_to8|dcfifo_mixed_widths:dcfifo_mixed_widths_component|dcfifo_0bh1:auto_generated|_~0                                                                                                                                                                                                          ; LCCOMB_X21_Y15_N8  ; 9       ; Clock enable               ; no     ; --                   ; --               ; --                        ;
; to8:u_to8|dcfifo_mixed_widths:dcfifo_mixed_widths_component|dcfifo_0bh1:auto_generated|altsyncram_i111:fifo_ram|decode_a87:wren_decode_a|eq_node[0]                                                                                                                                                 ; LCCOMB_X23_Y18_N12 ; 8       ; Clock enable, Write enable ; no     ; --                   ; --               ; --                        ;
; to8:u_to8|dcfifo_mixed_widths:dcfifo_mixed_widths_component|dcfifo_0bh1:auto_generated|altsyncram_i111:fifo_ram|decode_a87:wren_decode_a|eq_node[1]                                                                                                                                                 ; LCCOMB_X23_Y18_N2  ; 8       ; Clock enable, Write enable ; no     ; --                   ; --               ; --                        ;
; to8:u_to8|dcfifo_mixed_widths:dcfifo_mixed_widths_component|dcfifo_0bh1:auto_generated|valid_wrreq~0                                                                                                                                                                                                ; LCCOMB_X24_Y14_N24 ; 25      ; Clock enable               ; no     ; --                   ; --               ; --                        ;
; to8_rdreq~0                                                                                                                                                                                                                                                                                         ; LCCOMB_X21_Y15_N24 ; 35      ; Clock enable               ; no     ; --                   ; --               ; --                        ;
; top:u_ch346_top|data[7]~14                                                                                                                                                                                                                                                                          ; LCCOMB_X8_Y6_N24   ; 8       ; Output enable              ; no     ; --                   ; --               ; --                        ;
; top:u_ch346_top|loop:m_loop|reg_cur_state.ST_IDLE                                                                                                                                                                                                                                                   ; FF_X8_Y6_N29       ; 18      ; Sync. clear                ; no     ; --                   ; --               ; --                        ;
; top:u_ch346_top|loop:m_loop|reg_dly_cnt[0]~8                                                                                                                                                                                                                                                        ; LCCOMB_X8_Y6_N0    ; 6       ; Clock enable               ; no     ; --                   ; --               ; --                        ;
; top:u_ch346_top|rd_rst:m_rd_rst|reg_cur_state.ST_DATA                                                                                                                                                                                                                                               ; FF_X6_Y11_N1       ; 25      ; Sync. load                 ; no     ; --                   ; --               ; --                        ;
; top:u_ch346_top|rd_rst:m_rd_rst|reg_dly_cnt[1]~1                                                                                                                                                                                                                                                    ; LCCOMB_X5_Y10_N0   ; 4       ; Clock enable               ; no     ; --                   ; --               ; --                        ;
; top:u_ch346_top|rd_rst:m_rd_rst|reg_slv_rdrst_retry                                                                                                                                                                                                                                                 ; FF_X9_Y4_N1        ; 8       ; Clock enable               ; no     ; --                   ; --               ; --                        ;
; top:u_ch346_top|recv:m_recv|LessThan3~1                                                                                                                                                                                                                                                             ; LCCOMB_X11_Y7_N2   ; 5       ; Sync. clear                ; no     ; --                   ; --               ; --                        ;
; top:u_ch346_top|recv:m_recv|Selector6~13                                                                                                                                                                                                                                                            ; LCCOMB_X10_Y7_N22  ; 7       ; Clock enable               ; no     ; --                   ; --               ; --                        ;
; top:u_ch346_top|recv:m_recv|WideOr5                                                                                                                                                                                                                                                                 ; LCCOMB_X7_Y7_N12   ; 7       ; Clock enable               ; no     ; --                   ; --               ; --                        ;
; top:u_ch346_top|recv:m_recv|reg_cur_state.ST_IDLE                                                                                                                                                                                                                                                   ; FF_X5_Y7_N23       ; 36      ; Sync. clear                ; no     ; --                   ; --               ; --                        ;
; top:u_ch346_top|recv:m_recv|reg_data_cnt[6]~50                                                                                                                                                                                                                                                      ; LCCOMB_X7_Y7_N14   ; 16      ; Clock enable               ; no     ; --                   ; --               ; --                        ;
; top:u_ch346_top|recv:m_recv|reg_dly_cnt[2]~1                                                                                                                                                                                                                                                        ; LCCOMB_X7_Y7_N2    ; 4       ; Clock enable               ; no     ; --                   ; --               ; --                        ;
; top:u_ch346_top|send:m_send|LessThan3~1                                                                                                                                                                                                                                                             ; LCCOMB_X13_Y13_N4  ; 5       ; Sync. clear                ; no     ; --                   ; --               ; --                        ;
; top:u_ch346_top|send:m_send|Selector1~9                                                                                                                                                                                                                                                             ; LCCOMB_X14_Y13_N28 ; 7       ; Clock enable               ; no     ; --                   ; --               ; --                        ;
; top:u_ch346_top|send:m_send|always8~1                                                                                                                                                                                                                                                               ; LCCOMB_X13_Y13_N0  ; 32      ; Clock enable               ; no     ; --                   ; --               ; --                        ;
; top:u_ch346_top|send:m_send|reg_cur_state.ST_DATA                                                                                                                                                                                                                                                   ; FF_X21_Y15_N25     ; 35      ; Sync. load                 ; no     ; --                   ; --               ; --                        ;
; top:u_ch346_top|send:m_send|reg_data~2                                                                                                                                                                                                                                                              ; LCCOMB_X11_Y5_N22  ; 7       ; Clock enable               ; no     ; --                   ; --               ; --                        ;
; top:u_ch346_top|send:m_send|reg_dly_cnt[1]~0                                                                                                                                                                                                                                                        ; LCCOMB_X11_Y5_N26  ; 4       ; Clock enable               ; no     ; --                   ; --               ; --                        ;
+-----------------------------------------------------------------------------------------------------------------------------------------------------------------------------------------------------------------------------------------------------------------------------------------------------+--------------------+---------+----------------------------+--------+----------------------+------------------+---------------------------+


+-------------------------------------------------------------------------------------------------------------------------------------------------------------------------------------------------------------------------------------------------------------------+
; Global & Other Fast Signals                                                                                                                                                                                                                                       ;
+-----------------------------------------------------------------------------------------------------------------------+--------------------+---------+--------------------------------------+----------------------+------------------+---------------------------+
; Name                                                                                                                  ; Location           ; Fan-Out ; Fan-Out Using Intentional Clock Skew ; Global Resource Used ; Global Line Name ; Enable Signal Source Name ;
+-----------------------------------------------------------------------------------------------------------------------+--------------------+---------+--------------------------------------+----------------------+------------------+---------------------------+
; altera_internal_jtag~TCKUTAP                                                                                          ; JTAG_X1_Y12_N0     ; 431     ; 0                                    ; Global Clock         ; GCLK1            ; --                        ;
; comb~0                                                                                                                ; LCCOMB_X30_Y12_N20 ; 37      ; 0                                    ; Global Clock         ; GCLK6            ; --                        ;
; i2c_dri:u_i2c_dr|dri_clk                                                                                              ; FF_X33_Y12_N17     ; 89      ; 0                                    ; Global Clock         ; GCLK5            ; --                        ;
; lcd:u_lcd|clk_div:u_clk_div|Selector0                                                                                 ; LCCOMB_X32_Y21_N30 ; 187     ; 0                                    ; Global Clock         ; GCLK8            ; --                        ;
; pll:u_pll|altpll:altpll_component|pll_altpll:auto_generated|wire_pll1_clk[0]                                          ; PLL_1              ; 1189    ; 0                                    ; Global Clock         ; GCLK3            ; --                        ;
; pll:u_pll|altpll:altpll_component|pll_altpll:auto_generated|wire_pll1_clk[1]                                          ; PLL_1              ; 1       ; 0                                    ; Global Clock         ; GCLK2            ; --                        ;
; pll:u_pll|altpll:altpll_component|pll_altpll:auto_generated|wire_pll1_clk[2]                                          ; PLL_1              ; 14      ; 0                                    ; Global Clock         ; GCLK4            ; --                        ;
; rst_n~0                                                                                                               ; LCCOMB_X30_Y12_N10 ; 754     ; 0                                    ; Global Clock         ; GCLK9            ; --                        ;
; sld_signaltap:auto_signaltap_0|sld_signaltap_impl:sld_signaltap_body|sld_signaltap_implb:sld_signaltap_body|reset_all ; FF_X24_Y12_N1      ; 326     ; 0                                    ; Global Clock         ; GCLK7            ; --                        ;
; sys_rst_n                                                                                                             ; PIN_M1             ; 2       ; 0                                    ; Global Clock         ; GCLK0            ; --                        ;
+-----------------------------------------------------------------------------------------------------------------------+--------------------+---------+--------------------------------------+----------------------+------------------+---------------------------+


+---------------------------------------------------------------------------------------------------------------------------------------------------------------------------------------------------------------------------------------------------------------------------------------------------------------+
; Non-Global High Fan-Out Signals                                                                                                                                                                                                                                                                               ;
+-----------------------------------------------------------------------------------------------------------------------------------------------------------------------------------------------------------------------------------------------------------------------------------------------------+---------+
; Name                                                                                                                                                                                                                                                                                                ; Fan-Out ;
+-----------------------------------------------------------------------------------------------------------------------------------------------------------------------------------------------------------------------------------------------------------------------------------------------------+---------+
; sld_signaltap:auto_signaltap_0|sld_signaltap_impl:sld_signaltap_body|sld_signaltap_implb:sld_signaltap_body|trigger_setup_ena                                                                                                                                                                       ; 166     ;
; i2c_ov5640_rgb565_cfg:u_i2c_cfg|init_reg_cnt[1]                                                                                                                                                                                                                                                     ; 166     ;
; i2c_ov5640_rgb565_cfg:u_i2c_cfg|init_reg_cnt[2]                                                                                                                                                                                                                                                     ; 163     ;
; i2c_ov5640_rgb565_cfg:u_i2c_cfg|init_reg_cnt[0]                                                                                                                                                                                                                                                     ; 159     ;
; i2c_ov5640_rgb565_cfg:u_i2c_cfg|init_reg_cnt[3]                                                                                                                                                                                                                                                     ; 144     ;
; i2c_ov5640_rgb565_cfg:u_i2c_cfg|init_reg_cnt[4]                                                                                                                                                                                                                                                     ; 134     ;
; i2c_ov5640_rgb565_cfg:u_i2c_cfg|init_reg_cnt[7]                                                                                                                                                                                                                                                     ; 127     ;
; i2c_ov5640_rgb565_cfg:u_i2c_cfg|init_reg_cnt[5]                                                                                                                                                                                                                                                     ; 121     ;
; i2c_ov5640_rgb565_cfg:u_i2c_cfg|init_reg_cnt[6]                                                                                                                                                                                                                                                     ; 88      ;
; cam_pclk~input                                                                                                                                                                                                                                                                                      ; 78      ;
; sld_hub:auto_hub|sld_jtag_hub:\jtag_hub_gen:sld_jtag_hub_inst|sld_shadow_jsm:shadow_jsm|state[4]                                                                                                                                                                                                    ; 55      ;
; to8_rdreq~0                                                                                                                                                                                                                                                                                         ; 51      ;
; sld_signaltap:auto_signaltap_0|sld_signaltap_impl:sld_signaltap_body|sld_signaltap_implb:sld_signaltap_body|sld_offload_buffer_mgr:\stp_non_zero_depth_offload_gen:stp_offload_buff_mgr_inst|ram_shift_load~1                                                                                       ; 48      ;
; top:u_ch346_top|send:m_send|reg_cur_state.ST_IDLE                                                                                                                                                                                                                                                   ; 45      ;
; top:u_ch346_top|rd_rst:m_rd_rst|reg_cur_state.ST_IDLE                                                                                                                                                                                                                                               ; 43      ;
; top:u_ch346_top|recv:m_recv|reg_cur_state.ST_IDLE                                                                                                                                                                                                                                                   ; 36      ;
; top:u_ch346_top|send:m_send|reg_cur_state.ST_DATA                                                                                                                                                                                                                                                   ; 35      ;
; top:u_ch346_top|send:m_send|always8~1                                                                                                                                                                                                                                                               ; 32      ;
; sld_signaltap:auto_signaltap_0|sld_signaltap_impl:sld_signaltap_body|sld_signaltap_implb:sld_signaltap_body|collect_data                                                                                                                                                                            ; 29      ;
; sld_hub:auto_hub|sld_jtag_hub:\jtag_hub_gen:sld_jtag_hub_inst|irf_reg[1][7]                                                                                                                                                                                                                         ; 29      ;
; sdram_top:u_sdram_top|sdram_controller:u_sdram_controller|sdram_ctrl:u_sdram_ctrl|work_state[1]                                                                                                                                                                                                     ; 29      ;
; sld_signaltap:auto_signaltap_0|sld_signaltap_impl:sld_signaltap_body|sld_signaltap_implb:sld_signaltap_body|buffer_write_enable_delayed                                                                                                                                                             ; 27      ;
; sld_hub:auto_hub|sld_jtag_hub:\jtag_hub_gen:sld_jtag_hub_inst|sld_shadow_jsm:shadow_jsm|state[3]                                                                                                                                                                                                    ; 26      ;
; sdram_top:u_sdram_top|sdram_fifo_ctrl:u_sdram_fifo_ctrl|rdfifo:u_rdfifo|dcfifo:dcfifo_component|dcfifo_aol1:auto_generated|valid_wrreq~0                                                                                                                                                            ; 26      ;
; to8:u_to8|dcfifo_mixed_widths:dcfifo_mixed_widths_component|dcfifo_0bh1:auto_generated|valid_wrreq~0                                                                                                                                                                                                ; 25      ;
; top:u_ch346_top|rd_rst:m_rd_rst|reg_cur_state.ST_DATA                                                                                                                                                                                                                                               ; 25      ;
; lcd:u_lcd|lcd_driver:u_lcd_driver|lcd_de~8                                                                                                                                                                                                                                                          ; 25      ;
; sld_signaltap:auto_signaltap_0|sld_signaltap_impl:sld_signaltap_body|sld_signaltap_implb:sld_signaltap_body|sld_buffer_manager:sld_buffer_manager_inst|final_trigger_set~4                                                                                                                          ; 24      ;
; sld_signaltap:auto_signaltap_0|sld_signaltap_impl:sld_signaltap_body|sld_signaltap_implb:sld_signaltap_body|sld_offload_buffer_mgr:\stp_non_zero_depth_offload_gen:stp_offload_buff_mgr_inst|status_ram_shift_load~1                                                                                ; 24      ;
; sld_signaltap:auto_signaltap_0|sld_signaltap_impl:sld_signaltap_body|sld_signaltap_implb:sld_signaltap_body|sdr~0                                                                                                                                                                                   ; 24      ;
; sdram_top:u_sdram_top|sdram_fifo_ctrl:u_sdram_fifo_ctrl|rdfifo:u_rdfifo|dcfifo:dcfifo_component|dcfifo_aol1:auto_generated|valid_rdreq~1                                                                                                                                                            ; 24      ;
; sdram_top:u_sdram_top|sdram_controller:u_sdram_controller|sdram_ctrl:u_sdram_ctrl|work_state[0]                                                                                                                                                                                                     ; 24      ;
; sld_signaltap:auto_signaltap_0|~GND                                                                                                                                                                                                                                                                 ; 23      ;
; sld_signaltap:auto_signaltap_0|sld_signaltap_impl:sld_signaltap_body|sld_signaltap_implb:sld_signaltap_body|altdpram:\stp_non_zero_ram_gen:attribute_mem_gen:attribute_mem|lpm_decode:wdecoder|decode_dvf:auto_generated|eq_node[0]~1                                                               ; 23      ;
; sld_signaltap:auto_signaltap_0|sld_signaltap_impl:sld_signaltap_body|sld_signaltap_implb:sld_signaltap_body|altdpram:\stp_non_zero_ram_gen:attribute_mem_gen:attribute_mem|lpm_decode:wdecoder|decode_dvf:auto_generated|eq_node[1]~0                                                               ; 23      ;
; sld_signaltap:auto_signaltap_0|sld_signaltap_impl:sld_signaltap_body|sld_signaltap_implb:sld_signaltap_body|altdpram:\stp_non_zero_ram_gen:attribute_mem_gen:attribute_mem|xraddr[0]                                                                                                                ; 23      ;
; altera_internal_jtag~TMSUTAP                                                                                                                                                                                                                                                                        ; 23      ;
; i2c_dri:u_i2c_dr|Selector1~1                                                                                                                                                                                                                                                                        ; 23      ;
; sdram_top:u_sdram_top|sdram_fifo_ctrl:u_sdram_fifo_ctrl|wrfifo:u_wrfifo|dcfifo:dcfifo_component|dcfifo_nnl1:auto_generated|valid_rdreq~1                                                                                                                                                            ; 23      ;
; to8:u_to8|dcfifo_mixed_widths:dcfifo_mixed_widths_component|dcfifo_0bh1:auto_generated|a_graycounter_6p6:rdptr_g1p|counter7a[2]                                                                                                                                                                     ; 23      ;
; to8:u_to8|dcfifo_mixed_widths:dcfifo_mixed_widths_component|dcfifo_0bh1:auto_generated|a_graycounter_6p6:rdptr_g1p|counter7a[5]                                                                                                                                                                     ; 23      ;
; to8:u_to8|dcfifo_mixed_widths:dcfifo_mixed_widths_component|dcfifo_0bh1:auto_generated|a_graycounter_6p6:rdptr_g1p|counter7a[8]                                                                                                                                                                     ; 23      ;
; sdram_top:u_sdram_top|sdram_controller:u_sdram_controller|sdram_ctrl:u_sdram_ctrl|work_state[3]                                                                                                                                                                                                     ; 23      ;
; i2c_dri:u_i2c_dr|cnt[5]                                                                                                                                                                                                                                                                             ; 23      ;
; sld_hub:auto_hub|sld_jtag_hub:\jtag_hub_gen:sld_jtag_hub_inst|virtual_ir_scan_reg                                                                                                                                                                                                                   ; 22      ;
; sld_hub:auto_hub|sld_jtag_hub:\jtag_hub_gen:sld_jtag_hub_inst|clr_reg                                                                                                                                                                                                                               ; 22      ;
; sdram_top:u_sdram_top|sdram_fifo_ctrl:u_sdram_fifo_ctrl|wrfifo:u_wrfifo|dcfifo:dcfifo_component|dcfifo_nnl1:auto_generated|valid_wrreq~0                                                                                                                                                            ; 22      ;
; to8:u_to8|dcfifo_mixed_widths:dcfifo_mixed_widths_component|dcfifo_0bh1:auto_generated|a_graycounter_6p6:rdptr_g1p|counter7a[0]                                                                                                                                                                     ; 22      ;
; to8:u_to8|dcfifo_mixed_widths:dcfifo_mixed_widths_component|dcfifo_0bh1:auto_generated|a_graycounter_6p6:rdptr_g1p|counter7a[3]                                                                                                                                                                     ; 22      ;
; to8:u_to8|dcfifo_mixed_widths:dcfifo_mixed_widths_component|dcfifo_0bh1:auto_generated|a_graycounter_6p6:rdptr_g1p|counter7a[6]                                                                                                                                                                     ; 22      ;
; to8:u_to8|dcfifo_mixed_widths:dcfifo_mixed_widths_component|dcfifo_0bh1:auto_generated|a_graycounter_6p6:rdptr_g1p|counter7a[9]                                                                                                                                                                     ; 22      ;
; to8:u_to8|dcfifo_mixed_widths:dcfifo_mixed_widths_component|dcfifo_0bh1:auto_generated|a_graycounter_6p6:rdptr_g1p|counter7a[1]                                                                                                                                                                     ; 21      ;
; to8:u_to8|dcfifo_mixed_widths:dcfifo_mixed_widths_component|dcfifo_0bh1:auto_generated|a_graycounter_6p6:rdptr_g1p|counter7a[4]                                                                                                                                                                     ; 21      ;
; to8:u_to8|dcfifo_mixed_widths:dcfifo_mixed_widths_component|dcfifo_0bh1:auto_generated|a_graycounter_6p6:rdptr_g1p|counter7a[7]                                                                                                                                                                     ; 21      ;
; to8:u_to8|dcfifo_mixed_widths:dcfifo_mixed_widths_component|dcfifo_0bh1:auto_generated|a_graycounter_6p6:rdptr_g1p|counter7a[11]                                                                                                                                                                    ; 21      ;
; to8:u_to8|dcfifo_mixed_widths:dcfifo_mixed_widths_component|dcfifo_0bh1:auto_generated|a_graycounter_6p6:rdptr_g1p|counter7a[10]                                                                                                                                                                    ; 21      ;
; sdram_top:u_sdram_top|sdram_controller:u_sdram_controller|sdram_ctrl:u_sdram_ctrl|init_state[1]                                                                                                                                                                                                     ; 21      ;
; to8:u_to8|dcfifo_mixed_widths:dcfifo_mixed_widths_component|dcfifo_0bh1:auto_generated|wrptr_g[3]                                                                                                                                                                                                   ; 21      ;
; to8:u_to8|dcfifo_mixed_widths:dcfifo_mixed_widths_component|dcfifo_0bh1:auto_generated|wrptr_g[6]                                                                                                                                                                                                   ; 21      ;
; to8:u_to8|dcfifo_mixed_widths:dcfifo_mixed_widths_component|dcfifo_0bh1:auto_generated|wrptr_g[9]                                                                                                                                                                                                   ; 21      ;
; to8:u_to8|dcfifo_mixed_widths:dcfifo_mixed_widths_component|dcfifo_0bh1:auto_generated|wrptr_g[11]                                                                                                                                                                                                  ; 21      ;
; top:u_ch346_top|send:m_send|LessThan0~0                                                                                                                                                                                                                                                             ; 21      ;
; i2c_dri:u_i2c_dr|cnt[3]                                                                                                                                                                                                                                                                             ; 21      ;
; to8:u_to8|dcfifo_mixed_widths:dcfifo_mixed_widths_component|dcfifo_0bh1:auto_generated|wrptr_g[2]                                                                                                                                                                                                   ; 20      ;
; to8:u_to8|dcfifo_mixed_widths:dcfifo_mixed_widths_component|dcfifo_0bh1:auto_generated|wrptr_g[5]                                                                                                                                                                                                   ; 20      ;
; to8:u_to8|dcfifo_mixed_widths:dcfifo_mixed_widths_component|dcfifo_0bh1:auto_generated|wrptr_g[8]                                                                                                                                                                                                   ; 20      ;
; to8:u_to8|dcfifo_mixed_widths:dcfifo_mixed_widths_component|dcfifo_0bh1:auto_generated|wrptr_g[10]                                                                                                                                                                                                  ; 20      ;
; sdram_top:u_sdram_top|sdram_fifo_ctrl:u_sdram_fifo_ctrl|wr_ack_r1                                                                                                                                                                                                                                   ; 19      ;
; sdram_top:u_sdram_top|sdram_controller:u_sdram_controller|sdram_ctrl:u_sdram_ctrl|sdram_rd_wr                                                                                                                                                                                                       ; 19      ;
; sdram_top:u_sdram_top|sdram_controller:u_sdram_controller|sdram_ctrl:u_sdram_ctrl|work_state[2]                                                                                                                                                                                                     ; 19      ;
; sdram_top:u_sdram_top|sdram_controller:u_sdram_controller|sdram_ctrl:u_sdram_ctrl|init_state[0]                                                                                                                                                                                                     ; 19      ;
; to8:u_to8|dcfifo_mixed_widths:dcfifo_mixed_widths_component|dcfifo_0bh1:auto_generated|wrptr_g[1]                                                                                                                                                                                                   ; 19      ;
; to8:u_to8|dcfifo_mixed_widths:dcfifo_mixed_widths_component|dcfifo_0bh1:auto_generated|wrptr_g[0]                                                                                                                                                                                                   ; 19      ;
; to8:u_to8|dcfifo_mixed_widths:dcfifo_mixed_widths_component|dcfifo_0bh1:auto_generated|wrptr_g[4]                                                                                                                                                                                                   ; 19      ;
; to8:u_to8|dcfifo_mixed_widths:dcfifo_mixed_widths_component|dcfifo_0bh1:auto_generated|wrptr_g[7]                                                                                                                                                                                                   ; 19      ;
; cmos_capture_data:u_cmos_capture_data|frame_val_flag                                                                                                                                                                                                                                                ; 19      ;
; i2c_dri:u_i2c_dr|cnt[4]                                                                                                                                                                                                                                                                             ; 19      ;
; sld_signaltap:auto_signaltap_0|sld_signaltap_impl:sld_signaltap_body|sld_signaltap_implb:sld_signaltap_body|status_shift_enable~0                                                                                                                                                                   ; 18      ;
; sdram_top:u_sdram_top|sdram_fifo_ctrl:u_sdram_fifo_ctrl|wr_ack_r2                                                                                                                                                                                                                                   ; 18      ;
; cmos_capture_data:u_cmos_capture_data|frame_enable                                                                                                                                                                                                                                                  ; 18      ;
; top:u_ch346_top|loop:m_loop|reg_cur_state.ST_IDLE                                                                                                                                                                                                                                                   ; 18      ;
; sld_signaltap:auto_signaltap_0|sld_signaltap_impl:sld_signaltap_body|sld_signaltap_implb:sld_signaltap_body|status_load_on~0                                                                                                                                                                        ; 17      ;
; sld_hub:auto_hub|sld_jtag_hub:\jtag_hub_gen:sld_jtag_hub_inst|irf_reg[1][4]                                                                                                                                                                                                                         ; 17      ;
; sdram_top:u_sdram_top|sdram_controller:u_sdram_controller|sdram_data:u_sdram_data|always0~0                                                                                                                                                                                                         ; 17      ;
; sdram_top:u_sdram_top|sdram_controller:u_sdram_controller|sdram_data:u_sdram_data|Equal2~1                                                                                                                                                                                                          ; 17      ;
; sdram_to8_flow_ctrl:u_sdram_to8_flow_ctrl|always1~3                                                                                                                                                                                                                                                 ; 17      ;
; sdram_top:u_sdram_top|sdram_fifo_ctrl:u_sdram_fifo_ctrl|read_done_flag                                                                                                                                                                                                                              ; 17      ;
; sdram_top:u_sdram_top|sdram_fifo_ctrl:u_sdram_fifo_ctrl|sdram_rd_addr[18]                                                                                                                                                                                                                           ; 17      ;
; sdram_top:u_sdram_top|sdram_controller:u_sdram_controller|sdram_ctrl:u_sdram_ctrl|init_state[2]                                                                                                                                                                                                     ; 17      ;
; i2c_dri:u_i2c_dr|cnt[2]                                                                                                                                                                                                                                                                             ; 17      ;
; to8:u_to8|dcfifo_mixed_widths:dcfifo_mixed_widths_component|dcfifo_0bh1:auto_generated|cntr_old:cntr_b|counter_reg_bit0~_wirecell                                                                                                                                                                   ; 16      ;
; top:u_ch346_top|recv:m_recv|reg_data_cnt[6]~50                                                                                                                                                                                                                                                      ; 16      ;
; to8:u_to8|dcfifo_mixed_widths:dcfifo_mixed_widths_component|dcfifo_0bh1:auto_generated|altsyncram_i111:fifo_ram|decode_a87:wren_decode_a|eq_node[0]                                                                                                                                                 ; 16      ;
; to8:u_to8|dcfifo_mixed_widths:dcfifo_mixed_widths_component|dcfifo_0bh1:auto_generated|altsyncram_i111:fifo_ram|decode_a87:wren_decode_a|eq_node[1]                                                                                                                                                 ; 16      ;
; cmos_capture_data:u_cmos_capture_data|cmos_data_t[0]~0                                                                                                                                                                                                                                              ; 16      ;
; sdram_top:u_sdram_top|sdram_controller:u_sdram_controller|sdram_data:u_sdram_data|sdram_out_en                                                                                                                                                                                                      ; 16      ;
; sld_hub:auto_hub|sld_jtag_hub:\jtag_hub_gen:sld_jtag_hub_inst|sld_shadow_jsm:shadow_jsm|state[0]                                                                                                                                                                                                    ; 15      ;
; sdram_top:u_sdram_top|sdram_controller:u_sdram_controller|sdram_ctrl:u_sdram_ctrl|LessThan3~2                                                                                                                                                                                                       ; 15      ;
; top:u_ch346_top|send:m_send|reg_header_cnt[0]                                                                                                                                                                                                                                                       ; 15      ;
; sdram_top:u_sdram_top|sdram_fifo_ctrl:u_sdram_fifo_ctrl|LessThan0~3                                                                                                                                                                                                                                 ; 15      ;
; sdram_top:u_sdram_top|sdram_fifo_ctrl:u_sdram_fifo_ctrl|LessThan0~0                                                                                                                                                                                                                                 ; 15      ;
; top:u_ch346_top|recv:m_recv|reg_cur_state.ST_CMD                                                                                                                                                                                                                                                    ; 15      ;
; sdram_top:u_sdram_top|sdram_controller:u_sdram_controller|sdram_cmd:u_sdram_cmd|sdram_addr[0]~0                                                                                                                                                                                                     ; 15      ;
; sld_signaltap:auto_signaltap_0|sld_signaltap_impl:sld_signaltap_body|sld_signaltap_implb:sld_signaltap_body|buffer_write_address_delayed[10]                                                                                                                                                        ; 14      ;
; sld_signaltap:auto_signaltap_0|sld_signaltap_impl:sld_signaltap_body|sld_signaltap_implb:sld_signaltap_body|buffer_write_address_delayed[9]                                                                                                                                                         ; 14      ;
; sld_signaltap:auto_signaltap_0|sld_signaltap_impl:sld_signaltap_body|sld_signaltap_implb:sld_signaltap_body|buffer_write_address_delayed[8]                                                                                                                                                         ; 14      ;
; sld_signaltap:auto_signaltap_0|sld_signaltap_impl:sld_signaltap_body|sld_signaltap_implb:sld_signaltap_body|buffer_write_address_delayed[7]                                                                                                                                                         ; 14      ;
; sld_signaltap:auto_signaltap_0|sld_signaltap_impl:sld_signaltap_body|sld_signaltap_implb:sld_signaltap_body|buffer_write_address_delayed[6]                                                                                                                                                         ; 14      ;
; sld_signaltap:auto_signaltap_0|sld_signaltap_impl:sld_signaltap_body|sld_signaltap_implb:sld_signaltap_body|buffer_write_address_delayed[5]                                                                                                                                                         ; 14      ;
; sld_signaltap:auto_signaltap_0|sld_signaltap_impl:sld_signaltap_body|sld_signaltap_implb:sld_signaltap_body|buffer_write_address_delayed[4]                                                                                                                                                         ; 14      ;
; sld_signaltap:auto_signaltap_0|sld_signaltap_impl:sld_signaltap_body|sld_signaltap_implb:sld_signaltap_body|buffer_write_address_delayed[3]                                                                                                                                                         ; 14      ;
; sld_signaltap:auto_signaltap_0|sld_signaltap_impl:sld_signaltap_body|sld_signaltap_implb:sld_signaltap_body|buffer_write_address_delayed[2]                                                                                                                                                         ; 14      ;
; sld_signaltap:auto_signaltap_0|sld_signaltap_impl:sld_signaltap_body|sld_signaltap_implb:sld_signaltap_body|buffer_write_address_delayed[1]                                                                                                                                                         ; 14      ;
; sld_signaltap:auto_signaltap_0|sld_signaltap_impl:sld_signaltap_body|sld_signaltap_implb:sld_signaltap_body|buffer_write_address_delayed[0]                                                                                                                                                         ; 14      ;
; sld_hub:auto_hub|sld_jtag_hub:\jtag_hub_gen:sld_jtag_hub_inst|sld_shadow_jsm:shadow_jsm|state[8]                                                                                                                                                                                                    ; 14      ;
; sld_hub:auto_hub|sld_jtag_hub:\jtag_hub_gen:sld_jtag_hub_inst|irsr_reg[8]                                                                                                                                                                                                                           ; 14      ;
; top:u_ch346_top|send:m_send|reg_header_cnt[1]                                                                                                                                                                                                                                                       ; 14      ;
; sdram_top:u_sdram_top|sdram_fifo_ctrl:u_sdram_fifo_ctrl|sdram_wr_addr[16]~3                                                                                                                                                                                                                         ; 14      ;
; top:u_ch346_top|recv:m_recv|reg_cur_state.ST_OFFSET                                                                                                                                                                                                                                                 ; 14      ;
; top:u_ch346_top|send:m_send|reg_cur_state.ST_HEAD                                                                                                                                                                                                                                                   ; 14      ;
; top:u_ch346_top|send:m_send|reg_cur_state.ST_CMD                                                                                                                                                                                                                                                    ; 14      ;
; top:u_ch346_top|data[7]~2                                                                                                                                                                                                                                                                           ; 14      ;
; i2c_dri:u_i2c_dr|cnt[0]                                                                                                                                                                                                                                                                             ; 14      ;
; sld_signaltap:auto_signaltap_0|sld_signaltap_impl:sld_signaltap_body|sld_signaltap_implb:sld_signaltap_body|sld_offload_buffer_mgr:\stp_non_zero_depth_offload_gen:stp_offload_buff_mgr_inst|lpm_counter:read_pointer_counter|cntr_g9j:auto_generated|counter_reg_bit[10]                           ; 13      ;
; sld_signaltap:auto_signaltap_0|sld_signaltap_impl:sld_signaltap_body|sld_signaltap_implb:sld_signaltap_body|sld_offload_buffer_mgr:\stp_non_zero_depth_offload_gen:stp_offload_buff_mgr_inst|lpm_counter:read_pointer_counter|cntr_g9j:auto_generated|counter_reg_bit[9]                            ; 13      ;
; sld_signaltap:auto_signaltap_0|sld_signaltap_impl:sld_signaltap_body|sld_signaltap_implb:sld_signaltap_body|sld_offload_buffer_mgr:\stp_non_zero_depth_offload_gen:stp_offload_buff_mgr_inst|lpm_counter:read_pointer_counter|cntr_g9j:auto_generated|counter_reg_bit[8]                            ; 13      ;
; sld_signaltap:auto_signaltap_0|sld_signaltap_impl:sld_signaltap_body|sld_signaltap_implb:sld_signaltap_body|sld_offload_buffer_mgr:\stp_non_zero_depth_offload_gen:stp_offload_buff_mgr_inst|lpm_counter:read_pointer_counter|cntr_g9j:auto_generated|counter_reg_bit[7]                            ; 13      ;
; sld_signaltap:auto_signaltap_0|sld_signaltap_impl:sld_signaltap_body|sld_signaltap_implb:sld_signaltap_body|sld_offload_buffer_mgr:\stp_non_zero_depth_offload_gen:stp_offload_buff_mgr_inst|lpm_counter:read_pointer_counter|cntr_g9j:auto_generated|counter_reg_bit[6]                            ; 13      ;
; sld_signaltap:auto_signaltap_0|sld_signaltap_impl:sld_signaltap_body|sld_signaltap_implb:sld_signaltap_body|sld_offload_buffer_mgr:\stp_non_zero_depth_offload_gen:stp_offload_buff_mgr_inst|lpm_counter:read_pointer_counter|cntr_g9j:auto_generated|counter_reg_bit[5]                            ; 13      ;
; sld_signaltap:auto_signaltap_0|sld_signaltap_impl:sld_signaltap_body|sld_signaltap_implb:sld_signaltap_body|sld_offload_buffer_mgr:\stp_non_zero_depth_offload_gen:stp_offload_buff_mgr_inst|lpm_counter:read_pointer_counter|cntr_g9j:auto_generated|counter_reg_bit[4]                            ; 13      ;
; sld_signaltap:auto_signaltap_0|sld_signaltap_impl:sld_signaltap_body|sld_signaltap_implb:sld_signaltap_body|sld_offload_buffer_mgr:\stp_non_zero_depth_offload_gen:stp_offload_buff_mgr_inst|lpm_counter:read_pointer_counter|cntr_g9j:auto_generated|counter_reg_bit[3]                            ; 13      ;
; sld_signaltap:auto_signaltap_0|sld_signaltap_impl:sld_signaltap_body|sld_signaltap_implb:sld_signaltap_body|sld_offload_buffer_mgr:\stp_non_zero_depth_offload_gen:stp_offload_buff_mgr_inst|lpm_counter:read_pointer_counter|cntr_g9j:auto_generated|counter_reg_bit[2]                            ; 13      ;
; sld_signaltap:auto_signaltap_0|sld_signaltap_impl:sld_signaltap_body|sld_signaltap_implb:sld_signaltap_body|sld_offload_buffer_mgr:\stp_non_zero_depth_offload_gen:stp_offload_buff_mgr_inst|lpm_counter:read_pointer_counter|cntr_g9j:auto_generated|counter_reg_bit[1]                            ; 13      ;
; sld_signaltap:auto_signaltap_0|sld_signaltap_impl:sld_signaltap_body|sld_signaltap_implb:sld_signaltap_body|sld_offload_buffer_mgr:\stp_non_zero_depth_offload_gen:stp_offload_buff_mgr_inst|lpm_counter:read_pointer_counter|cntr_g9j:auto_generated|counter_reg_bit[0]                            ; 13      ;
; i2c_ov5640_rgb565_cfg:u_i2c_cfg|LessThan0~1                                                                                                                                                                                                                                                         ; 13      ;
; top:u_ch346_top|rd_rst:m_rd_rst|LessThan1~0                                                                                                                                                                                                                                                         ; 13      ;
; sdram_top:u_sdram_top|sdram_controller:u_sdram_controller|sdram_cmd:u_sdram_cmd|sdram_addr[12]~3                                                                                                                                                                                                    ; 13      ;
; sld_signaltap:auto_signaltap_0|sld_signaltap_impl:sld_signaltap_body|sld_signaltap_implb:sld_signaltap_body|sld_offload_buffer_mgr:\stp_non_zero_depth_offload_gen:stp_offload_buff_mgr_inst|acq_buf_read_reset                                                                                     ; 12      ;
; sld_signaltap:auto_signaltap_0|sld_signaltap_impl:sld_signaltap_body|sld_signaltap_implb:sld_signaltap_body|sld_buffer_manager:sld_buffer_manager_inst|segment_shift_var~0                                                                                                                          ; 12      ;
; sld_hub:auto_hub|sld_jtag_hub:\jtag_hub_gen:sld_jtag_hub_inst|sld_shadow_jsm:shadow_jsm|state[11]                                                                                                                                                                                                   ; 12      ;
; altera_internal_jtag~TDIUTAP                                                                                                                                                                                                                                                                        ; 12      ;
; i2c_dri:u_i2c_dr|sda_out                                                                                                                                                                                                                                                                            ; 12      ;
; top:u_ch346_top|recv:m_recv|reg_cur_state.ST_LEN                                                                                                                                                                                                                                                    ; 12      ;
; top:u_ch346_top|rd_rst:m_rd_rst|reg_cur_state.ST_CMD                                                                                                                                                                                                                                                ; 12      ;
; i2c_dri:u_i2c_dr|cnt[6]                                                                                                                                                                                                                                                                             ; 12      ;
; i2c_dri:u_i2c_dr|cnt[1]                                                                                                                                                                                                                                                                             ; 12      ;
; sld_signaltap:auto_signaltap_0|sld_signaltap_impl:sld_signaltap_body|sld_signaltap_implb:sld_signaltap_body|sld_offload_buffer_mgr:\stp_non_zero_depth_offload_gen:stp_offload_buff_mgr_inst|read_pointer_counter_clk_ena                                                                           ; 11      ;
; sld_signaltap:auto_signaltap_0|sld_signaltap_impl:sld_signaltap_body|sld_signaltap_implb:sld_signaltap_body|sld_buffer_manager:sld_buffer_manager_inst|last_buffer_write_address_sig[0]~0                                                                                                           ; 11      ;
; sld_signaltap:auto_signaltap_0|sld_signaltap_impl:sld_signaltap_body|sld_signaltap_implb:sld_signaltap_body|sld_buffer_manager:sld_buffer_manager_inst|counter[7]~1                                                                                                                                 ; 11      ;
; sdram_top:u_sdram_top|sdram_controller:u_sdram_controller|sdram_ctrl:u_sdram_ctrl|LessThan4~1                                                                                                                                                                                                       ; 11      ;
; i2c_ov5640_rgb565_cfg:u_i2c_cfg|i2c_exec                                                                                                                                                                                                                                                            ; 11      ;
; top:u_ch346_top|recv:m_recv|LessThan1~0                                                                                                                                                                                                                                                             ; 11      ;
; top:u_ch346_top|recv:m_recv|reg_clk_cnt[1]                                                                                                                                                                                                                                                          ; 11      ;
; top:u_ch346_top|send:m_send|reg_cur_state.ST_OFFSET                                                                                                                                                                                                                                                 ; 11      ;
; lcd:u_lcd|lcd_driver:u_lcd_driver|Equal4~2                                                                                                                                                                                                                                                          ; 11      ;
; lcd:u_lcd|lcd_driver:u_lcd_driver|LessThan7~2                                                                                                                                                                                                                                                       ; 11      ;
; lcd:u_lcd|lcd_driver:u_lcd_driver|LessThan6~0                                                                                                                                                                                                                                                       ; 11      ;
; sdram_top:u_sdram_top|sdram_controller:u_sdram_controller|sdram_cmd:u_sdram_cmd|sdram_cmd_r[2]~1                                                                                                                                                                                                    ; 11      ;
; top:u_ch346_top|wr_n~0                                                                                                                                                                                                                                                                              ; 11      ;
; cam_href~input                                                                                                                                                                                                                                                                                      ; 10      ;
; sld_hub:auto_hub|sld_jtag_hub:\jtag_hub_gen:sld_jtag_hub_inst|mixer_addr_reg[1]                                                                                                                                                                                                                     ; 10      ;
; sld_hub:auto_hub|sld_jtag_hub:\jtag_hub_gen:sld_jtag_hub_inst|mixer_addr_reg[0]                                                                                                                                                                                                                     ; 10      ;
; sdram_top:u_sdram_top|sdram_controller:u_sdram_controller|sdram_ctrl:u_sdram_ctrl|Selector0~1                                                                                                                                                                                                       ; 10      ;
; sdram_top:u_sdram_top|sdram_fifo_ctrl:u_sdram_fifo_ctrl|wrfifo:u_wrfifo|dcfifo:dcfifo_component|dcfifo_nnl1:auto_generated|a_graycounter_2lc:wrptr_g1p|counter6a2                                                                                                                                   ; 10      ;
; i2c_dri:u_i2c_dr|Selector12~0                                                                                                                                                                                                                                                                       ; 10      ;
; sdram_top:u_sdram_top|sdram_fifo_ctrl:u_sdram_fifo_ctrl|rdfifo:u_rdfifo|dcfifo:dcfifo_component|dcfifo_aol1:auto_generated|a_graycounter_677:rdptr_g1p|counter3a2                                                                                                                                   ; 10      ;
; sdram_top:u_sdram_top|sdram_fifo_ctrl:u_sdram_fifo_ctrl|rdfifo:u_rdfifo|dcfifo:dcfifo_component|dcfifo_aol1:auto_generated|a_graycounter_677:rdptr_g1p|counter3a5                                                                                                                                   ; 10      ;
; sdram_top:u_sdram_top|sdram_fifo_ctrl:u_sdram_fifo_ctrl|wrfifo:u_wrfifo|dcfifo:dcfifo_component|dcfifo_nnl1:auto_generated|a_graycounter_677:rdptr_g1p|counter3a5                                                                                                                                   ; 10      ;
; sdram_top:u_sdram_top|sdram_fifo_ctrl:u_sdram_fifo_ctrl|wrfifo:u_wrfifo|dcfifo:dcfifo_component|dcfifo_nnl1:auto_generated|a_graycounter_677:rdptr_g1p|counter3a2                                                                                                                                   ; 10      ;
; top:u_ch346_top|recv:m_recv|reg_cur_state.ST_DATA                                                                                                                                                                                                                                                   ; 10      ;
; top:u_ch346_top|send:m_send|reg_cur_state.ST_LEN                                                                                                                                                                                                                                                    ; 10      ;
; i2c_dri:u_i2c_dr|cur_state.st_stop                                                                                                                                                                                                                                                                  ; 10      ;
; sdram_top:u_sdram_top|sdram_controller:u_sdram_controller|sdram_ctrl:u_sdram_ctrl|cnt_clk[1]                                                                                                                                                                                                        ; 10      ;
; sld_signaltap:auto_signaltap_0|sld_signaltap_impl:sld_signaltap_body|sld_signaltap_implb:sld_signaltap_body|sld_rom_sr:crc_rom_sr|word_counter[0]                                                                                                                                                   ; 9       ;
; sld_hub:auto_hub|sld_jtag_hub:\jtag_hub_gen:sld_jtag_hub_inst|mixer_addr_reg[2]                                                                                                                                                                                                                     ; 9       ;
; sld_hub:auto_hub|sld_jtag_hub:\jtag_hub_gen:sld_jtag_hub_inst|mixer_addr_reg[4]                                                                                                                                                                                                                     ; 9       ;
; i2c_ov5640_rgb565_cfg:u_i2c_cfg|WideOr6~4                                                                                                                                                                                                                                                           ; 9       ;
; sdram_top:u_sdram_top|sdram_fifo_ctrl:u_sdram_fifo_ctrl|wrfifo:u_wrfifo|dcfifo:dcfifo_component|dcfifo_nnl1:auto_generated|a_graycounter_2lc:wrptr_g1p|counter6a3                                                                                                                                   ; 9       ;
; sdram_top:u_sdram_top|sdram_fifo_ctrl:u_sdram_fifo_ctrl|rdfifo:u_rdfifo|dcfifo:dcfifo_component|dcfifo_aol1:auto_generated|a_graycounter_677:rdptr_g1p|counter3a3                                                                                                                                   ; 9       ;
; sdram_top:u_sdram_top|sdram_fifo_ctrl:u_sdram_fifo_ctrl|rdfifo:u_rdfifo|dcfifo:dcfifo_component|dcfifo_aol1:auto_generated|a_graycounter_677:rdptr_g1p|counter3a6                                                                                                                                   ; 9       ;
; to8:u_to8|dcfifo_mixed_widths:dcfifo_mixed_widths_component|dcfifo_0bh1:auto_generated|_~0                                                                                                                                                                                                          ; 9       ;
; sdram_top:u_sdram_top|sdram_fifo_ctrl:u_sdram_fifo_ctrl|wrfifo:u_wrfifo|dcfifo:dcfifo_component|dcfifo_nnl1:auto_generated|a_graycounter_677:rdptr_g1p|counter3a6                                                                                                                                   ; 9       ;
; sdram_top:u_sdram_top|sdram_fifo_ctrl:u_sdram_fifo_ctrl|wrfifo:u_wrfifo|dcfifo:dcfifo_component|dcfifo_nnl1:auto_generated|a_graycounter_677:rdptr_g1p|counter3a3                                                                                                                                   ; 9       ;
; top:u_ch346_top|recv:m_recv|reg_offset_cnt[0]                                                                                                                                                                                                                                                       ; 9       ;
; top:u_ch346_top|send:m_send|Selector1~3                                                                                                                                                                                                                                                             ; 9       ;
; top:u_ch346_top|recv:m_recv|reg_clk_cnt[0]                                                                                                                                                                                                                                                          ; 9       ;
; top:u_ch346_top|recv:m_recv|reg_cur_state.ST_INDEX                                                                                                                                                                                                                                                  ; 9       ;
; sdram_top:u_sdram_top|sdram_controller:u_sdram_controller|sdram_ctrl:u_sdram_ctrl|cnt_clk[9]                                                                                                                                                                                                        ; 9       ;
; sdram_top:u_sdram_top|sdram_controller:u_sdram_controller|sdram_ctrl:u_sdram_ctrl|cnt_clk[2]                                                                                                                                                                                                        ; 9       ;
; sld_signaltap:auto_signaltap_0|sld_signaltap_impl:sld_signaltap_body|sld_signaltap_implb:sld_signaltap_body|sld_rom_sr:crc_rom_sr|word_counter[1]                                                                                                                                                   ; 8       ;
; sld_hub:auto_hub|sld_jtag_hub:\jtag_hub_gen:sld_jtag_hub_inst|irf_reg[1][0]~0                                                                                                                                                                                                                       ; 8       ;
; sld_hub:auto_hub|sld_jtag_hub:\jtag_hub_gen:sld_jtag_hub_inst|irsr_reg[0]                                                                                                                                                                                                                           ; 8       ;
; sld_hub:auto_hub|sld_jtag_hub:\jtag_hub_gen:sld_jtag_hub_inst|irf_reg[1][1]                                                                                                                                                                                                                         ; 8       ;
; sld_hub:auto_hub|sld_jtag_hub:\jtag_hub_gen:sld_jtag_hub_inst|mixer_addr_reg[3]                                                                                                                                                                                                                     ; 8       ;
; sdram_top:u_sdram_top|sdram_fifo_ctrl:u_sdram_fifo_ctrl|wrfifo:u_wrfifo|dcfifo:dcfifo_component|dcfifo_nnl1:auto_generated|a_graycounter_2lc:wrptr_g1p|counter6a0                                                                                                                                   ; 8       ;
; sdram_top:u_sdram_top|sdram_fifo_ctrl:u_sdram_fifo_ctrl|wrfifo:u_wrfifo|dcfifo:dcfifo_component|dcfifo_nnl1:auto_generated|a_graycounter_2lc:wrptr_g1p|counter6a1                                                                                                                                   ; 8       ;
; sdram_top:u_sdram_top|sdram_fifo_ctrl:u_sdram_fifo_ctrl|wrfifo:u_wrfifo|dcfifo:dcfifo_component|dcfifo_nnl1:auto_generated|a_graycounter_2lc:wrptr_g1p|counter6a4                                                                                                                                   ; 8       ;
; sdram_top:u_sdram_top|sdram_fifo_ctrl:u_sdram_fifo_ctrl|wrfifo:u_wrfifo|dcfifo:dcfifo_component|dcfifo_nnl1:auto_generated|a_graycounter_2lc:wrptr_g1p|counter6a5                                                                                                                                   ; 8       ;
; top:u_ch346_top|rd_rst:m_rd_rst|reg_slv_rdrst_retry                                                                                                                                                                                                                                                 ; 8       ;
; sdram_top:u_sdram_top|sdram_fifo_ctrl:u_sdram_fifo_ctrl|rdfifo:u_rdfifo|dcfifo:dcfifo_component|dcfifo_aol1:auto_generated|a_graycounter_677:rdptr_g1p|counter3a0                                                                                                                                   ; 8       ;
; sdram_top:u_sdram_top|sdram_fifo_ctrl:u_sdram_fifo_ctrl|rdfifo:u_rdfifo|dcfifo:dcfifo_component|dcfifo_aol1:auto_generated|a_graycounter_677:rdptr_g1p|counter3a1                                                                                                                                   ; 8       ;
; sdram_top:u_sdram_top|sdram_fifo_ctrl:u_sdram_fifo_ctrl|rdfifo:u_rdfifo|dcfifo:dcfifo_component|dcfifo_aol1:auto_generated|a_graycounter_677:rdptr_g1p|counter3a4                                                                                                                                   ; 8       ;
; sdram_top:u_sdram_top|sdram_fifo_ctrl:u_sdram_fifo_ctrl|rdfifo:u_rdfifo|dcfifo:dcfifo_component|dcfifo_aol1:auto_generated|a_graycounter_677:rdptr_g1p|counter3a7                                                                                                                                   ; 8       ;
; sdram_top:u_sdram_top|sdram_fifo_ctrl:u_sdram_fifo_ctrl|rdfifo:u_rdfifo|dcfifo:dcfifo_component|dcfifo_aol1:auto_generated|a_graycounter_677:rdptr_g1p|counter3a8                                                                                                                                   ; 8       ;
; top:u_ch346_top|data[7]~14                                                                                                                                                                                                                                                                          ; 8       ;
; sdram_top:u_sdram_top|sdram_fifo_ctrl:u_sdram_fifo_ctrl|wrfifo:u_wrfifo|dcfifo:dcfifo_component|dcfifo_nnl1:auto_generated|a_graycounter_677:rdptr_g1p|counter3a8                                                                                                                                   ; 8       ;
; sdram_top:u_sdram_top|sdram_fifo_ctrl:u_sdram_fifo_ctrl|wrfifo:u_wrfifo|dcfifo:dcfifo_component|dcfifo_nnl1:auto_generated|a_graycounter_677:rdptr_g1p|counter3a7                                                                                                                                   ; 8       ;
; sdram_top:u_sdram_top|sdram_fifo_ctrl:u_sdram_fifo_ctrl|wrfifo:u_wrfifo|dcfifo:dcfifo_component|dcfifo_nnl1:auto_generated|a_graycounter_677:rdptr_g1p|counter3a4                                                                                                                                   ; 8       ;
; sdram_top:u_sdram_top|sdram_fifo_ctrl:u_sdram_fifo_ctrl|wrfifo:u_wrfifo|dcfifo:dcfifo_component|dcfifo_nnl1:auto_generated|a_graycounter_677:rdptr_g1p|counter3a1                                                                                                                                   ; 8       ;
; sdram_top:u_sdram_top|sdram_fifo_ctrl:u_sdram_fifo_ctrl|wrfifo:u_wrfifo|dcfifo:dcfifo_component|dcfifo_nnl1:auto_generated|a_graycounter_677:rdptr_g1p|counter3a0                                                                                                                                   ; 8       ;
; sdram_top:u_sdram_top|sdram_fifo_ctrl:u_sdram_fifo_ctrl|rdfifo:u_rdfifo|dcfifo:dcfifo_component|dcfifo_aol1:auto_generated|a_graycounter_2lc:wrptr_g1p|counter6a5                                                                                                                                   ; 8       ;
; sdram_top:u_sdram_top|sdram_fifo_ctrl:u_sdram_fifo_ctrl|rdfifo:u_rdfifo|dcfifo:dcfifo_component|dcfifo_aol1:auto_generated|a_graycounter_2lc:wrptr_g1p|counter6a2                                                                                                                                   ; 8       ;
; top:u_ch346_top|recv:m_recv|Selector6~15                                                                                                                                                                                                                                                            ; 8       ;
; top:u_ch346_top|recv:m_recv|Selector6~14                                                                                                                                                                                                                                                            ; 8       ;
; top:u_ch346_top|recv:m_recv|reg_offset_cnt[1]                                                                                                                                                                                                                                                       ; 8       ;
; i2c_dri:u_i2c_dr|st_done                                                                                                                                                                                                                                                                            ; 8       ;
; to8:u_to8|dcfifo_mixed_widths:dcfifo_mixed_widths_component|dcfifo_0bh1:auto_generated|altsyncram_i111:fifo_ram|out_address_reg_b[0]                                                                                                                                                                ; 8       ;
; cmos_capture_data:u_cmos_capture_data|cam_vsync_d0                                                                                                                                                                                                                                                  ; 8       ;
; sdram_top:u_sdram_top|sdram_fifo_ctrl:u_sdram_fifo_ctrl|write_waiting                                                                                                                                                                                                                               ; 8       ;
; top:u_ch346_top|rd_rst:m_rd_rst|reg_clk_cnt[1]                                                                                                                                                                                                                                                      ; 8       ;
; top:u_ch346_top|rd_rst:m_rd_rst|reg_cur_state.ST_OFFSET                                                                                                                                                                                                                                             ; 8       ;
; top:u_ch346_top|rd_rst:m_rd_rst|reg_cur_state.ST_LEN                                                                                                                                                                                                                                                ; 8       ;
; i2c_dri:u_i2c_dr|cur_state.st_sladdr                                                                                                                                                                                                                                                                ; 8       ;
; cmos_capture_data:u_cmos_capture_data|cmos_frame_valid~0                                                                                                                                                                                                                                            ; 8       ;
; sdram_top:u_sdram_top|sdram_fifo_ctrl:u_sdram_fifo_ctrl|rw_bank_flag                                                                                                                                                                                                                                ; 8       ;
; sld_signaltap:auto_signaltap_0|sld_signaltap_impl:sld_signaltap_body|sld_signaltap_implb:sld_signaltap_body|sld_buffer_manager:sld_buffer_manager_inst|final_trigger_set                                                                                                                            ; 7       ;
; sld_signaltap:auto_signaltap_0|sld_signaltap_impl:sld_signaltap_body|sld_signaltap_implb:sld_signaltap_body|sld_rom_sr:crc_rom_sr|word_counter[2]                                                                                                                                                   ; 7       ;
; sld_hub:auto_hub|sld_jtag_hub:\jtag_hub_gen:sld_jtag_hub_inst|sld_rom_sr:hub_info_reg|clear_signal                                                                                                                                                                                                  ; 7       ;
; sld_hub:auto_hub|sld_jtag_hub:\jtag_hub_gen:sld_jtag_hub_inst|irsr_reg[0]~2                                                                                                                                                                                                                         ; 7       ;
; sld_hub:auto_hub|sld_jtag_hub:\jtag_hub_gen:sld_jtag_hub_inst|virtual_dr_scan_reg                                                                                                                                                                                                                   ; 7       ;
; sld_hub:auto_hub|sld_jtag_hub:\jtag_hub_gen:sld_jtag_hub_inst|irsr_reg[1]                                                                                                                                                                                                                           ; 7       ;
; sld_hub:auto_hub|sld_jtag_hub:\jtag_hub_gen:sld_jtag_hub_inst|irsr_reg[2]                                                                                                                                                                                                                           ; 7       ;
; sld_hub:auto_hub|sld_jtag_hub:\jtag_hub_gen:sld_jtag_hub_inst|node_ena[1]~reg0                                                                                                                                                                                                                      ; 7       ;
; sdram_top:u_sdram_top|sdram_fifo_ctrl:u_sdram_fifo_ctrl|wrfifo:u_wrfifo|dcfifo:dcfifo_component|dcfifo_nnl1:auto_generated|a_graycounter_2lc:wrptr_g1p|counter6a6                                                                                                                                   ; 7       ;
; top:u_ch346_top|recv:m_recv|WideOr5                                                                                                                                                                                                                                                                 ; 7       ;
; top:u_ch346_top|send:m_send|reg_data~2                                                                                                                                                                                                                                                              ; 7       ;
; sdram_top:u_sdram_top|sdram_fifo_ctrl:u_sdram_fifo_ctrl|rdfifo:u_rdfifo|dcfifo:dcfifo_component|dcfifo_aol1:auto_generated|a_graycounter_2lc:wrptr_g1p|counter6a6                                                                                                                                   ; 7       ;
; sdram_top:u_sdram_top|sdram_fifo_ctrl:u_sdram_fifo_ctrl|rdfifo:u_rdfifo|dcfifo:dcfifo_component|dcfifo_aol1:auto_generated|a_graycounter_2lc:wrptr_g1p|counter6a3                                                                                                                                   ; 7       ;
; sdram_top:u_sdram_top|sdram_fifo_ctrl:u_sdram_fifo_ctrl|rdfifo:u_rdfifo|dcfifo:dcfifo_component|dcfifo_aol1:auto_generated|a_graycounter_2lc:wrptr_g1p|counter6a0                                                                                                                                   ; 7       ;
; top:u_ch346_top|recv:m_recv|Selector6~13                                                                                                                                                                                                                                                            ; 7       ;
; top:u_ch346_top|send:m_send|Selector1~16                                                                                                                                                                                                                                                            ; 7       ;
; top:u_ch346_top|rd_rst:m_rd_rst|Selector3~7                                                                                                                                                                                                                                                         ; 7       ;
; top:u_ch346_top|rd_rst:m_rd_rst|Selector3~1                                                                                                                                                                                                                                                         ; 7       ;
; top:u_ch346_top|send:m_send|Selector1~9                                                                                                                                                                                                                                                             ; 7       ;
; top:u_ch346_top|send:m_send|reg_offset_cnt[0]                                                                                                                                                                                                                                                       ; 7       ;
; i2c_dri:u_i2c_dr|cnt[6]~14                                                                                                                                                                                                                                                                          ; 7       ;
; to8:u_to8|dcfifo_mixed_widths:dcfifo_mixed_widths_component|dcfifo_0bh1:auto_generated|a_graycounter_37c:wrptr_g1p|counter8a2                                                                                                                                                                       ; 7       ;
; to8:u_to8|dcfifo_mixed_widths:dcfifo_mixed_widths_component|dcfifo_0bh1:auto_generated|a_graycounter_37c:wrptr_g1p|counter8a5                                                                                                                                                                       ; 7       ;
; to8:u_to8|dcfifo_mixed_widths:dcfifo_mixed_widths_component|dcfifo_0bh1:auto_generated|a_graycounter_37c:wrptr_g1p|counter8a8                                                                                                                                                                       ; 7       ;
; cmos_capture_data:u_cmos_capture_data|cam_vsync_d1                                                                                                                                                                                                                                                  ; 7       ;
; sdram_top:u_sdram_top|sdram_fifo_ctrl:u_sdram_fifo_ctrl|rdfifo:u_rdfifo|dcfifo:dcfifo_component|dcfifo_aol1:auto_generated|wrptr_g[6]                                                                                                                                                               ; 7       ;
; sdram_top:u_sdram_top|sdram_fifo_ctrl:u_sdram_fifo_ctrl|rdfifo:u_rdfifo|dcfifo:dcfifo_component|dcfifo_aol1:auto_generated|wrptr_g[3]                                                                                                                                                               ; 7       ;
; sdram_top:u_sdram_top|sdram_fifo_ctrl:u_sdram_fifo_ctrl|sw_bank_en                                                                                                                                                                                                                                  ; 7       ;
; top:u_ch346_top|send:m_send|reg_cur_state.ST_INDEX                                                                                                                                                                                                                                                  ; 7       ;
; sdram_top:u_sdram_top|sdram_controller:u_sdram_controller|sdram_cmd:u_sdram_cmd|Selector12~0                                                                                                                                                                                                        ; 7       ;
; i2c_dri:u_i2c_dr|cur_state.st_addr_rd                                                                                                                                                                                                                                                               ; 7       ;
; to8:u_to8|dcfifo_mixed_widths:dcfifo_mixed_widths_component|dcfifo_0bh1:auto_generated|wrptr_g[13]                                                                                                                                                                                                  ; 7       ;
; to8:u_to8|dcfifo_mixed_widths:dcfifo_mixed_widths_component|dcfifo_0bh1:auto_generated|wrptr_g[12]                                                                                                                                                                                                  ; 7       ;
; top:u_ch346_top|send:m_send|reg_clk_cnt[0]                                                                                                                                                                                                                                                          ; 7       ;
; top:u_ch346_top|send:m_send|reg_clk_cnt[1]                                                                                                                                                                                                                                                          ; 7       ;
; sdram_top:u_sdram_top|sdram_controller:u_sdram_controller|sdram_ctrl:u_sdram_ctrl|cnt_clk[0]                                                                                                                                                                                                        ; 7       ;
; lcd:u_lcd|lcd_driver:u_lcd_driver|cnt_h[8]                                                                                                                                                                                                                                                          ; 7       ;
; sld_signaltap:auto_signaltap_0|sld_signaltap_impl:sld_signaltap_body|sld_signaltap_implb:sld_signaltap_body|sld_offload_buffer_mgr:\stp_non_zero_depth_offload_gen:stp_offload_buff_mgr_inst|lpm_counter:\adv_point_3_and_more:advance_pointer_counter|cntr_pgi:auto_generated|counter_reg_bit[5]~0 ; 6       ;
; sld_signaltap:auto_signaltap_0|sld_signaltap_impl:sld_signaltap_body|sld_signaltap_implb:sld_signaltap_body|sld_buffer_manager:sld_buffer_manager_inst|Equal1~4                                                                                                                                     ; 6       ;
; sld_signaltap:auto_signaltap_0|sld_signaltap_impl:sld_signaltap_body|sld_signaltap_implb:sld_signaltap_body|sld_buffer_manager:sld_buffer_manager_inst|\buffer_manager:done                                                                                                                         ; 6       ;
; sld_signaltap:auto_signaltap_0|sld_signaltap_impl:sld_signaltap_body|sld_signaltap_implb:sld_signaltap_body|sld_rom_sr:crc_rom_sr|clear_signal                                                                                                                                                      ; 6       ;
; sld_signaltap:auto_signaltap_0|sld_signaltap_impl:sld_signaltap_body|sld_signaltap_implb:sld_signaltap_body|run                                                                                                                                                                                     ; 6       ;
; sld_hub:auto_hub|sld_jtag_hub:\jtag_hub_gen:sld_jtag_hub_inst|sld_rom_sr:hub_info_reg|word_counter[2]                                                                                                                                                                                               ; 6       ;
; sdram_top:u_sdram_top|sdram_fifo_ctrl:u_sdram_fifo_ctrl|wrfifo:u_wrfifo|dcfifo:dcfifo_component|dcfifo_nnl1:auto_generated|a_graycounter_2lc:wrptr_g1p|counter6a7                                                                                                                                   ; 6       ;
; sdram_top:u_sdram_top|sdram_fifo_ctrl:u_sdram_fifo_ctrl|wrfifo:u_wrfifo|dcfifo:dcfifo_component|dcfifo_nnl1:auto_generated|a_graycounter_2lc:wrptr_g1p|counter6a8                                                                                                                                   ; 6       ;
; top:u_ch346_top|loop:m_loop|reg_dly_cnt[0]~8                                                                                                                                                                                                                                                        ; 6       ;
; top:u_ch346_top|rd_rst:m_rd_rst|reg_data[1]                                                                                                                                                                                                                                                         ; 6       ;
; sdram_top:u_sdram_top|sdram_fifo_ctrl:u_sdram_fifo_ctrl|rdfifo:u_rdfifo|dcfifo:dcfifo_component|dcfifo_aol1:auto_generated|a_graycounter_2lc:wrptr_g1p|counter6a8                                                                                                                                   ; 6       ;
; sdram_top:u_sdram_top|sdram_fifo_ctrl:u_sdram_fifo_ctrl|rdfifo:u_rdfifo|dcfifo:dcfifo_component|dcfifo_aol1:auto_generated|a_graycounter_2lc:wrptr_g1p|counter6a7                                                                                                                                   ; 6       ;
; sdram_top:u_sdram_top|sdram_fifo_ctrl:u_sdram_fifo_ctrl|rdfifo:u_rdfifo|dcfifo:dcfifo_component|dcfifo_aol1:auto_generated|a_graycounter_2lc:wrptr_g1p|counter6a4                                                                                                                                   ; 6       ;
; sdram_top:u_sdram_top|sdram_fifo_ctrl:u_sdram_fifo_ctrl|rdfifo:u_rdfifo|dcfifo:dcfifo_component|dcfifo_aol1:auto_generated|a_graycounter_2lc:wrptr_g1p|counter6a1                                                                                                                                   ; 6       ;
; top:u_ch346_top|send:m_send|reg_offset_cnt[1]                                                                                                                                                                                                                                                       ; 6       ;
; to8:u_to8|dcfifo_mixed_widths:dcfifo_mixed_widths_component|dcfifo_0bh1:auto_generated|a_graycounter_37c:wrptr_g1p|counter8a0                                                                                                                                                                       ; 6       ;
; to8:u_to8|dcfifo_mixed_widths:dcfifo_mixed_widths_component|dcfifo_0bh1:auto_generated|a_graycounter_37c:wrptr_g1p|counter8a3                                                                                                                                                                       ; 6       ;
; to8:u_to8|dcfifo_mixed_widths:dcfifo_mixed_widths_component|dcfifo_0bh1:auto_generated|a_graycounter_37c:wrptr_g1p|counter8a6                                                                                                                                                                       ; 6       ;
; to8:u_to8|dcfifo_mixed_widths:dcfifo_mixed_widths_component|dcfifo_0bh1:auto_generated|a_graycounter_37c:wrptr_g1p|counter8a9                                                                                                                                                                       ; 6       ;
; sdram_top:u_sdram_top|sdram_fifo_ctrl:u_sdram_fifo_ctrl|wrfifo:u_wrfifo|dcfifo:dcfifo_component|dcfifo_nnl1:auto_generated|rdptr_g[9]                                                                                                                                                               ; 6       ;
; sdram_top:u_sdram_top|sdram_fifo_ctrl:u_sdram_fifo_ctrl|wrfifo:u_wrfifo|dcfifo:dcfifo_component|dcfifo_nnl1:auto_generated|rdptr_g[10]                                                                                                                                                              ; 6       ;
; sdram_top:u_sdram_top|sdram_fifo_ctrl:u_sdram_fifo_ctrl|wrfifo:u_wrfifo|dcfifo:dcfifo_component|dcfifo_nnl1:auto_generated|rdptr_g[6]                                                                                                                                                               ; 6       ;
; sdram_top:u_sdram_top|sdram_fifo_ctrl:u_sdram_fifo_ctrl|wrfifo:u_wrfifo|dcfifo:dcfifo_component|dcfifo_nnl1:auto_generated|rdptr_g[3]                                                                                                                                                               ; 6       ;
; sdram_top:u_sdram_top|sdram_fifo_ctrl:u_sdram_fifo_ctrl|rdfifo:u_rdfifo|dcfifo:dcfifo_component|dcfifo_aol1:auto_generated|wrptr_g[8]                                                                                                                                                               ; 6       ;
; sdram_top:u_sdram_top|sdram_fifo_ctrl:u_sdram_fifo_ctrl|rdfifo:u_rdfifo|dcfifo:dcfifo_component|dcfifo_aol1:auto_generated|wrptr_g[5]                                                                                                                                                               ; 6       ;
; sdram_top:u_sdram_top|sdram_fifo_ctrl:u_sdram_fifo_ctrl|rdfifo:u_rdfifo|dcfifo:dcfifo_component|dcfifo_aol1:auto_generated|wrptr_g[2]                                                                                                                                                               ; 6       ;
; sdram_top:u_sdram_top|sdram_fifo_ctrl:u_sdram_fifo_ctrl|write_done_flag                                                                                                                                                                                                                             ; 6       ;
; top:u_ch346_top|rd_rst:m_rd_rst|reg_clk_cnt[0]                                                                                                                                                                                                                                                      ; 6       ;
; top:u_ch346_top|recv:m_recv|reg_cmd_dly_cnt[0]                                                                                                                                                                                                                                                      ; 6       ;
; top:u_ch346_top|send:m_send|reg_cmd_dly_cnt[0]                                                                                                                                                                                                                                                      ; 6       ;
; top:u_ch346_top|send:m_send|reg_cur_state.ST_END                                                                                                                                                                                                                                                    ; 6       ;
; sdram_top:u_sdram_top|sdram_controller:u_sdram_controller|sdram_cmd:u_sdram_cmd|sdram_addr~2                                                                                                                                                                                                        ; 6       ;
; i2c_dri:u_i2c_dr|cur_state.st_addr8                                                                                                                                                                                                                                                                 ; 6       ;
; i2c_dri:u_i2c_dr|Decoder0~0                                                                                                                                                                                                                                                                         ; 6       ;
; lcd:u_lcd|lcd_driver:u_lcd_driver|cnt_h[9]                                                                                                                                                                                                                                                          ; 6       ;
; sld_signaltap:auto_signaltap_0|sld_signaltap_impl:sld_signaltap_body|sld_signaltap_implb:sld_signaltap_body|sld_offload_buffer_mgr:\stp_non_zero_depth_offload_gen:stp_offload_buff_mgr_inst|lpm_counter:status_advance_pointer_counter|cntr_fgi:auto_generated|counter_reg_bit[4]~0                ; 5       ;
; sld_signaltap:auto_signaltap_0|sld_signaltap_impl:sld_signaltap_body|sld_signaltap_implb:sld_signaltap_body|crc_rom_sr_ena~0                                                                                                                                                                        ; 5       ;
; sld_hub:auto_hub|sld_jtag_hub:\jtag_hub_gen:sld_jtag_hub_inst|sld_rom_sr:hub_info_reg|word_counter[0]~20                                                                                                                                                                                            ; 5       ;
; sld_hub:auto_hub|sld_jtag_hub:\jtag_hub_gen:sld_jtag_hub_inst|mixer_addr_reg[4]~19                                                                                                                                                                                                                  ; 5       ;
; sld_hub:auto_hub|sld_jtag_hub:\jtag_hub_gen:sld_jtag_hub_inst|sld_rom_sr:hub_info_reg|word_counter[0]~13                                                                                                                                                                                            ; 5       ;
; sld_hub:auto_hub|sld_jtag_hub:\jtag_hub_gen:sld_jtag_hub_inst|mixer_addr_reg[4]~10                                                                                                                                                                                                                  ; 5       ;
; sld_hub:auto_hub|sld_jtag_hub:\jtag_hub_gen:sld_jtag_hub_inst|irsr_reg[3]                                                                                                                                                                                                                           ; 5       ;
; sld_hub:auto_hub|sld_jtag_hub:\jtag_hub_gen:sld_jtag_hub_inst|hub_info_reg_ena~0                                                                                                                                                                                                                    ; 5       ;
; sld_hub:auto_hub|sld_jtag_hub:\jtag_hub_gen:sld_jtag_hub_inst|irf_reg[1][3]                                                                                                                                                                                                                         ; 5       ;
; sld_hub:auto_hub|sld_jtag_hub:\jtag_hub_gen:sld_jtag_hub_inst|sld_rom_sr:hub_info_reg|word_counter[3]                                                                                                                                                                                               ; 5       ;
; sld_hub:auto_hub|sld_jtag_hub:\jtag_hub_gen:sld_jtag_hub_inst|sld_rom_sr:hub_info_reg|word_counter[0]                                                                                                                                                                                               ; 5       ;
; sld_hub:auto_hub|sld_jtag_hub:\jtag_hub_gen:sld_jtag_hub_inst|sld_rom_sr:hub_info_reg|word_counter[1]                                                                                                                                                                                               ; 5       ;
; top:u_ch346_top|recv:m_recv|LessThan3~1                                                                                                                                                                                                                                                             ; 5       ;
; top:u_ch346_top|send:m_send|LessThan3~1                                                                                                                                                                                                                                                             ; 5       ;
; i2c_ov5640_rgb565_cfg:u_i2c_cfg|WideOr6~5                                                                                                                                                                                                                                                           ; 5       ;
; sdram_top:u_sdram_top|sdram_fifo_ctrl:u_sdram_fifo_ctrl|wrfifo:u_wrfifo|dcfifo:dcfifo_component|dcfifo_nnl1:auto_generated|a_graycounter_2lc:wrptr_g1p|parity7                                                                                                                                      ; 5       ;
; sdram_top:u_sdram_top|sdram_fifo_ctrl:u_sdram_fifo_ctrl|rdfifo:u_rdfifo|dcfifo:dcfifo_component|dcfifo_aol1:auto_generated|a_graycounter_677:rdptr_g1p|counter3a9                                                                                                                                   ; 5       ;
; sdram_top:u_sdram_top|sdram_fifo_ctrl:u_sdram_fifo_ctrl|rdfifo:u_rdfifo|dcfifo:dcfifo_component|dcfifo_aol1:auto_generated|a_graycounter_677:rdptr_g1p|counter3a10                                                                                                                                  ; 5       ;
; sdram_top:u_sdram_top|sdram_fifo_ctrl:u_sdram_fifo_ctrl|wrfifo:u_wrfifo|dcfifo:dcfifo_component|dcfifo_nnl1:auto_generated|a_graycounter_677:rdptr_g1p|counter3a9                                                                                                                                   ; 5       ;
; sdram_top:u_sdram_top|sdram_fifo_ctrl:u_sdram_fifo_ctrl|wrfifo:u_wrfifo|dcfifo:dcfifo_component|dcfifo_nnl1:auto_generated|a_graycounter_677:rdptr_g1p|counter3a10                                                                                                                                  ; 5       ;
; top:u_ch346_top|recv:m_recv|reg_len_cnt[0]                                                                                                                                                                                                                                                          ; 5       ;
; top:u_ch346_top|send:m_send|reg_len_cnt[0]                                                                                                                                                                                                                                                          ; 5       ;
; sdram_top:u_sdram_top|sdram_controller:u_sdram_controller|sdram_ctrl:u_sdram_ctrl|init_ar_cnt[0]                                                                                                                                                                                                    ; 5       ;
; sdram_top:u_sdram_top|sdram_controller:u_sdram_controller|sdram_ctrl:u_sdram_ctrl|sdram_ref_req                                                                                                                                                                                                     ; 5       ;
; sdram_top:u_sdram_top|sdram_controller:u_sdram_controller|sdram_ctrl:u_sdram_ctrl|Equal10~2                                                                                                                                                                                                         ; 5       ;
; i2c_dri:u_i2c_dr|cur_state.st_idle                                                                                                                                                                                                                                                                  ; 5       ;
; to8:u_to8|dcfifo_mixed_widths:dcfifo_mixed_widths_component|dcfifo_0bh1:auto_generated|a_graycounter_37c:wrptr_g1p|counter8a1                                                                                                                                                                       ; 5       ;
; to8:u_to8|dcfifo_mixed_widths:dcfifo_mixed_widths_component|dcfifo_0bh1:auto_generated|a_graycounter_37c:wrptr_g1p|counter8a4                                                                                                                                                                       ; 5       ;
; to8:u_to8|dcfifo_mixed_widths:dcfifo_mixed_widths_component|dcfifo_0bh1:auto_generated|a_graycounter_37c:wrptr_g1p|counter8a7                                                                                                                                                                       ; 5       ;
; to8:u_to8|dcfifo_mixed_widths:dcfifo_mixed_widths_component|dcfifo_0bh1:auto_generated|a_graycounter_37c:wrptr_g1p|counter8a11                                                                                                                                                                      ; 5       ;
; to8:u_to8|dcfifo_mixed_widths:dcfifo_mixed_widths_component|dcfifo_0bh1:auto_generated|a_graycounter_37c:wrptr_g1p|counter8a10                                                                                                                                                                      ; 5       ;
; cmos_capture_data:u_cmos_capture_data|frame_state.WAIT_VSYNC                                                                                                                                                                                                                                        ; 5       ;
; cmos_capture_data:u_cmos_capture_data|cmos_ps_cnt[0]                                                                                                                                                                                                                                                ; 5       ;
; cmos_capture_data:u_cmos_capture_data|cmos_ps_cnt[1]                                                                                                                                                                                                                                                ; 5       ;
; sdram_top:u_sdram_top|sdram_fifo_ctrl:u_sdram_fifo_ctrl|wrfifo:u_wrfifo|dcfifo:dcfifo_component|dcfifo_nnl1:auto_generated|rdptr_g[8]                                                                                                                                                               ; 5       ;
; sdram_top:u_sdram_top|sdram_fifo_ctrl:u_sdram_fifo_ctrl|wrfifo:u_wrfifo|dcfifo:dcfifo_component|dcfifo_nnl1:auto_generated|rdptr_g[5]                                                                                                                                                               ; 5       ;
; sdram_top:u_sdram_top|sdram_fifo_ctrl:u_sdram_fifo_ctrl|wrfifo:u_wrfifo|dcfifo:dcfifo_component|dcfifo_nnl1:auto_generated|rdptr_g[2]                                                                                                                                                               ; 5       ;
; sdram_top:u_sdram_top|sdram_fifo_ctrl:u_sdram_fifo_ctrl|rdfifo:u_rdfifo|dcfifo:dcfifo_component|dcfifo_aol1:auto_generated|wrptr_g[9]                                                                                                                                                               ; 5       ;
; sdram_top:u_sdram_top|sdram_fifo_ctrl:u_sdram_fifo_ctrl|rdfifo:u_rdfifo|dcfifo:dcfifo_component|dcfifo_aol1:auto_generated|wrptr_g[10]                                                                                                                                                              ; 5       ;
; sdram_top:u_sdram_top|sdram_fifo_ctrl:u_sdram_fifo_ctrl|rdfifo:u_rdfifo|dcfifo:dcfifo_component|dcfifo_aol1:auto_generated|wrptr_g[7]                                                                                                                                                               ; 5       ;
; sdram_top:u_sdram_top|sdram_fifo_ctrl:u_sdram_fifo_ctrl|rdfifo:u_rdfifo|dcfifo:dcfifo_component|dcfifo_aol1:auto_generated|wrptr_g[4]                                                                                                                                                               ; 5       ;
; sdram_top:u_sdram_top|sdram_fifo_ctrl:u_sdram_fifo_ctrl|rdfifo:u_rdfifo|dcfifo:dcfifo_component|dcfifo_aol1:auto_generated|wrptr_g[1]                                                                                                                                                               ; 5       ;
; sdram_top:u_sdram_top|sdram_fifo_ctrl:u_sdram_fifo_ctrl|rdfifo:u_rdfifo|dcfifo:dcfifo_component|dcfifo_aol1:auto_generated|wrptr_g[0]                                                                                                                                                               ; 5       ;
; top:u_ch346_top|recv:m_recv|reg_cmd_dly_cnt[1]                                                                                                                                                                                                                                                      ; 5       ;
; top:u_ch346_top|recv:m_recv|reg_cmd_dly_cnt[2]                                                                                                                                                                                                                                                      ; 5       ;
; top:u_ch346_top|send:m_send|reg_cur_state.ST_WR_DLY                                                                                                                                                                                                                                                 ; 5       ;
; top:u_ch346_top|send:m_send|reg_cmd_dly_cnt[1]                                                                                                                                                                                                                                                      ; 5       ;
; top:u_ch346_top|rd_rst:m_rd_rst|reg_cmd_dly_cnt[0]                                                                                                                                                                                                                                                  ; 5       ;
; top:u_ch346_top|rd_rst:m_rd_rst|reg_cur_state.ST_END                                                                                                                                                                                                                                                ; 5       ;
; top:u_ch346_top|recv:m_recv|reg_cur_state.ST_END                                                                                                                                                                                                                                                    ; 5       ;
; i2c_dri:u_i2c_dr|Selector22~4                                                                                                                                                                                                                                                                       ; 5       ;
; i2c_dri:u_i2c_dr|cur_state.st_data_wr                                                                                                                                                                                                                                                               ; 5       ;
; i2c_dri:u_i2c_dr|cur_state.st_addr16                                                                                                                                                                                                                                                                ; 5       ;
; i2c_dri:u_i2c_dr|cur_state.st_data_rd                                                                                                                                                                                                                                                               ; 5       ;
; sdram_top:u_sdram_top|sdram_fifo_ctrl:u_sdram_fifo_ctrl|bank1_read_done                                                                                                                                                                                                                             ; 5       ;
; sdram_top:u_sdram_top|sdram_fifo_ctrl:u_sdram_fifo_ctrl|bank0_read_done                                                                                                                                                                                                                             ; 5       ;
; sdram_top:u_sdram_top|sdram_controller:u_sdram_controller|sdram_ctrl:u_sdram_ctrl|cnt_clk[8]                                                                                                                                                                                                        ; 5       ;
; sdram_top:u_sdram_top|sdram_controller:u_sdram_controller|sdram_ctrl:u_sdram_ctrl|cnt_clk[7]                                                                                                                                                                                                        ; 5       ;
; to8:u_to8|dcfifo_mixed_widths:dcfifo_mixed_widths_component|dcfifo_0bh1:auto_generated|op_2~22                                                                                                                                                                                                      ; 5       ;
; to8:u_to8|dcfifo_mixed_widths:dcfifo_mixed_widths_component|dcfifo_0bh1:auto_generated|op_2~20                                                                                                                                                                                                      ; 5       ;
; to8:u_to8|dcfifo_mixed_widths:dcfifo_mixed_widths_component|dcfifo_0bh1:auto_generated|op_2~18                                                                                                                                                                                                      ; 5       ;
; to8:u_to8|dcfifo_mixed_widths:dcfifo_mixed_widths_component|dcfifo_0bh1:auto_generated|op_2~16                                                                                                                                                                                                      ; 5       ;
; to8:u_to8|dcfifo_mixed_widths:dcfifo_mixed_widths_component|dcfifo_0bh1:auto_generated|op_2~14                                                                                                                                                                                                      ; 5       ;
; to8:u_to8|dcfifo_mixed_widths:dcfifo_mixed_widths_component|dcfifo_0bh1:auto_generated|op_2~12                                                                                                                                                                                                      ; 5       ;
; to8:u_to8|dcfifo_mixed_widths:dcfifo_mixed_widths_component|dcfifo_0bh1:auto_generated|op_2~10                                                                                                                                                                                                      ; 5       ;
; to8:u_to8|dcfifo_mixed_widths:dcfifo_mixed_widths_component|dcfifo_0bh1:auto_generated|op_2~8                                                                                                                                                                                                       ; 5       ;
; lcd:u_lcd|lcd_driver:u_lcd_driver|cnt_h[7]                                                                                                                                                                                                                                                          ; 5       ;
; lcd:u_lcd|lcd_driver:u_lcd_driver|cnt_h[6]                                                                                                                                                                                                                                                          ; 5       ;
; lcd:u_lcd|lcd_driver:u_lcd_driver|cnt_h[5]                                                                                                                                                                                                                                                          ; 5       ;
; sld_signaltap:auto_signaltap_0|sld_signaltap_impl:sld_signaltap_body|sld_signaltap_implb:sld_signaltap_body|sld_rom_sr:crc_rom_sr|word_counter[0]~9                                                                                                                                                 ; 4       ;
; sld_signaltap:auto_signaltap_0|sld_signaltap_impl:sld_signaltap_body|sld_signaltap_implb:sld_signaltap_body|sld_rom_sr:crc_rom_sr|WORD_SR[0]~10                                                                                                                                                     ; 4       ;
; sld_signaltap:auto_signaltap_0|sld_signaltap_impl:sld_signaltap_body|sld_signaltap_implb:sld_signaltap_body|sld_buffer_manager:sld_buffer_manager_inst|Equal1~8                                                                                                                                     ; 4       ;
; sld_signaltap:auto_signaltap_0|sld_signaltap_impl:sld_signaltap_body|sld_signaltap_implb:sld_signaltap_body|sld_rom_sr:crc_rom_sr|word_counter[0]~6                                                                                                                                                 ; 4       ;
; sld_signaltap:auto_signaltap_0|sld_signaltap_impl:sld_signaltap_body|sld_signaltap_implb:sld_signaltap_body|sld_buffer_manager:sld_buffer_manager_inst|process_0~1                                                                                                                                  ; 4       ;
; sld_signaltap:auto_signaltap_0|sld_signaltap_impl:sld_signaltap_body|sld_signaltap_implb:sld_signaltap_body|sld_buffer_manager:sld_buffer_manager_inst|process_0~0                                                                                                                                  ; 4       ;
; sld_signaltap:auto_signaltap_0|sld_signaltap_impl:sld_signaltap_body|sld_signaltap_implb:sld_signaltap_body|condition_delay_reg[3]                                                                                                                                                                  ; 4       ;
; sld_signaltap:auto_signaltap_0|sld_signaltap_impl:sld_signaltap_body|sld_signaltap_implb:sld_signaltap_body|sld_buffer_manager:sld_buffer_manager_inst|\buffer_manager:is_buffer_wrapped                                                                                                            ; 4       ;
; sld_signaltap:auto_signaltap_0|sld_signaltap_impl:sld_signaltap_body|sld_signaltap_implb:sld_signaltap_body|sld_rom_sr:crc_rom_sr|word_counter[3]                                                                                                                                                   ; 4       ;
; sld_hub:auto_hub|sld_jtag_hub:\jtag_hub_gen:sld_jtag_hub_inst|sld_rom_sr:hub_info_reg|WORD_SR[0]~16                                                                                                                                                                                                 ; 4       ;
; sld_hub:auto_hub|sld_jtag_hub:\jtag_hub_gen:sld_jtag_hub_inst|identity_contrib_shift_reg[0]~1                                                                                                                                                                                                       ; 4       ;
; sld_hub:auto_hub|sld_jtag_hub:\jtag_hub_gen:sld_jtag_hub_inst|identity_contrib_update_reg[0]~0                                                                                                                                                                                                      ; 4       ;
; sld_hub:auto_hub|sld_jtag_hub:\jtag_hub_gen:sld_jtag_hub_inst|hub_info_reg_ena                                                                                                                                                                                                                      ; 4       ;
; sld_hub:auto_hub|sld_jtag_hub:\jtag_hub_gen:sld_jtag_hub_inst|design_hash_proc~0                                                                                                                                                                                                                    ; 4       ;
; sld_hub:auto_hub|sld_jtag_hub:\jtag_hub_gen:sld_jtag_hub_inst|design_hash_reg[3]~8                                                                                                                                                                                                                  ; 4       ;
; sld_hub:auto_hub|sld_jtag_hub:\jtag_hub_gen:sld_jtag_hub_inst|hub_mode_reg[1]                                                                                                                                                                                                                       ; 4       ;
; sld_hub:auto_hub|sld_jtag_hub:\jtag_hub_gen:sld_jtag_hub_inst|reset_ena_reg_proc~0                                                                                                                                                                                                                  ; 4       ;
; sld_hub:auto_hub|sld_jtag_hub:\jtag_hub_gen:sld_jtag_hub_inst|sld_rom_sr:hub_info_reg|word_counter[4]                                                                                                                                                                                               ; 4       ;
; i2c_ov5640_rgb565_cfg:u_i2c_cfg|WideOr7~8                                                                                                                                                                                                                                                           ; 4       ;
; i2c_ov5640_rgb565_cfg:u_i2c_cfg|WideOr8~15                                                                                                                                                                                                                                                          ; 4       ;
; i2c_ov5640_rgb565_cfg:u_i2c_cfg|WideOr12~11                                                                                                                                                                                                                                                         ; 4       ;
; sdram_top:u_sdram_top|sdram_fifo_ctrl:u_sdram_fifo_ctrl|wrfifo:u_wrfifo|dcfifo:dcfifo_component|dcfifo_nnl1:auto_generated|valid_wrreq~1                                                                                                                                                            ; 4       ;
; sdram_top:u_sdram_top|sdram_fifo_ctrl:u_sdram_fifo_ctrl|wrfifo:u_wrfifo|dcfifo:dcfifo_component|dcfifo_nnl1:auto_generated|a_graycounter_2lc:wrptr_g1p|_~1                                                                                                                                          ; 4       ;
; sdram_top:u_sdram_top|sdram_fifo_ctrl:u_sdram_fifo_ctrl|wrfifo:u_wrfifo|dcfifo:dcfifo_component|dcfifo_nnl1:auto_generated|a_graycounter_2lc:wrptr_g1p|counter6a9                                                                                                                                   ; 4       ;
; sdram_top:u_sdram_top|sdram_fifo_ctrl:u_sdram_fifo_ctrl|wrfifo:u_wrfifo|dcfifo:dcfifo_component|dcfifo_nnl1:auto_generated|a_graycounter_2lc:wrptr_g1p|counter6a10                                                                                                                                  ; 4       ;
; sdram_top:u_sdram_top|sdram_fifo_ctrl:u_sdram_fifo_ctrl|rdfifo:u_rdfifo|dcfifo:dcfifo_component|dcfifo_aol1:auto_generated|a_graycounter_677:rdptr_g1p|_~2                                                                                                                                          ; 4       ;
; sdram_top:u_sdram_top|sdram_fifo_ctrl:u_sdram_fifo_ctrl|rdfifo:u_rdfifo|dcfifo:dcfifo_component|dcfifo_aol1:auto_generated|a_graycounter_677:rdptr_g1p|_~1                                                                                                                                          ; 4       ;
; sdram_top:u_sdram_top|sdram_fifo_ctrl:u_sdram_fifo_ctrl|rdfifo:u_rdfifo|dcfifo:dcfifo_component|dcfifo_aol1:auto_generated|a_graycounter_677:rdptr_g1p|parity4                                                                                                                                      ; 4       ;
; sdram_top:u_sdram_top|sdram_fifo_ctrl:u_sdram_fifo_ctrl|wrfifo:u_wrfifo|dcfifo:dcfifo_component|dcfifo_nnl1:auto_generated|a_graycounter_677:rdptr_g1p|_~4                                                                                                                                          ; 4       ;
; sdram_top:u_sdram_top|sdram_fifo_ctrl:u_sdram_fifo_ctrl|wrfifo:u_wrfifo|dcfifo:dcfifo_component|dcfifo_nnl1:auto_generated|a_graycounter_677:rdptr_g1p|_~2                                                                                                                                          ; 4       ;
; sdram_top:u_sdram_top|sdram_fifo_ctrl:u_sdram_fifo_ctrl|wrfifo:u_wrfifo|dcfifo:dcfifo_component|dcfifo_nnl1:auto_generated|a_graycounter_677:rdptr_g1p|parity4                                                                                                                                      ; 4       ;
; sdram_top:u_sdram_top|sdram_fifo_ctrl:u_sdram_fifo_ctrl|wrfifo:u_wrfifo|dcfifo:dcfifo_component|dcfifo_nnl1:auto_generated|wrptr_g[0]                                                                                                                                                               ; 4       ;
; sdram_top:u_sdram_top|sdram_fifo_ctrl:u_sdram_fifo_ctrl|wrfifo:u_wrfifo|dcfifo:dcfifo_component|dcfifo_nnl1:auto_generated|wrptr_g[1]                                                                                                                                                               ; 4       ;
; sdram_top:u_sdram_top|sdram_fifo_ctrl:u_sdram_fifo_ctrl|wrfifo:u_wrfifo|dcfifo:dcfifo_component|dcfifo_nnl1:auto_generated|wrptr_g[2]                                                                                                                                                               ; 4       ;
; sdram_top:u_sdram_top|sdram_fifo_ctrl:u_sdram_fifo_ctrl|wrfifo:u_wrfifo|dcfifo:dcfifo_component|dcfifo_nnl1:auto_generated|wrptr_g[3]                                                                                                                                                               ; 4       ;
; sdram_top:u_sdram_top|sdram_fifo_ctrl:u_sdram_fifo_ctrl|wrfifo:u_wrfifo|dcfifo:dcfifo_component|dcfifo_nnl1:auto_generated|wrptr_g[4]                                                                                                                                                               ; 4       ;
; sdram_top:u_sdram_top|sdram_fifo_ctrl:u_sdram_fifo_ctrl|wrfifo:u_wrfifo|dcfifo:dcfifo_component|dcfifo_nnl1:auto_generated|wrptr_g[5]                                                                                                                                                               ; 4       ;
; sdram_top:u_sdram_top|sdram_fifo_ctrl:u_sdram_fifo_ctrl|wrfifo:u_wrfifo|dcfifo:dcfifo_component|dcfifo_nnl1:auto_generated|wrptr_g[6]                                                                                                                                                               ; 4       ;
; sdram_top:u_sdram_top|sdram_fifo_ctrl:u_sdram_fifo_ctrl|wrfifo:u_wrfifo|dcfifo:dcfifo_component|dcfifo_nnl1:auto_generated|wrptr_g[7]                                                                                                                                                               ; 4       ;
; sdram_top:u_sdram_top|sdram_fifo_ctrl:u_sdram_fifo_ctrl|wrfifo:u_wrfifo|dcfifo:dcfifo_component|dcfifo_nnl1:auto_generated|wrptr_g[8]                                                                                                                                                               ; 4       ;
; sdram_top:u_sdram_top|sdram_fifo_ctrl:u_sdram_fifo_ctrl|rdfifo:u_rdfifo|dcfifo:dcfifo_component|dcfifo_aol1:auto_generated|a_graycounter_2lc:wrptr_g1p|_~4                                                                                                                                          ; 4       ;
; sdram_top:u_sdram_top|sdram_fifo_ctrl:u_sdram_fifo_ctrl|rdfifo:u_rdfifo|dcfifo:dcfifo_component|dcfifo_aol1:auto_generated|a_graycounter_2lc:wrptr_g1p|_~2                                                                                                                                          ; 4       ;
; sdram_top:u_sdram_top|sdram_fifo_ctrl:u_sdram_fifo_ctrl|rdfifo:u_rdfifo|dcfifo:dcfifo_component|dcfifo_aol1:auto_generated|a_graycounter_2lc:wrptr_g1p|parity7                                                                                                                                      ; 4       ;
; top:u_ch346_top|recv:m_recv|reg_dly_cnt[2]~1                                                                                                                                                                                                                                                        ; 4       ;
; top:u_ch346_top|rd_rst:m_rd_rst|reg_dly_cnt[1]~1                                                                                                                                                                                                                                                    ; 4       ;
; top:u_ch346_top|send:m_send|reg_dly_cnt[1]~0                                                                                                                                                                                                                                                        ; 4       ;
; top:u_ch346_top|loop:m_loop|reg_clk_cnt[0]                                                                                                                                                                                                                                                          ; 4       ;
; sdram_top:u_sdram_top|sdram_controller:u_sdram_controller|sdram_ctrl:u_sdram_ctrl|init_ar_cnt[0]~2                                                                                                                                                                                                  ; 4       ;
; to8:u_to8|dcfifo_mixed_widths:dcfifo_mixed_widths_component|dcfifo_0bh1:auto_generated|a_graycounter_37c:wrptr_g1p|_~1                                                                                                                                                                              ; 4       ;
; to8:u_to8|dcfifo_mixed_widths:dcfifo_mixed_widths_component|dcfifo_0bh1:auto_generated|a_graycounter_37c:wrptr_g1p|cntr_cout[5]~0                                                                                                                                                                   ; 4       ;
; to8:u_to8|dcfifo_mixed_widths:dcfifo_mixed_widths_component|dcfifo_0bh1:auto_generated|a_graycounter_37c:wrptr_g1p|_~0                                                                                                                                                                              ; 4       ;
; to8:u_to8|dcfifo_mixed_widths:dcfifo_mixed_widths_component|dcfifo_0bh1:auto_generated|a_graycounter_37c:wrptr_g1p|parity9                                                                                                                                                                          ; 4       ;
; to8:u_to8|dcfifo_mixed_widths:dcfifo_mixed_widths_component|dcfifo_0bh1:auto_generated|a_graycounter_6p6:rdptr_g1p|_~2                                                                                                                                                                              ; 4       ;
; to8:u_to8|dcfifo_mixed_widths:dcfifo_mixed_widths_component|dcfifo_0bh1:auto_generated|a_graycounter_6p6:rdptr_g1p|_~1                                                                                                                                                                              ; 4       ;
; to8:u_to8|dcfifo_mixed_widths:dcfifo_mixed_widths_component|dcfifo_0bh1:auto_generated|a_graycounter_6p6:rdptr_g1p|_~0                                                                                                                                                                              ; 4       ;
; to8:u_to8|dcfifo_mixed_widths:dcfifo_mixed_widths_component|dcfifo_0bh1:auto_generated|a_graycounter_6p6:rdptr_g1p|parity5                                                                                                                                                                          ; 4       ;
; sdram_top:u_sdram_top|sdram_fifo_ctrl:u_sdram_fifo_ctrl|rdfifo:u_rdfifo|dcfifo:dcfifo_component|dcfifo_aol1:auto_generated|rdptr_g[0]                                                                                                                                                               ; 4       ;
; sdram_top:u_sdram_top|sdram_fifo_ctrl:u_sdram_fifo_ctrl|rdfifo:u_rdfifo|dcfifo:dcfifo_component|dcfifo_aol1:auto_generated|rdptr_g[1]                                                                                                                                                               ; 4       ;
; sdram_top:u_sdram_top|sdram_fifo_ctrl:u_sdram_fifo_ctrl|rdfifo:u_rdfifo|dcfifo:dcfifo_component|dcfifo_aol1:auto_generated|rdptr_g[2]                                                                                                                                                               ; 4       ;
; sdram_top:u_sdram_top|sdram_fifo_ctrl:u_sdram_fifo_ctrl|rdfifo:u_rdfifo|dcfifo:dcfifo_component|dcfifo_aol1:auto_generated|rdptr_g[3]                                                                                                                                                               ; 4       ;
; sdram_top:u_sdram_top|sdram_fifo_ctrl:u_sdram_fifo_ctrl|rdfifo:u_rdfifo|dcfifo:dcfifo_component|dcfifo_aol1:auto_generated|rdptr_g[4]                                                                                                                                                               ; 4       ;
; sdram_top:u_sdram_top|sdram_fifo_ctrl:u_sdram_fifo_ctrl|rdfifo:u_rdfifo|dcfifo:dcfifo_component|dcfifo_aol1:auto_generated|rdptr_g[5]                                                                                                                                                               ; 4       ;
; sdram_top:u_sdram_top|sdram_fifo_ctrl:u_sdram_fifo_ctrl|rdfifo:u_rdfifo|dcfifo:dcfifo_component|dcfifo_aol1:auto_generated|rdptr_g[6]                                                                                                                                                               ; 4       ;
; sdram_top:u_sdram_top|sdram_fifo_ctrl:u_sdram_fifo_ctrl|rdfifo:u_rdfifo|dcfifo:dcfifo_component|dcfifo_aol1:auto_generated|rdptr_g[7]                                                                                                                                                               ; 4       ;
; sdram_top:u_sdram_top|sdram_fifo_ctrl:u_sdram_fifo_ctrl|rdfifo:u_rdfifo|dcfifo:dcfifo_component|dcfifo_aol1:auto_generated|rdptr_g[8]                                                                                                                                                               ; 4       ;
; sdram_top:u_sdram_top|sdram_fifo_ctrl:u_sdram_fifo_ctrl|rdfifo:u_rdfifo|dcfifo:dcfifo_component|dcfifo_aol1:auto_generated|rdptr_g[9]                                                                                                                                                               ; 4       ;
; sdram_top:u_sdram_top|sdram_fifo_ctrl:u_sdram_fifo_ctrl|rdfifo:u_rdfifo|dcfifo:dcfifo_component|dcfifo_aol1:auto_generated|rdptr_g[10]                                                                                                                                                              ; 4       ;
; sdram_top:u_sdram_top|sdram_fifo_ctrl:u_sdram_fifo_ctrl|rdfifo:u_rdfifo|dcfifo:dcfifo_component|dcfifo_aol1:auto_generated|a_graycounter_2lc:wrptr_g1p|counter6a9                                                                                                                                   ; 4       ;
; sdram_top:u_sdram_top|sdram_fifo_ctrl:u_sdram_fifo_ctrl|rdfifo:u_rdfifo|dcfifo:dcfifo_component|dcfifo_aol1:auto_generated|a_graycounter_2lc:wrptr_g1p|counter6a10                                                                                                                                  ; 4       ;
; top:u_ch346_top|recv:m_recv|reg_len_cnt[1]                                                                                                                                                                                                                                                          ; 4       ;
; top:u_ch346_top|recv:m_recv|reg_dly_cnt[0]                                                                                                                                                                                                                                                          ; 4       ;
; top:u_ch346_top|rd_rst:m_rd_rst|reg_len_cnt[0]                                                                                                                                                                                                                                                      ; 4       ;
; top:u_ch346_top|rd_rst:m_rd_rst|reg_dly_cnt[0]                                                                                                                                                                                                                                                      ; 4       ;
; top:u_ch346_top|reg_rdrst_en                                                                                                                                                                                                                                                                        ; 4       ;
; top:u_ch346_top|reg_slv_en                                                                                                                                                                                                                                                                          ; 4       ;
; top:u_ch346_top|send:m_send|reg_len_cnt[1]                                                                                                                                                                                                                                                          ; 4       ;
; top:u_ch346_top|send:m_send|reg_index_cnt[0]                                                                                                                                                                                                                                                        ; 4       ;
; top:u_ch346_top|send:m_send|reg_dly_cnt[0]                                                                                                                                                                                                                                                          ; 4       ;
; sdram_top:u_sdram_top|sdram_controller:u_sdram_controller|sdram_ctrl:u_sdram_ctrl|init_ar_cnt[1]                                                                                                                                                                                                    ; 4       ;
; sdram_top:u_sdram_top|sdram_controller:u_sdram_controller|sdram_ctrl:u_sdram_ctrl|Equal14~0                                                                                                                                                                                                         ; 4       ;
; sdram_top:u_sdram_top|sdram_controller:u_sdram_controller|sdram_ctrl:u_sdram_ctrl|Equal11~0                                                                                                                                                                                                         ; 4       ;
; sdram_top:u_sdram_top|sdram_controller:u_sdram_controller|sdram_cmd:u_sdram_cmd|Mux0~3                                                                                                                                                                                                              ; 4       ;
; i2c_dri:u_i2c_dr|Equal0~2                                                                                                                                                                                                                                                                           ; 4       ;
; to8:u_to8|dcfifo_mixed_widths:dcfifo_mixed_widths_component|dcfifo_0bh1:auto_generated|a_gray2bin_aib:ws_dgrp_gray2bin|xor4                                                                                                                                                                         ; 4       ;
; to8:u_to8|dcfifo_mixed_widths:dcfifo_mixed_widths_component|dcfifo_0bh1:auto_generated|a_gray2bin_aib:ws_dgrp_gray2bin|xor7                                                                                                                                                                         ; 4       ;
; to8:u_to8|dcfifo_mixed_widths:dcfifo_mixed_widths_component|dcfifo_0bh1:auto_generated|a_gray2bin_aib:ws_dgrp_gray2bin|xor10                                                                                                                                                                        ; 4       ;
; to8:u_to8|dcfifo_mixed_widths:dcfifo_mixed_widths_component|dcfifo_0bh1:auto_generated|a_gray2bin_aib:wrptr_g_gray2bin|xor4                                                                                                                                                                         ; 4       ;
; to8:u_to8|dcfifo_mixed_widths:dcfifo_mixed_widths_component|dcfifo_0bh1:auto_generated|a_gray2bin_aib:wrptr_g_gray2bin|xor7                                                                                                                                                                         ; 4       ;
; cmos_capture_data:u_cmos_capture_data|frame_state.FRAME_OUTPUT                                                                                                                                                                                                                                      ; 4       ;
; cmos_capture_data:u_cmos_capture_data|cmos_ps_cnt[2]                                                                                                                                                                                                                                                ; 4       ;
; sdram_top:u_sdram_top|sdram_fifo_ctrl:u_sdram_fifo_ctrl|wrfifo:u_wrfifo|dcfifo:dcfifo_component|dcfifo_nnl1:auto_generated|a_gray2bin_7ib:rdptr_g_gray2bin|xor4                                                                                                                                     ; 4       ;
; sdram_top:u_sdram_top|sdram_fifo_ctrl:u_sdram_fifo_ctrl|wrfifo:u_wrfifo|dcfifo:dcfifo_component|dcfifo_nnl1:auto_generated|a_gray2bin_7ib:rdptr_g_gray2bin|xor7                                                                                                                                     ; 4       ;
; sdram_top:u_sdram_top|sdram_fifo_ctrl:u_sdram_fifo_ctrl|wrfifo:u_wrfifo|dcfifo:dcfifo_component|dcfifo_nnl1:auto_generated|rdptr_g[7]                                                                                                                                                               ; 4       ;
; sdram_top:u_sdram_top|sdram_fifo_ctrl:u_sdram_fifo_ctrl|wrfifo:u_wrfifo|dcfifo:dcfifo_component|dcfifo_nnl1:auto_generated|rdptr_g[4]                                                                                                                                                               ; 4       ;
; sdram_top:u_sdram_top|sdram_fifo_ctrl:u_sdram_fifo_ctrl|wrfifo:u_wrfifo|dcfifo:dcfifo_component|dcfifo_nnl1:auto_generated|rdptr_g[1]                                                                                                                                                               ; 4       ;
; sdram_top:u_sdram_top|sdram_fifo_ctrl:u_sdram_fifo_ctrl|wrfifo:u_wrfifo|dcfifo:dcfifo_component|dcfifo_nnl1:auto_generated|rdptr_g[0]                                                                                                                                                               ; 4       ;
; sdram_top:u_sdram_top|sdram_fifo_ctrl:u_sdram_fifo_ctrl|wrfifo:u_wrfifo|dcfifo:dcfifo_component|dcfifo_nnl1:auto_generated|a_gray2bin_7ib:rs_dgwp_gray2bin|xor4                                                                                                                                     ; 4       ;
; sdram_top:u_sdram_top|sdram_fifo_ctrl:u_sdram_fifo_ctrl|wrfifo:u_wrfifo|dcfifo:dcfifo_component|dcfifo_nnl1:auto_generated|a_gray2bin_7ib:rs_dgwp_gray2bin|xor7                                                                                                                                     ; 4       ;
; sdram_top:u_sdram_top|sdram_fifo_ctrl:u_sdram_fifo_ctrl|rdfifo:u_rdfifo|dcfifo:dcfifo_component|dcfifo_aol1:auto_generated|a_gray2bin_7ib:ws_dgrp_gray2bin|xor4                                                                                                                                     ; 4       ;
; sdram_top:u_sdram_top|sdram_fifo_ctrl:u_sdram_fifo_ctrl|rdfifo:u_rdfifo|dcfifo:dcfifo_component|dcfifo_aol1:auto_generated|a_gray2bin_7ib:ws_dgrp_gray2bin|xor7                                                                                                                                     ; 4       ;
; sdram_top:u_sdram_top|sdram_fifo_ctrl:u_sdram_fifo_ctrl|rdfifo:u_rdfifo|dcfifo:dcfifo_component|dcfifo_aol1:auto_generated|a_gray2bin_7ib:wrptr_g_gray2bin|xor4                                                                                                                                     ; 4       ;
; sdram_top:u_sdram_top|sdram_fifo_ctrl:u_sdram_fifo_ctrl|rdfifo:u_rdfifo|dcfifo:dcfifo_component|dcfifo_aol1:auto_generated|a_gray2bin_7ib:wrptr_g_gray2bin|xor7                                                                                                                                     ; 4       ;
; top:u_ch346_top|recv:m_recv|reg_cur_state.ST_RD_DLY                                                                                                                                                                                                                                                 ; 4       ;
; top:u_ch346_top|send:m_send|reg_cmd_dly_cnt[2]                                                                                                                                                                                                                                                      ; 4       ;
; top:u_ch346_top|rd_rst:m_rd_rst|reg_cmd_dly_cnt[1]                                                                                                                                                                                                                                                  ; 4       ;
; top:u_ch346_top|rd_rst:m_rd_rst|reg_cmd_dly_cnt[2]                                                                                                                                                                                                                                                  ; 4       ;
; top:u_ch346_top|rd_rst:m_rd_rst|reg_cur_state.ST_RD_DLY                                                                                                                                                                                                                                             ; 4       ;
; top:u_ch346_top|send:m_send|reg_nxt_state.ST_IDLE                                                                                                                                                                                                                                                   ; 4       ;
; sdram_top:u_sdram_top|sdram_fifo_ctrl:u_sdram_fifo_ctrl|sdram_wr_addr[18]                                                                                                                                                                                                                           ; 4       ;
; sdram_top:u_sdram_top|sdram_fifo_ctrl:u_sdram_fifo_ctrl|sdram_rd_addr[23]                                                                                                                                                                                                                           ; 4       ;
; sdram_top:u_sdram_top|sdram_controller:u_sdram_controller|sdram_cmd:u_sdram_cmd|sdram_cmd_r[2]~0                                                                                                                                                                                                    ; 4       ;
; to8:u_to8|dcfifo_mixed_widths:dcfifo_mixed_widths_component|dcfifo_0bh1:auto_generated|alt_synch_pipe_l7d:ws_dgrp|dffpipe_m09:dffpipe10|dffe12a[3]                                                                                                                                                  ; 4       ;
; to8:u_to8|dcfifo_mixed_widths:dcfifo_mixed_widths_component|dcfifo_0bh1:auto_generated|alt_synch_pipe_l7d:ws_dgrp|dffpipe_m09:dffpipe10|dffe12a[6]                                                                                                                                                  ; 4       ;
; to8:u_to8|dcfifo_mixed_widths:dcfifo_mixed_widths_component|dcfifo_0bh1:auto_generated|alt_synch_pipe_l7d:ws_dgrp|dffpipe_m09:dffpipe10|dffe12a[9]                                                                                                                                                  ; 4       ;
; to8:u_to8|dcfifo_mixed_widths:dcfifo_mixed_widths_component|dcfifo_0bh1:auto_generated|alt_synch_pipe_l7d:ws_dgrp|dffpipe_m09:dffpipe10|dffe12a[12]                                                                                                                                                 ; 4       ;
; to8:u_to8|dcfifo_mixed_widths:dcfifo_mixed_widths_component|dcfifo_0bh1:auto_generated|alt_synch_pipe_l7d:ws_dgrp|dffpipe_m09:dffpipe10|dffe12a[13]                                                                                                                                                 ; 4       ;
; sdram_top:u_sdram_top|sdram_fifo_ctrl:u_sdram_fifo_ctrl|bank_wr_ready~0                                                                                                                                                                                                                             ; 4       ;
; top:u_ch346_top|send:m_send|reg_cs                                                                                                                                                                                                                                                                  ; 4       ;
; lcd:u_lcd|lcd_driver:u_lcd_driver|lcd_de~4                                                                                                                                                                                                                                                          ; 4       ;
; top:u_ch346_top|send:m_send|reg_burst_cnt[4]                                                                                                                                                                                                                                                        ; 4       ;
; top:u_ch346_top|send:m_send|reg_burst_cnt[3]                                                                                                                                                                                                                                                        ; 4       ;
; top:u_ch346_top|send:m_send|reg_burst_cnt[2]                                                                                                                                                                                                                                                        ; 4       ;
; top:u_ch346_top|send:m_send|reg_burst_cnt[1]                                                                                                                                                                                                                                                        ; 4       ;
; top:u_ch346_top|send:m_send|reg_burst_cnt[0]                                                                                                                                                                                                                                                        ; 4       ;
; top:u_ch346_top|rd_rst:m_rd_rst|reg_data_cnt[0]                                                                                                                                                                                                                                                     ; 4       ;
; sdram_top:u_sdram_top|sdram_controller:u_sdram_controller|sdram_ctrl:u_sdram_ctrl|cnt_clk[6]                                                                                                                                                                                                        ; 4       ;
; to8:u_to8|dcfifo_mixed_widths:dcfifo_mixed_widths_component|dcfifo_0bh1:auto_generated|op_2~6                                                                                                                                                                                                       ; 4       ;
; to8:u_to8|dcfifo_mixed_widths:dcfifo_mixed_widths_component|dcfifo_0bh1:auto_generated|op_2~4                                                                                                                                                                                                       ; 4       ;
; sdram_top:u_sdram_top|sdram_fifo_ctrl:u_sdram_fifo_ctrl|wrfifo:u_wrfifo|dcfifo:dcfifo_component|dcfifo_nnl1:auto_generated|op_1~18                                                                                                                                                                  ; 4       ;
; sdram_top:u_sdram_top|sdram_fifo_ctrl:u_sdram_fifo_ctrl|rdfifo:u_rdfifo|dcfifo:dcfifo_component|dcfifo_aol1:auto_generated|op_1~18                                                                                                                                                                  ; 4       ;
; lcd:u_lcd|lcd_driver:u_lcd_driver|cnt_h[4]                                                                                                                                                                                                                                                          ; 4       ;
; lcd:u_lcd|lcd_driver:u_lcd_driver|cnt_v[9]                                                                                                                                                                                                                                                          ; 4       ;
; lcd:u_lcd|lcd_driver:u_lcd_driver|cnt_h[10]                                                                                                                                                                                                                                                         ; 4       ;
; sld_signaltap:auto_signaltap_0|sld_signaltap_impl:sld_signaltap_body|sld_signaltap_implb:sld_signaltap_body|sld_buffer_manager:sld_buffer_manager_inst|offset_count~10                                                                                                                              ; 3       ;
; sld_signaltap:auto_signaltap_0|sld_signaltap_impl:sld_signaltap_body|sld_signaltap_implb:sld_signaltap_body|sld_buffer_manager:sld_buffer_manager_inst|offset_count~9                                                                                                                               ; 3       ;
; sld_signaltap:auto_signaltap_0|sld_signaltap_impl:sld_signaltap_body|sld_signaltap_implb:sld_signaltap_body|sld_buffer_manager:sld_buffer_manager_inst|offset_count~8                                                                                                                               ; 3       ;
; sld_signaltap:auto_signaltap_0|sld_signaltap_impl:sld_signaltap_body|sld_signaltap_implb:sld_signaltap_body|sld_buffer_manager:sld_buffer_manager_inst|offset_count~7                                                                                                                               ; 3       ;
; sld_signaltap:auto_signaltap_0|sld_signaltap_impl:sld_signaltap_body|sld_signaltap_implb:sld_signaltap_body|sld_buffer_manager:sld_buffer_manager_inst|offset_count~6                                                                                                                               ; 3       ;
; sld_signaltap:auto_signaltap_0|sld_signaltap_impl:sld_signaltap_body|sld_signaltap_implb:sld_signaltap_body|sld_buffer_manager:sld_buffer_manager_inst|offset_count~5                                                                                                                               ; 3       ;
; sld_signaltap:auto_signaltap_0|sld_signaltap_impl:sld_signaltap_body|sld_signaltap_implb:sld_signaltap_body|sld_buffer_manager:sld_buffer_manager_inst|offset_count~4                                                                                                                               ; 3       ;
; sld_signaltap:auto_signaltap_0|sld_signaltap_impl:sld_signaltap_body|sld_signaltap_implb:sld_signaltap_body|sld_buffer_manager:sld_buffer_manager_inst|offset_count~3                                                                                                                               ; 3       ;
; sld_signaltap:auto_signaltap_0|sld_signaltap_impl:sld_signaltap_body|sld_signaltap_implb:sld_signaltap_body|sld_buffer_manager:sld_buffer_manager_inst|offset_count~2                                                                                                                               ; 3       ;
; sld_signaltap:auto_signaltap_0|sld_signaltap_impl:sld_signaltap_body|sld_signaltap_implb:sld_signaltap_body|sld_buffer_manager:sld_buffer_manager_inst|offset_count~1                                                                                                                               ; 3       ;
; sld_signaltap:auto_signaltap_0|sld_signaltap_impl:sld_signaltap_body|sld_signaltap_implb:sld_signaltap_body|sld_ela_control:ela_control|sld_ela_basic_multi_level_trigger:\basic_multi_level_mbpm_trigger_gen:multi_level_mbpm|lpm_shiftreg:trigger_condition_deserialize|dffs[98]                  ; 3       ;
; sld_signaltap:auto_signaltap_0|sld_signaltap_impl:sld_signaltap_body|sld_signaltap_implb:sld_signaltap_body|sld_ela_control:ela_control|sld_ela_basic_multi_level_trigger:\basic_multi_level_mbpm_trigger_gen:multi_level_mbpm|lpm_shiftreg:trigger_condition_deserialize|dffs[101]                 ; 3       ;
; sld_signaltap:auto_signaltap_0|sld_signaltap_impl:sld_signaltap_body|sld_signaltap_implb:sld_signaltap_body|sld_ela_control:ela_control|sld_ela_basic_multi_level_trigger:\basic_multi_level_mbpm_trigger_gen:multi_level_mbpm|lpm_shiftreg:trigger_condition_deserialize|dffs[104]                 ; 3       ;
; sld_signaltap:auto_signaltap_0|sld_signaltap_impl:sld_signaltap_body|sld_signaltap_implb:sld_signaltap_body|sld_ela_control:ela_control|sld_ela_basic_multi_level_trigger:\basic_multi_level_mbpm_trigger_gen:multi_level_mbpm|lpm_shiftreg:trigger_condition_deserialize|dffs[107]                 ; 3       ;
; sld_signaltap:auto_signaltap_0|sld_signaltap_impl:sld_signaltap_body|sld_signaltap_implb:sld_signaltap_body|sld_ela_control:ela_control|sld_ela_basic_multi_level_trigger:\basic_multi_level_mbpm_trigger_gen:multi_level_mbpm|lpm_shiftreg:trigger_condition_deserialize|dffs[110]                 ; 3       ;
; sld_signaltap:auto_signaltap_0|sld_signaltap_impl:sld_signaltap_body|sld_signaltap_implb:sld_signaltap_body|sld_ela_control:ela_control|sld_ela_basic_multi_level_trigger:\basic_multi_level_mbpm_trigger_gen:multi_level_mbpm|lpm_shiftreg:trigger_condition_deserialize|dffs[113]                 ; 3       ;
; sld_signaltap:auto_signaltap_0|sld_signaltap_impl:sld_signaltap_body|sld_signaltap_implb:sld_signaltap_body|sld_ela_control:ela_control|sld_ela_basic_multi_level_trigger:\basic_multi_level_mbpm_trigger_gen:multi_level_mbpm|lpm_shiftreg:trigger_condition_deserialize|dffs[116]                 ; 3       ;
; sld_signaltap:auto_signaltap_0|sld_signaltap_impl:sld_signaltap_body|sld_signaltap_implb:sld_signaltap_body|sld_ela_control:ela_control|sld_ela_basic_multi_level_trigger:\basic_multi_level_mbpm_trigger_gen:multi_level_mbpm|lpm_shiftreg:trigger_condition_deserialize|dffs[119]                 ; 3       ;
; sld_signaltap:auto_signaltap_0|sld_signaltap_impl:sld_signaltap_body|sld_signaltap_implb:sld_signaltap_body|sld_ela_control:ela_control|sld_ela_basic_multi_level_trigger:\basic_multi_level_mbpm_trigger_gen:multi_level_mbpm|lpm_shiftreg:trigger_condition_deserialize|dffs[122]                 ; 3       ;
; sld_signaltap:auto_signaltap_0|sld_signaltap_impl:sld_signaltap_body|sld_signaltap_implb:sld_signaltap_body|sld_ela_control:ela_control|sld_ela_basic_multi_level_trigger:\basic_multi_level_mbpm_trigger_gen:multi_level_mbpm|lpm_shiftreg:trigger_condition_deserialize|dffs[125]                 ; 3       ;
; sld_signaltap:auto_signaltap_0|sld_signaltap_impl:sld_signaltap_body|sld_signaltap_implb:sld_signaltap_body|sld_ela_control:ela_control|sld_ela_basic_multi_level_trigger:\basic_multi_level_mbpm_trigger_gen:multi_level_mbpm|lpm_shiftreg:trigger_condition_deserialize|dffs[128]                 ; 3       ;
; sld_signaltap:auto_signaltap_0|sld_signaltap_impl:sld_signaltap_body|sld_signaltap_implb:sld_signaltap_body|sld_ela_control:ela_control|sld_ela_basic_multi_level_trigger:\basic_multi_level_mbpm_trigger_gen:multi_level_mbpm|lpm_shiftreg:trigger_condition_deserialize|dffs[131]                 ; 3       ;
; sld_signaltap:auto_signaltap_0|sld_signaltap_impl:sld_signaltap_body|sld_signaltap_implb:sld_signaltap_body|sld_ela_control:ela_control|sld_ela_basic_multi_level_trigger:\basic_multi_level_mbpm_trigger_gen:multi_level_mbpm|lpm_shiftreg:trigger_condition_deserialize|dffs[140]                 ; 3       ;
; sld_signaltap:auto_signaltap_0|sld_signaltap_impl:sld_signaltap_body|sld_signaltap_implb:sld_signaltap_body|sld_ela_control:ela_control|sld_ela_basic_multi_level_trigger:\basic_multi_level_mbpm_trigger_gen:multi_level_mbpm|lpm_shiftreg:trigger_condition_deserialize|dffs[50]                  ; 3       ;
; sld_signaltap:auto_signaltap_0|sld_signaltap_impl:sld_signaltap_body|sld_signaltap_implb:sld_signaltap_body|sld_ela_control:ela_control|sld_ela_basic_multi_level_trigger:\basic_multi_level_mbpm_trigger_gen:multi_level_mbpm|lpm_shiftreg:trigger_condition_deserialize|dffs[53]                  ; 3       ;
; sld_signaltap:auto_signaltap_0|sld_signaltap_impl:sld_signaltap_body|sld_signaltap_implb:sld_signaltap_body|sld_ela_control:ela_control|sld_ela_basic_multi_level_trigger:\basic_multi_level_mbpm_trigger_gen:multi_level_mbpm|lpm_shiftreg:trigger_condition_deserialize|dffs[56]                  ; 3       ;
; sld_signaltap:auto_signaltap_0|sld_signaltap_impl:sld_signaltap_body|sld_signaltap_implb:sld_signaltap_body|sld_ela_control:ela_control|sld_ela_basic_multi_level_trigger:\basic_multi_level_mbpm_trigger_gen:multi_level_mbpm|lpm_shiftreg:trigger_condition_deserialize|dffs[59]                  ; 3       ;
; sld_signaltap:auto_signaltap_0|sld_signaltap_impl:sld_signaltap_body|sld_signaltap_implb:sld_signaltap_body|sld_ela_control:ela_control|sld_ela_basic_multi_level_trigger:\basic_multi_level_mbpm_trigger_gen:multi_level_mbpm|lpm_shiftreg:trigger_condition_deserialize|dffs[62]                  ; 3       ;
; sld_signaltap:auto_signaltap_0|sld_signaltap_impl:sld_signaltap_body|sld_signaltap_implb:sld_signaltap_body|sld_ela_control:ela_control|sld_ela_basic_multi_level_trigger:\basic_multi_level_mbpm_trigger_gen:multi_level_mbpm|lpm_shiftreg:trigger_condition_deserialize|dffs[65]                  ; 3       ;
; sld_signaltap:auto_signaltap_0|sld_signaltap_impl:sld_signaltap_body|sld_signaltap_implb:sld_signaltap_body|sld_ela_control:ela_control|sld_ela_basic_multi_level_trigger:\basic_multi_level_mbpm_trigger_gen:multi_level_mbpm|lpm_shiftreg:trigger_condition_deserialize|dffs[68]                  ; 3       ;
; sld_signaltap:auto_signaltap_0|sld_signaltap_impl:sld_signaltap_body|sld_signaltap_implb:sld_signaltap_body|sld_ela_control:ela_control|sld_ela_basic_multi_level_trigger:\basic_multi_level_mbpm_trigger_gen:multi_level_mbpm|lpm_shiftreg:trigger_condition_deserialize|dffs[71]                  ; 3       ;
; sld_signaltap:auto_signaltap_0|sld_signaltap_impl:sld_signaltap_body|sld_signaltap_implb:sld_signaltap_body|sld_ela_control:ela_control|sld_ela_basic_multi_level_trigger:\basic_multi_level_mbpm_trigger_gen:multi_level_mbpm|lpm_shiftreg:trigger_condition_deserialize|dffs[74]                  ; 3       ;
; sld_signaltap:auto_signaltap_0|sld_signaltap_impl:sld_signaltap_body|sld_signaltap_implb:sld_signaltap_body|sld_ela_control:ela_control|sld_ela_basic_multi_level_trigger:\basic_multi_level_mbpm_trigger_gen:multi_level_mbpm|lpm_shiftreg:trigger_condition_deserialize|dffs[77]                  ; 3       ;
; sld_signaltap:auto_signaltap_0|sld_signaltap_impl:sld_signaltap_body|sld_signaltap_implb:sld_signaltap_body|sld_ela_control:ela_control|sld_ela_basic_multi_level_trigger:\basic_multi_level_mbpm_trigger_gen:multi_level_mbpm|lpm_shiftreg:trigger_condition_deserialize|dffs[80]                  ; 3       ;
; sld_signaltap:auto_signaltap_0|sld_signaltap_impl:sld_signaltap_body|sld_signaltap_implb:sld_signaltap_body|sld_ela_control:ela_control|sld_ela_basic_multi_level_trigger:\basic_multi_level_mbpm_trigger_gen:multi_level_mbpm|lpm_shiftreg:trigger_condition_deserialize|dffs[83]                  ; 3       ;
; sld_signaltap:auto_signaltap_0|sld_signaltap_impl:sld_signaltap_body|sld_signaltap_implb:sld_signaltap_body|sld_ela_control:ela_control|sld_ela_basic_multi_level_trigger:\basic_multi_level_mbpm_trigger_gen:multi_level_mbpm|lpm_shiftreg:trigger_condition_deserialize|dffs[86]                  ; 3       ;
; sld_signaltap:auto_signaltap_0|sld_signaltap_impl:sld_signaltap_body|sld_signaltap_implb:sld_signaltap_body|sld_ela_control:ela_control|sld_ela_basic_multi_level_trigger:\basic_multi_level_mbpm_trigger_gen:multi_level_mbpm|lpm_shiftreg:trigger_condition_deserialize|dffs[89]                  ; 3       ;
; sld_signaltap:auto_signaltap_0|sld_signaltap_impl:sld_signaltap_body|sld_signaltap_implb:sld_signaltap_body|sld_ela_control:ela_control|sld_ela_basic_multi_level_trigger:\basic_multi_level_mbpm_trigger_gen:multi_level_mbpm|lpm_shiftreg:trigger_condition_deserialize|dffs[92]                  ; 3       ;
; sld_signaltap:auto_signaltap_0|sld_signaltap_impl:sld_signaltap_body|sld_signaltap_implb:sld_signaltap_body|sld_ela_control:ela_control|sld_ela_basic_multi_level_trigger:\basic_multi_level_mbpm_trigger_gen:multi_level_mbpm|lpm_shiftreg:trigger_condition_deserialize|dffs[95]                  ; 3       ;
; sld_signaltap:auto_signaltap_0|sld_signaltap_impl:sld_signaltap_body|sld_signaltap_implb:sld_signaltap_body|sld_ela_control:ela_control|sld_ela_basic_multi_level_trigger:\basic_multi_level_mbpm_trigger_gen:multi_level_mbpm|lpm_shiftreg:trigger_condition_deserialize|dffs[134]                 ; 3       ;
; sld_signaltap:auto_signaltap_0|sld_signaltap_impl:sld_signaltap_body|sld_signaltap_implb:sld_signaltap_body|sld_ela_control:ela_control|sld_ela_basic_multi_level_trigger:\basic_multi_level_mbpm_trigger_gen:multi_level_mbpm|lpm_shiftreg:trigger_condition_deserialize|dffs[137]                 ; 3       ;
; sld_signaltap:auto_signaltap_0|sld_signaltap_impl:sld_signaltap_body|sld_signaltap_implb:sld_signaltap_body|sld_ela_control:ela_control|sld_ela_basic_multi_level_trigger:\basic_multi_level_mbpm_trigger_gen:multi_level_mbpm|lpm_shiftreg:trigger_condition_deserialize|dffs[2]                   ; 3       ;
; sld_signaltap:auto_signaltap_0|sld_signaltap_impl:sld_signaltap_body|sld_signaltap_implb:sld_signaltap_body|sld_ela_control:ela_control|sld_ela_basic_multi_level_trigger:\basic_multi_level_mbpm_trigger_gen:multi_level_mbpm|lpm_shiftreg:trigger_condition_deserialize|dffs[5]                   ; 3       ;
; sld_signaltap:auto_signaltap_0|sld_signaltap_impl:sld_signaltap_body|sld_signaltap_implb:sld_signaltap_body|sld_ela_control:ela_control|sld_ela_basic_multi_level_trigger:\basic_multi_level_mbpm_trigger_gen:multi_level_mbpm|lpm_shiftreg:trigger_condition_deserialize|dffs[8]                   ; 3       ;
; sld_signaltap:auto_signaltap_0|sld_signaltap_impl:sld_signaltap_body|sld_signaltap_implb:sld_signaltap_body|sld_ela_control:ela_control|sld_ela_basic_multi_level_trigger:\basic_multi_level_mbpm_trigger_gen:multi_level_mbpm|lpm_shiftreg:trigger_condition_deserialize|dffs[11]                  ; 3       ;
; sld_signaltap:auto_signaltap_0|sld_signaltap_impl:sld_signaltap_body|sld_signaltap_implb:sld_signaltap_body|sld_ela_control:ela_control|sld_ela_basic_multi_level_trigger:\basic_multi_level_mbpm_trigger_gen:multi_level_mbpm|lpm_shiftreg:trigger_condition_deserialize|dffs[14]                  ; 3       ;
; sld_signaltap:auto_signaltap_0|sld_signaltap_impl:sld_signaltap_body|sld_signaltap_implb:sld_signaltap_body|sld_ela_control:ela_control|sld_ela_basic_multi_level_trigger:\basic_multi_level_mbpm_trigger_gen:multi_level_mbpm|lpm_shiftreg:trigger_condition_deserialize|dffs[17]                  ; 3       ;
; sld_signaltap:auto_signaltap_0|sld_signaltap_impl:sld_signaltap_body|sld_signaltap_implb:sld_signaltap_body|sld_ela_control:ela_control|sld_ela_basic_multi_level_trigger:\basic_multi_level_mbpm_trigger_gen:multi_level_mbpm|lpm_shiftreg:trigger_condition_deserialize|dffs[20]                  ; 3       ;
; sld_signaltap:auto_signaltap_0|sld_signaltap_impl:sld_signaltap_body|sld_signaltap_implb:sld_signaltap_body|sld_ela_control:ela_control|sld_ela_basic_multi_level_trigger:\basic_multi_level_mbpm_trigger_gen:multi_level_mbpm|lpm_shiftreg:trigger_condition_deserialize|dffs[23]                  ; 3       ;
; sld_signaltap:auto_signaltap_0|sld_signaltap_impl:sld_signaltap_body|sld_signaltap_implb:sld_signaltap_body|sld_ela_control:ela_control|sld_ela_basic_multi_level_trigger:\basic_multi_level_mbpm_trigger_gen:multi_level_mbpm|lpm_shiftreg:trigger_condition_deserialize|dffs[26]                  ; 3       ;
; sld_signaltap:auto_signaltap_0|sld_signaltap_impl:sld_signaltap_body|sld_signaltap_implb:sld_signaltap_body|sld_ela_control:ela_control|sld_ela_basic_multi_level_trigger:\basic_multi_level_mbpm_trigger_gen:multi_level_mbpm|lpm_shiftreg:trigger_condition_deserialize|dffs[29]                  ; 3       ;
; sld_signaltap:auto_signaltap_0|sld_signaltap_impl:sld_signaltap_body|sld_signaltap_implb:sld_signaltap_body|sld_ela_control:ela_control|sld_ela_basic_multi_level_trigger:\basic_multi_level_mbpm_trigger_gen:multi_level_mbpm|lpm_shiftreg:trigger_condition_deserialize|dffs[32]                  ; 3       ;
; sld_signaltap:auto_signaltap_0|sld_signaltap_impl:sld_signaltap_body|sld_signaltap_implb:sld_signaltap_body|sld_ela_control:ela_control|sld_ela_basic_multi_level_trigger:\basic_multi_level_mbpm_trigger_gen:multi_level_mbpm|lpm_shiftreg:trigger_condition_deserialize|dffs[35]                  ; 3       ;
; sld_signaltap:auto_signaltap_0|sld_signaltap_impl:sld_signaltap_body|sld_signaltap_implb:sld_signaltap_body|sld_ela_control:ela_control|sld_ela_basic_multi_level_trigger:\basic_multi_level_mbpm_trigger_gen:multi_level_mbpm|lpm_shiftreg:trigger_condition_deserialize|dffs[38]                  ; 3       ;
; sld_signaltap:auto_signaltap_0|sld_signaltap_impl:sld_signaltap_body|sld_signaltap_implb:sld_signaltap_body|sld_ela_control:ela_control|sld_ela_basic_multi_level_trigger:\basic_multi_level_mbpm_trigger_gen:multi_level_mbpm|lpm_shiftreg:trigger_condition_deserialize|dffs[41]                  ; 3       ;
; sld_signaltap:auto_signaltap_0|sld_signaltap_impl:sld_signaltap_body|sld_signaltap_implb:sld_signaltap_body|sld_ela_control:ela_control|sld_ela_basic_multi_level_trigger:\basic_multi_level_mbpm_trigger_gen:multi_level_mbpm|lpm_shiftreg:trigger_condition_deserialize|dffs[44]                  ; 3       ;
; sld_signaltap:auto_signaltap_0|sld_signaltap_impl:sld_signaltap_body|sld_signaltap_implb:sld_signaltap_body|sld_ela_control:ela_control|sld_ela_basic_multi_level_trigger:\basic_multi_level_mbpm_trigger_gen:multi_level_mbpm|lpm_shiftreg:trigger_condition_deserialize|dffs[47]                  ; 3       ;
; sld_signaltap:auto_signaltap_0|sld_signaltap_impl:sld_signaltap_body|sld_signaltap_implb:sld_signaltap_body|sld_buffer_manager:sld_buffer_manager_inst|offset_count~0                                                                                                                               ; 3       ;
; sld_signaltap:auto_signaltap_0|sld_signaltap_impl:sld_signaltap_body|sld_signaltap_implb:sld_signaltap_body|current_segment_delayed[0]                                                                                                                                                              ; 3       ;
; sld_signaltap:auto_signaltap_0|sld_signaltap_impl:sld_signaltap_body|sld_signaltap_implb:sld_signaltap_body|sld_buffer_manager:sld_buffer_manager_inst|Equal1~7                                                                                                                                     ; 3       ;
; sld_signaltap:auto_signaltap_0|sld_signaltap_impl:sld_signaltap_body|sld_signaltap_implb:sld_signaltap_body|sld_buffer_manager:sld_buffer_manager_inst|Equal0~3                                                                                                                                     ; 3       ;
; sld_signaltap:auto_signaltap_0|sld_signaltap_impl:sld_signaltap_body|sld_signaltap_implb:sld_signaltap_body|sld_buffer_manager:sld_buffer_manager_inst|Equal1~6                                                                                                                                     ; 3       ;
; sld_signaltap:auto_signaltap_0|sld_signaltap_impl:sld_signaltap_body|sld_signaltap_implb:sld_signaltap_body|sld_buffer_manager:sld_buffer_manager_inst|counter[11]                                                                                                                                  ; 3       ;
; sld_signaltap:auto_signaltap_0|sld_signaltap_impl:sld_signaltap_body|sld_signaltap_implb:sld_signaltap_body|sld_buffer_manager:sld_buffer_manager_inst|counter[10]                                                                                                                                  ; 3       ;
; sld_signaltap:auto_signaltap_0|sld_signaltap_impl:sld_signaltap_body|sld_signaltap_implb:sld_signaltap_body|sld_buffer_manager:sld_buffer_manager_inst|Equal1~5                                                                                                                                     ; 3       ;
; sld_signaltap:auto_signaltap_0|sld_signaltap_impl:sld_signaltap_body|sld_signaltap_implb:sld_signaltap_body|sld_buffer_manager:sld_buffer_manager_inst|counter[9]                                                                                                                                   ; 3       ;
; sld_signaltap:auto_signaltap_0|sld_signaltap_impl:sld_signaltap_body|sld_signaltap_implb:sld_signaltap_body|sld_buffer_manager:sld_buffer_manager_inst|counter[8]                                                                                                                                   ; 3       ;
; sld_signaltap:auto_signaltap_0|sld_signaltap_impl:sld_signaltap_body|sld_signaltap_implb:sld_signaltap_body|sld_buffer_manager:sld_buffer_manager_inst|counter[7]                                                                                                                                   ; 3       ;
; sld_signaltap:auto_signaltap_0|sld_signaltap_impl:sld_signaltap_body|sld_signaltap_implb:sld_signaltap_body|sld_buffer_manager:sld_buffer_manager_inst|counter[6]                                                                                                                                   ; 3       ;
; sld_signaltap:auto_signaltap_0|sld_signaltap_impl:sld_signaltap_body|sld_signaltap_implb:sld_signaltap_body|sld_buffer_manager:sld_buffer_manager_inst|counter[5]                                                                                                                                   ; 3       ;
; sld_signaltap:auto_signaltap_0|sld_signaltap_impl:sld_signaltap_body|sld_signaltap_implb:sld_signaltap_body|sld_buffer_manager:sld_buffer_manager_inst|counter[4]                                                                                                                                   ; 3       ;
; sld_signaltap:auto_signaltap_0|sld_signaltap_impl:sld_signaltap_body|sld_signaltap_implb:sld_signaltap_body|sld_buffer_manager:sld_buffer_manager_inst|counter[3]                                                                                                                                   ; 3       ;
; sld_signaltap:auto_signaltap_0|sld_signaltap_impl:sld_signaltap_body|sld_signaltap_implb:sld_signaltap_body|sld_buffer_manager:sld_buffer_manager_inst|counter[2]                                                                                                                                   ; 3       ;
; sld_signaltap:auto_signaltap_0|sld_signaltap_impl:sld_signaltap_body|sld_signaltap_implb:sld_signaltap_body|sld_buffer_manager:sld_buffer_manager_inst|counter[1]                                                                                                                                   ; 3       ;
; sld_signaltap:auto_signaltap_0|sld_signaltap_impl:sld_signaltap_body|sld_signaltap_implb:sld_signaltap_body|sld_buffer_manager:sld_buffer_manager_inst|counter[0]                                                                                                                                   ; 3       ;
; sld_signaltap:auto_signaltap_0|sld_signaltap_impl:sld_signaltap_body|sld_signaltap_implb:sld_signaltap_body|sld_ela_control:ela_control|sld_ela_trigger_flow_mgr:\builtin:ela_trigger_flow_mgr_entity|lpm_shiftreg:trigger_config_deserialize|dffs[0]                                               ; 3       ;
; sld_signaltap:auto_signaltap_0|sld_signaltap_impl:sld_signaltap_body|sld_signaltap_implb:sld_signaltap_body|sld_ela_control:ela_control|sld_ela_trigger_flow_mgr:\builtin:ela_trigger_flow_mgr_entity|last_level_delayed                                                                            ; 3       ;
; sld_signaltap:auto_signaltap_0|acq_trigger_in_reg[46]                                                                                                                                                                                                                                               ; 3       ;
; sld_signaltap:auto_signaltap_0|acq_trigger_in_reg[45]                                                                                                                                                                                                                                               ; 3       ;
; sld_signaltap:auto_signaltap_0|acq_trigger_in_reg[44]                                                                                                                                                                                                                                               ; 3       ;
; sld_signaltap:auto_signaltap_0|acq_trigger_in_reg[43]                                                                                                                                                                                                                                               ; 3       ;
; sld_signaltap:auto_signaltap_0|acq_trigger_in_reg[42]                                                                                                                                                                                                                                               ; 3       ;
; sld_signaltap:auto_signaltap_0|acq_trigger_in_reg[41]                                                                                                                                                                                                                                               ; 3       ;
; sld_signaltap:auto_signaltap_0|acq_trigger_in_reg[40]                                                                                                                                                                                                                                               ; 3       ;
; sld_signaltap:auto_signaltap_0|acq_trigger_in_reg[39]                                                                                                                                                                                                                                               ; 3       ;
; sld_signaltap:auto_signaltap_0|acq_trigger_in_reg[38]                                                                                                                                                                                                                                               ; 3       ;
; sld_signaltap:auto_signaltap_0|acq_trigger_in_reg[37]                                                                                                                                                                                                                                               ; 3       ;
; sld_signaltap:auto_signaltap_0|acq_trigger_in_reg[36]                                                                                                                                                                                                                                               ; 3       ;
; sld_signaltap:auto_signaltap_0|acq_trigger_in_reg[35]                                                                                                                                                                                                                                               ; 3       ;
; sld_signaltap:auto_signaltap_0|acq_trigger_in_reg[34]                                                                                                                                                                                                                                               ; 3       ;
; sld_signaltap:auto_signaltap_0|acq_trigger_in_reg[33]                                                                                                                                                                                                                                               ; 3       ;
; sld_signaltap:auto_signaltap_0|acq_trigger_in_reg[32]                                                                                                                                                                                                                                               ; 3       ;
; sld_signaltap:auto_signaltap_0|acq_trigger_in_reg[31]                                                                                                                                                                                                                                               ; 3       ;
; sld_signaltap:auto_signaltap_0|acq_trigger_in_reg[30]                                                                                                                                                                                                                                               ; 3       ;
; sld_signaltap:auto_signaltap_0|acq_trigger_in_reg[29]                                                                                                                                                                                                                                               ; 3       ;
; sld_signaltap:auto_signaltap_0|acq_trigger_in_reg[28]                                                                                                                                                                                                                                               ; 3       ;
; sld_signaltap:auto_signaltap_0|acq_trigger_in_reg[27]                                                                                                                                                                                                                                               ; 3       ;
; sld_signaltap:auto_signaltap_0|acq_trigger_in_reg[26]                                                                                                                                                                                                                                               ; 3       ;
; sld_signaltap:auto_signaltap_0|acq_trigger_in_reg[25]                                                                                                                                                                                                                                               ; 3       ;
; sld_signaltap:auto_signaltap_0|acq_trigger_in_reg[24]                                                                                                                                                                                                                                               ; 3       ;
; sld_signaltap:auto_signaltap_0|acq_trigger_in_reg[23]                                                                                                                                                                                                                                               ; 3       ;
; sld_signaltap:auto_signaltap_0|acq_trigger_in_reg[22]                                                                                                                                                                                                                                               ; 3       ;
; sld_signaltap:auto_signaltap_0|acq_trigger_in_reg[21]                                                                                                                                                                                                                                               ; 3       ;
; sld_signaltap:auto_signaltap_0|acq_trigger_in_reg[20]                                                                                                                                                                                                                                               ; 3       ;
; sld_signaltap:auto_signaltap_0|acq_trigger_in_reg[19]                                                                                                                                                                                                                                               ; 3       ;
; sld_signaltap:auto_signaltap_0|acq_trigger_in_reg[18]                                                                                                                                                                                                                                               ; 3       ;
; sld_signaltap:auto_signaltap_0|acq_trigger_in_reg[17]                                                                                                                                                                                                                                               ; 3       ;
; sld_signaltap:auto_signaltap_0|acq_trigger_in_reg[16]                                                                                                                                                                                                                                               ; 3       ;
; sld_signaltap:auto_signaltap_0|acq_trigger_in_reg[15]                                                                                                                                                                                                                                               ; 3       ;
; sld_signaltap:auto_signaltap_0|acq_trigger_in_reg[14]                                                                                                                                                                                                                                               ; 3       ;
; sld_signaltap:auto_signaltap_0|acq_trigger_in_reg[13]                                                                                                                                                                                                                                               ; 3       ;
; sld_signaltap:auto_signaltap_0|acq_trigger_in_reg[12]                                                                                                                                                                                                                                               ; 3       ;
; sld_signaltap:auto_signaltap_0|acq_trigger_in_reg[11]                                                                                                                                                                                                                                               ; 3       ;
; sld_signaltap:auto_signaltap_0|acq_trigger_in_reg[10]                                                                                                                                                                                                                                               ; 3       ;
; sld_signaltap:auto_signaltap_0|acq_trigger_in_reg[9]                                                                                                                                                                                                                                                ; 3       ;
; sld_signaltap:auto_signaltap_0|acq_trigger_in_reg[8]                                                                                                                                                                                                                                                ; 3       ;
; sld_signaltap:auto_signaltap_0|acq_trigger_in_reg[7]                                                                                                                                                                                                                                                ; 3       ;
; sld_signaltap:auto_signaltap_0|acq_trigger_in_reg[6]                                                                                                                                                                                                                                                ; 3       ;
; sld_signaltap:auto_signaltap_0|acq_trigger_in_reg[5]                                                                                                                                                                                                                                                ; 3       ;
; sld_signaltap:auto_signaltap_0|acq_trigger_in_reg[4]                                                                                                                                                                                                                                                ; 3       ;
; sld_signaltap:auto_signaltap_0|acq_trigger_in_reg[3]                                                                                                                                                                                                                                                ; 3       ;
; sld_signaltap:auto_signaltap_0|acq_trigger_in_reg[2]                                                                                                                                                                                                                                                ; 3       ;
; sld_signaltap:auto_signaltap_0|acq_trigger_in_reg[1]                                                                                                                                                                                                                                                ; 3       ;
; sld_signaltap:auto_signaltap_0|acq_trigger_in_reg[0]                                                                                                                                                                                                                                                ; 3       ;
; sld_signaltap:auto_signaltap_0|sld_signaltap_impl:sld_signaltap_body|sld_signaltap_implb:sld_signaltap_body|lpm_shiftreg:segment_offset_config_deserialize|dffs[0]                                                                                                                                  ; 3       ;
; sld_signaltap:auto_signaltap_0|sld_signaltap_impl:sld_signaltap_body|sld_signaltap_implb:sld_signaltap_body|sld_offload_buffer_mgr:\stp_non_zero_depth_offload_gen:stp_offload_buff_mgr_inst|lpm_counter:\adv_point_3_and_more:advance_pointer_counter|cntr_pgi:auto_generated|counter_reg_bit[1]   ; 3       ;
; sld_signaltap:auto_signaltap_0|sld_signaltap_impl:sld_signaltap_body|sld_signaltap_implb:sld_signaltap_body|sld_offload_buffer_mgr:\stp_non_zero_depth_offload_gen:stp_offload_buff_mgr_inst|lpm_counter:\adv_point_3_and_more:advance_pointer_counter|cntr_pgi:auto_generated|counter_reg_bit[0]   ; 3       ;
; sld_signaltap:auto_signaltap_0|sld_signaltap_impl:sld_signaltap_body|sld_signaltap_implb:sld_signaltap_body|sld_offload_buffer_mgr:\stp_non_zero_depth_offload_gen:stp_offload_buff_mgr_inst|lpm_counter:status_read_pointer_counter|cntr_23j:auto_generated|counter_reg_bit[0]                     ; 3       ;
; sld_signaltap:auto_signaltap_0|sld_signaltap_impl:sld_signaltap_body|sld_signaltap_implb:sld_signaltap_body|sld_offload_buffer_mgr:\stp_non_zero_depth_offload_gen:stp_offload_buff_mgr_inst|lpm_counter:status_advance_pointer_counter|cntr_fgi:auto_generated|counter_reg_bit[2]                  ; 3       ;
; sld_signaltap:auto_signaltap_0|sld_signaltap_impl:sld_signaltap_body|sld_signaltap_implb:sld_signaltap_body|sld_offload_buffer_mgr:\stp_non_zero_depth_offload_gen:stp_offload_buff_mgr_inst|lpm_counter:status_advance_pointer_counter|cntr_fgi:auto_generated|counter_reg_bit[0]                  ; 3       ;
; sld_hub:auto_hub|sld_jtag_hub:\jtag_hub_gen:sld_jtag_hub_inst|sld_shadow_jsm:shadow_jsm|tms_cnt[0]                                                                                                                                                                                                  ; 3       ;
; sld_hub:auto_hub|sld_jtag_hub:\jtag_hub_gen:sld_jtag_hub_inst|hub_mode_reg[0]                                                                                                                                                                                                                       ; 3       ;
; sld_hub:auto_hub|sld_jtag_hub:\jtag_hub_gen:sld_jtag_hub_inst|virtual_ir_dr_scan_proc~0                                                                                                                                                                                                             ; 3       ;
; sld_hub:auto_hub|sld_jtag_hub:\jtag_hub_gen:sld_jtag_hub_inst|jtag_ir_reg[1]                                                                                                                                                                                                                        ; 3       ;
; sld_hub:auto_hub|sld_jtag_hub:\jtag_hub_gen:sld_jtag_hub_inst|tdo_bypass_reg                                                                                                                                                                                                                        ; 3       ;
; sld_hub:auto_hub|sld_jtag_hub:\jtag_hub_gen:sld_jtag_hub_inst|sld_shadow_jsm:shadow_jsm|state[15]                                                                                                                                                                                                   ; 3       ;
; sld_hub:auto_hub|sld_jtag_hub:\jtag_hub_gen:sld_jtag_hub_inst|sld_shadow_jsm:shadow_jsm|state[7]                                                                                                                                                                                                    ; 3       ;
; sld_hub:auto_hub|sld_jtag_hub:\jtag_hub_gen:sld_jtag_hub_inst|sld_shadow_jsm:shadow_jsm|state[5]                                                                                                                                                                                                    ; 3       ;
; sld_hub:auto_hub|sld_jtag_hub:\jtag_hub_gen:sld_jtag_hub_inst|sld_shadow_jsm:shadow_jsm|state[2]                                                                                                                                                                                                    ; 3       ;
; sld_hub:auto_hub|sld_jtag_hub:\jtag_hub_gen:sld_jtag_hub_inst|irf_reg[1][6]                                                                                                                                                                                                                         ; 3       ;
; sld_hub:auto_hub|sld_jtag_hub:\jtag_hub_gen:sld_jtag_hub_inst|irf_reg[1][5]                                                                                                                                                                                                                         ; 3       ;
; sld_hub:auto_hub|sld_jtag_hub:\jtag_hub_gen:sld_jtag_hub_inst|irf_reg[1][2]                                                                                                                                                                                                                         ; 3       ;
; sld_hub:auto_hub|sld_jtag_hub:\jtag_hub_gen:sld_jtag_hub_inst|sld_shadow_jsm:shadow_jsm|state[1]                                                                                                                                                                                                    ; 3       ;
; i2c_ov5640_rgb565_cfg:u_i2c_cfg|WideOr5~2                                                                                                                                                                                                                                                           ; 3       ;
; i2c_ov5640_rgb565_cfg:u_i2c_cfg|always4~2                                                                                                                                                                                                                                                           ; 3       ;
; top:u_ch346_top|rd_rst:m_rd_rst|reg_rd_d1                                                                                                                                                                                                                                                           ; 3       ;
; sdram_top:u_sdram_top|sdram_fifo_ctrl:u_sdram_fifo_ctrl|wrfifo:u_wrfifo|dcfifo:dcfifo_component|dcfifo_nnl1:auto_generated|wrfull_eq_comp_msb_mux_reg                                                                                                                                               ; 3       ;
; sdram_top:u_sdram_top|sdram_fifo_ctrl:u_sdram_fifo_ctrl|wrfifo:u_wrfifo|dcfifo:dcfifo_component|dcfifo_nnl1:auto_generated|wrfull_eq_comp_lsb_mux_reg                                                                                                                                               ; 3       ;
; top:u_ch346_top|reg_clk_cnt[0]                                                                                                                                                                                                                                                                      ; 3       ;
; top:u_ch346_top|send:m_send|reg_data[3]~8                                                                                                                                                                                                                                                           ; 3       ;
; top:u_ch346_top|send:m_send|reg_data[3]~7                                                                                                                                                                                                                                                           ; 3       ;
; top:u_ch346_top|send:m_send|reg_frame_cnt[0]                                                                                                                                                                                                                                                        ; 3       ;
; i2c_dri:u_i2c_dr|Selector14~0                                                                                                                                                                                                                                                                       ; 3       ;
; to8:u_to8|dcfifo_mixed_widths:dcfifo_mixed_widths_component|dcfifo_0bh1:auto_generated|ram_address_b[13]                                                                                                                                                                                            ; 3       ;
; sdram_top:u_sdram_top|sdram_fifo_ctrl:u_sdram_fifo_ctrl|wrfifo:u_wrfifo|dcfifo:dcfifo_component|dcfifo_nnl1:auto_generated|wrptr_g[9]                                                                                                                                                               ; 3       ;
; sdram_top:u_sdram_top|sdram_fifo_ctrl:u_sdram_fifo_ctrl|wrfifo:u_wrfifo|dcfifo:dcfifo_component|dcfifo_nnl1:auto_generated|wrptr_g[10]                                                                                                                                                              ; 3       ;
; top:u_ch346_top|reg_retry_cnt[0]                                                                                                                                                                                                                                                                    ; 3       ;
; top:u_ch346_top|loop:m_loop|reg_clk_cnt[1]                                                                                                                                                                                                                                                          ; 3       ;
; top:u_ch346_top|loop:m_loop|reg_nxt_state.ST_END                                                                                                                                                                                                                                                    ; 3       ;
; i2c_ov5640_rgb565_cfg:u_i2c_cfg|start_init_cnt[0]                                                                                                                                                                                                                                                   ; 3       ;
; top:u_ch346_top|recv:m_recv|reg_data[0]                                                                                                                                                                                                                                                             ; 3       ;
; i2c_dri:u_i2c_dr|i2c_done                                                                                                                                                                                                                                                                           ; 3       ;
; cmos_capture_data:u_cmos_capture_data|always1~0                                                                                                                                                                                                                                                     ; 3       ;
; sdram_top:u_sdram_top|sdram_fifo_ctrl:u_sdram_fifo_ctrl|wrfifo:u_wrfifo|dcfifo:dcfifo_component|dcfifo_nnl1:auto_generated|valid_rdreq~0                                                                                                                                                            ; 3       ;
; sdram_top:u_sdram_top|sdram_fifo_ctrl:u_sdram_fifo_ctrl|wrfifo:u_wrfifo|dcfifo:dcfifo_component|dcfifo_nnl1:auto_generated|delayed_wrptr_g[0]                                                                                                                                                       ; 3       ;
; sdram_top:u_sdram_top|sdram_fifo_ctrl:u_sdram_fifo_ctrl|wrfifo:u_wrfifo|dcfifo:dcfifo_component|dcfifo_nnl1:auto_generated|delayed_wrptr_g[1]                                                                                                                                                       ; 3       ;
; sdram_top:u_sdram_top|sdram_fifo_ctrl:u_sdram_fifo_ctrl|wrfifo:u_wrfifo|dcfifo:dcfifo_component|dcfifo_nnl1:auto_generated|delayed_wrptr_g[2]                                                                                                                                                       ; 3       ;
; sdram_top:u_sdram_top|sdram_fifo_ctrl:u_sdram_fifo_ctrl|wrfifo:u_wrfifo|dcfifo:dcfifo_component|dcfifo_nnl1:auto_generated|delayed_wrptr_g[3]                                                                                                                                                       ; 3       ;
; sdram_top:u_sdram_top|sdram_fifo_ctrl:u_sdram_fifo_ctrl|wrfifo:u_wrfifo|dcfifo:dcfifo_component|dcfifo_nnl1:auto_generated|delayed_wrptr_g[4]                                                                                                                                                       ; 3       ;
; sdram_top:u_sdram_top|sdram_fifo_ctrl:u_sdram_fifo_ctrl|wrfifo:u_wrfifo|dcfifo:dcfifo_component|dcfifo_nnl1:auto_generated|delayed_wrptr_g[5]                                                                                                                                                       ; 3       ;
; sdram_top:u_sdram_top|sdram_fifo_ctrl:u_sdram_fifo_ctrl|wrfifo:u_wrfifo|dcfifo:dcfifo_component|dcfifo_nnl1:auto_generated|delayed_wrptr_g[6]                                                                                                                                                       ; 3       ;
; sdram_top:u_sdram_top|sdram_fifo_ctrl:u_sdram_fifo_ctrl|wrfifo:u_wrfifo|dcfifo:dcfifo_component|dcfifo_nnl1:auto_generated|delayed_wrptr_g[7]                                                                                                                                                       ; 3       ;
; sdram_top:u_sdram_top|sdram_fifo_ctrl:u_sdram_fifo_ctrl|wrfifo:u_wrfifo|dcfifo:dcfifo_component|dcfifo_nnl1:auto_generated|delayed_wrptr_g[8]                                                                                                                                                       ; 3       ;
; sdram_top:u_sdram_top|sdram_fifo_ctrl:u_sdram_fifo_ctrl|wrfifo:u_wrfifo|dcfifo:dcfifo_component|dcfifo_nnl1:auto_generated|delayed_wrptr_g[9]                                                                                                                                                       ; 3       ;
; sdram_top:u_sdram_top|sdram_fifo_ctrl:u_sdram_fifo_ctrl|wrfifo:u_wrfifo|dcfifo:dcfifo_component|dcfifo_nnl1:auto_generated|delayed_wrptr_g[10]                                                                                                                                                      ; 3       ;
; sdram_top:u_sdram_top|sdram_controller:u_sdram_controller|sdram_ctrl:u_sdram_ctrl|sdram_wr_ack~3                                                                                                                                                                                                    ; 3       ;
; top:u_ch346_top|recv:m_recv|reg_index_cnt[0]                                                                                                                                                                                                                                                        ; 3       ;
; top:u_ch346_top|recv:m_recv|Selector6~8                                                                                                                                                                                                                                                             ; 3       ;
; top:u_ch346_top|recv:m_recv|Selector6~7                                                                                                                                                                                                                                                             ; 3       ;
; top:u_ch346_top|recv:m_recv|reg_dly_cnt[1]                                                                                                                                                                                                                                                          ; 3       ;
; top:u_ch346_top|recv:m_recv|reg_dly_cnt[3]                                                                                                                                                                                                                                                          ; 3       ;
; top:u_ch346_top|recv:m_recv|Selector6~6                                                                                                                                                                                                                                                             ; 3       ;
; top:u_ch346_top|recv:m_recv|Selector6~0                                                                                                                                                                                                                                                             ; 3       ;
; top:u_ch346_top|rd_rst:m_rd_rst|reg_offset_cnt[1]                                                                                                                                                                                                                                                   ; 3       ;
; top:u_ch346_top|rd_rst:m_rd_rst|reg_offset_cnt[0]                                                                                                                                                                                                                                                   ; 3       ;
; top:u_ch346_top|rd_rst:m_rd_rst|reg_len_cnt[1]                                                                                                                                                                                                                                                      ; 3       ;
; top:u_ch346_top|rd_rst:m_rd_rst|Selector3~0                                                                                                                                                                                                                                                         ; 3       ;
; top:u_ch346_top|rd_rst:m_rd_rst|reg_dly_cnt[1]                                                                                                                                                                                                                                                      ; 3       ;
; top:u_ch346_top|rd_rst:m_rd_rst|reg_dly_cnt[3]                                                                                                                                                                                                                                                      ; 3       ;
; top:u_ch346_top|send:m_send|Selector1~13                                                                                                                                                                                                                                                            ; 3       ;
; top:u_ch346_top|reg_send_en                                                                                                                                                                                                                                                                         ; 3       ;
; top:u_ch346_top|send:m_send|reg_index_cnt[1]                                                                                                                                                                                                                                                        ; 3       ;
; top:u_ch346_top|send:m_send|Selector1~2                                                                                                                                                                                                                                                             ; 3       ;
; top:u_ch346_top|send:m_send|reg_dly_cnt[1]                                                                                                                                                                                                                                                          ; 3       ;
; top:u_ch346_top|send:m_send|reg_dly_cnt[3]                                                                                                                                                                                                                                                          ; 3       ;
; top:u_ch346_top|loop:m_loop|reg_cur_state.ST_END                                                                                                                                                                                                                                                    ; 3       ;
; lcd:u_lcd|clk_div:u_clk_div|cnt_20m[1]                                                                                                                                                                                                                                                              ; 3       ;
; lcd:u_lcd|clk_div:u_clk_div|cnt_20m[0]                                                                                                                                                                                                                                                              ; 3       ;
; sdram_top:u_sdram_top|sdram_fifo_ctrl:u_sdram_fifo_ctrl|sdram_wr_addr[16]~2                                                                                                                                                                                                                         ; 3       ;
; sdram_top:u_sdram_top|sdram_controller:u_sdram_controller|sdram_ctrl:u_sdram_ctrl|init_ar_cnt[2]                                                                                                                                                                                                    ; 3       ;
; sdram_top:u_sdram_top|sdram_controller:u_sdram_controller|sdram_cmd:u_sdram_cmd|Mux0~13                                                                                                                                                                                                             ; 3       ;
; sdram_top:u_sdram_top|sdram_controller:u_sdram_controller|sdram_ctrl:u_sdram_ctrl|Equal10~1                                                                                                                                                                                                         ; 3       ;
; sdram_top:u_sdram_top|sdram_controller:u_sdram_controller|sdram_ctrl:u_sdram_ctrl|cnt_200us[0]                                                                                                                                                                                                      ; 3       ;
; to8:u_to8|dcfifo_mixed_widths:dcfifo_mixed_widths_component|dcfifo_0bh1:auto_generated|a_gray2bin_aib:wrptr_g_gray2bin|xor10                                                                                                                                                                        ; 3       ;
; sdram_to8_flow_ctrl:u_sdram_to8_flow_ctrl|sdram_rd_en                                                                                                                                                                                                                                               ; 3       ;
; to8:u_to8|dcfifo_mixed_widths:dcfifo_mixed_widths_component|dcfifo_0bh1:auto_generated|a_graycounter_37c:wrptr_g1p|counter8a13                                                                                                                                                                      ; 3       ;
; to8:u_to8|dcfifo_mixed_widths:dcfifo_mixed_widths_component|dcfifo_0bh1:auto_generated|a_graycounter_37c:wrptr_g1p|counter8a12                                                                                                                                                                      ; 3       ;
; to8:u_to8|dcfifo_mixed_widths:dcfifo_mixed_widths_component|dcfifo_0bh1:auto_generated|a_graycounter_6p6:rdptr_g1p|counter7a[13]                                                                                                                                                                    ; 3       ;
; to8:u_to8|dcfifo_mixed_widths:dcfifo_mixed_widths_component|dcfifo_0bh1:auto_generated|a_graycounter_6p6:rdptr_g1p|counter7a[12]                                                                                                                                                                    ; 3       ;
; cmos_capture_data:u_cmos_capture_data|byte_flag                                                                                                                                                                                                                                                     ; 3       ;
; cmos_capture_data:u_cmos_capture_data|cmos_ps_cnt[3]                                                                                                                                                                                                                                                ; 3       ;
; sdram_top:u_sdram_top|sdram_fifo_ctrl:u_sdram_fifo_ctrl|wrfifo:u_wrfifo|dcfifo:dcfifo_component|dcfifo_nnl1:auto_generated|alt_synch_pipe_vd8:rs_dgwp|dffpipe_qe9:dffpipe11|dffe12a[3]                                                                                                              ; 3       ;
; sdram_top:u_sdram_top|sdram_fifo_ctrl:u_sdram_fifo_ctrl|wrfifo:u_wrfifo|dcfifo:dcfifo_component|dcfifo_nnl1:auto_generated|alt_synch_pipe_vd8:rs_dgwp|dffpipe_qe9:dffpipe11|dffe12a[6]                                                                                                              ; 3       ;
; sdram_top:u_sdram_top|sdram_fifo_ctrl:u_sdram_fifo_ctrl|wrfifo:u_wrfifo|dcfifo:dcfifo_component|dcfifo_nnl1:auto_generated|alt_synch_pipe_vd8:rs_dgwp|dffpipe_qe9:dffpipe11|dffe12a[9]                                                                                                              ; 3       ;
; sdram_top:u_sdram_top|sdram_fifo_ctrl:u_sdram_fifo_ctrl|wrfifo:u_wrfifo|dcfifo:dcfifo_component|dcfifo_nnl1:auto_generated|alt_synch_pipe_vd8:rs_dgwp|dffpipe_qe9:dffpipe11|dffe12a[10]                                                                                                             ; 3       ;
; sdram_top:u_sdram_top|sdram_fifo_ctrl:u_sdram_fifo_ctrl|rdfifo:u_rdfifo|dcfifo:dcfifo_component|dcfifo_aol1:auto_generated|a_gray2bin_7ib:wrptr_g_gray2bin|xor9                                                                                                                                     ; 3       ;
; sdram_top:u_sdram_top|sdram_fifo_ctrl:u_sdram_fifo_ctrl|rdfifo:u_rdfifo|dcfifo:dcfifo_component|dcfifo_aol1:auto_generated|alt_synch_pipe_0e8:ws_dgrp|dffpipe_re9:dffpipe4|dffe5a[3]                                                                                                                ; 3       ;
; sdram_top:u_sdram_top|sdram_fifo_ctrl:u_sdram_fifo_ctrl|rdfifo:u_rdfifo|dcfifo:dcfifo_component|dcfifo_aol1:auto_generated|alt_synch_pipe_0e8:ws_dgrp|dffpipe_re9:dffpipe4|dffe5a[6]                                                                                                                ; 3       ;
; sdram_top:u_sdram_top|sdram_fifo_ctrl:u_sdram_fifo_ctrl|rdfifo:u_rdfifo|dcfifo:dcfifo_component|dcfifo_aol1:auto_generated|alt_synch_pipe_0e8:ws_dgrp|dffpipe_re9:dffpipe4|dffe5a[9]                                                                                                                ; 3       ;
; sdram_top:u_sdram_top|sdram_fifo_ctrl:u_sdram_fifo_ctrl|rdfifo:u_rdfifo|dcfifo:dcfifo_component|dcfifo_aol1:auto_generated|alt_synch_pipe_0e8:ws_dgrp|dffpipe_re9:dffpipe4|dffe5a[10]                                                                                                               ; 3       ;
; sdram_top:u_sdram_top|sdram_fifo_ctrl:u_sdram_fifo_ctrl|LessThan0~4                                                                                                                                                                                                                                 ; 3       ;
; top:u_ch346_top|recv:m_recv|WideOr0~4                                                                                                                                                                                                                                                               ; 3       ;
; top:u_ch346_top|recv:m_recv|reg_nxt_state.ST_IDLE                                                                                                                                                                                                                                                   ; 3       ;
; top:u_ch346_top|recv:m_recv|reg_nxt_state.ST_CMD                                                                                                                                                                                                                                                    ; 3       ;
; top:u_ch346_top|recv:m_recv|reg_nxt_state.ST_OFFSET                                                                                                                                                                                                                                                 ; 3       ;
; top:u_ch346_top|recv:m_recv|reg_nxt_state.ST_LEN                                                                                                                                                                                                                                                    ; 3       ;
; top:u_ch346_top|recv:m_recv|reg_nxt_state.ST_INDEX                                                                                                                                                                                                                                                  ; 3       ;
; top:u_ch346_top|recv:m_recv|reg_nxt_state.ST_RD_DLY                                                                                                                                                                                                                                                 ; 3       ;
; top:u_ch346_top|recv:m_recv|reg_nxt_state.ST_DATA                                                                                                                                                                                                                                                   ; 3       ;
; top:u_ch346_top|recv:m_recv|reg_nxt_state.ST_END                                                                                                                                                                                                                                                    ; 3       ;
; top:u_ch346_top|send:m_send|reg_nxt_state.ST_OFFSET                                                                                                                                                                                                                                                 ; 3       ;
; top:u_ch346_top|send:m_send|reg_nxt_state.ST_CMD                                                                                                                                                                                                                                                    ; 3       ;
; top:u_ch346_top|send:m_send|reg_nxt_state.ST_LEN                                                                                                                                                                                                                                                    ; 3       ;
; top:u_ch346_top|send:m_send|reg_nxt_state.ST_WR_DLY                                                                                                                                                                                                                                                 ; 3       ;
; top:u_ch346_top|send:m_send|reg_nxt_state.ST_INDEX                                                                                                                                                                                                                                                  ; 3       ;
; top:u_ch346_top|send:m_send|reg_nxt_state.ST_HEAD                                                                                                                                                                                                                                                   ; 3       ;
; top:u_ch346_top|send:m_send|reg_nxt_state.ST_END                                                                                                                                                                                                                                                    ; 3       ;
; top:u_ch346_top|send:m_send|reg_nxt_state.ST_DATA                                                                                                                                                                                                                                                   ; 3       ;
; top:u_ch346_top|send:m_send|Selector10~1                                                                                                                                                                                                                                                            ; 3       ;
; top:u_ch346_top|rd_rst:m_rd_rst|WideOr0~3                                                                                                                                                                                                                                                           ; 3       ;
; top:u_ch346_top|rd_rst:m_rd_rst|reg_nxt_state.ST_OFFSET                                                                                                                                                                                                                                             ; 3       ;
; top:u_ch346_top|rd_rst:m_rd_rst|reg_nxt_state.ST_CMD                                                                                                                                                                                                                                                ; 3       ;
; top:u_ch346_top|rd_rst:m_rd_rst|reg_nxt_state.ST_LEN                                                                                                                                                                                                                                                ; 3       ;
; top:u_ch346_top|rd_rst:m_rd_rst|reg_nxt_state.ST_RD_DLY                                                                                                                                                                                                                                             ; 3       ;
; top:u_ch346_top|rd_rst:m_rd_rst|reg_nxt_state.ST_DATA                                                                                                                                                                                                                                               ; 3       ;
; top:u_ch346_top|rd_rst:m_rd_rst|reg_nxt_state.ST_END                                                                                                                                                                                                                                                ; 3       ;
; top:u_ch346_top|rd_rst:m_rd_rst|reg_nxt_state.ST_IDLE                                                                                                                                                                                                                                               ; 3       ;
; top:u_ch346_top|send:m_send|always4~5                                                                                                                                                                                                                                                               ; 3       ;
; top:u_ch346_top|loop:m_loop|reg_nxt_state.ST_IDLE                                                                                                                                                                                                                                                   ; 3       ;
; sdram_top:u_sdram_top|sdram_fifo_ctrl:u_sdram_fifo_ctrl|sdram_wr_addr[21]                                                                                                                                                                                                                           ; 3       ;
; sdram_top:u_sdram_top|sdram_fifo_ctrl:u_sdram_fifo_ctrl|sdram_rd_addr[21]                                                                                                                                                                                                                           ; 3       ;
; sdram_top:u_sdram_top|sdram_fifo_ctrl:u_sdram_fifo_ctrl|sdram_wr_addr[20]                                                                                                                                                                                                                           ; 3       ;
; sdram_top:u_sdram_top|sdram_fifo_ctrl:u_sdram_fifo_ctrl|sdram_rd_addr[20]                                                                                                                                                                                                                           ; 3       ;
; sdram_top:u_sdram_top|sdram_fifo_ctrl:u_sdram_fifo_ctrl|sdram_wr_addr[19]                                                                                                                                                                                                                           ; 3       ;
; sdram_top:u_sdram_top|sdram_fifo_ctrl:u_sdram_fifo_ctrl|sdram_rd_addr[19]                                                                                                                                                                                                                           ; 3       ;
; sdram_top:u_sdram_top|sdram_fifo_ctrl:u_sdram_fifo_ctrl|sdram_wr_addr[17]                                                                                                                                                                                                                           ; 3       ;
; sdram_top:u_sdram_top|sdram_fifo_ctrl:u_sdram_fifo_ctrl|sdram_rd_addr[17]                                                                                                                                                                                                                           ; 3       ;
; sdram_top:u_sdram_top|sdram_fifo_ctrl:u_sdram_fifo_ctrl|sdram_wr_addr[16]                                                                                                                                                                                                                           ; 3       ;
; sdram_top:u_sdram_top|sdram_fifo_ctrl:u_sdram_fifo_ctrl|sdram_rd_addr[16]                                                                                                                                                                                                                           ; 3       ;
; sdram_top:u_sdram_top|sdram_fifo_ctrl:u_sdram_fifo_ctrl|sdram_wr_addr[15]                                                                                                                                                                                                                           ; 3       ;
; sdram_top:u_sdram_top|sdram_fifo_ctrl:u_sdram_fifo_ctrl|sdram_rd_addr[15]                                                                                                                                                                                                                           ; 3       ;
; sdram_top:u_sdram_top|sdram_fifo_ctrl:u_sdram_fifo_ctrl|sdram_wr_addr[14]                                                                                                                                                                                                                           ; 3       ;
; sdram_top:u_sdram_top|sdram_fifo_ctrl:u_sdram_fifo_ctrl|sdram_rd_addr[14]                                                                                                                                                                                                                           ; 3       ;
; sdram_top:u_sdram_top|sdram_fifo_ctrl:u_sdram_fifo_ctrl|sdram_wr_addr[13]                                                                                                                                                                                                                           ; 3       ;
; sdram_top:u_sdram_top|sdram_fifo_ctrl:u_sdram_fifo_ctrl|sdram_rd_addr[13]                                                                                                                                                                                                                           ; 3       ;
; sdram_top:u_sdram_top|sdram_fifo_ctrl:u_sdram_fifo_ctrl|sdram_wr_addr[12]                                                                                                                                                                                                                           ; 3       ;
; sdram_top:u_sdram_top|sdram_fifo_ctrl:u_sdram_fifo_ctrl|sdram_rd_addr[12]                                                                                                                                                                                                                           ; 3       ;
; sdram_top:u_sdram_top|sdram_fifo_ctrl:u_sdram_fifo_ctrl|sdram_wr_addr[11]                                                                                                                                                                                                                           ; 3       ;
; sdram_top:u_sdram_top|sdram_fifo_ctrl:u_sdram_fifo_ctrl|sdram_rd_addr[11]                                                                                                                                                                                                                           ; 3       ;
; sdram_top:u_sdram_top|sdram_fifo_ctrl:u_sdram_fifo_ctrl|sdram_wr_addr[10]                                                                                                                                                                                                                           ; 3       ;
; sdram_top:u_sdram_top|sdram_fifo_ctrl:u_sdram_fifo_ctrl|sdram_rd_addr[10]                                                                                                                                                                                                                           ; 3       ;
; sdram_top:u_sdram_top|sdram_fifo_ctrl:u_sdram_fifo_ctrl|sdram_wr_addr[9]                                                                                                                                                                                                                            ; 3       ;
; sdram_top:u_sdram_top|sdram_fifo_ctrl:u_sdram_fifo_ctrl|sdram_rd_addr[9]                                                                                                                                                                                                                            ; 3       ;
; sdram_top:u_sdram_top|sdram_fifo_ctrl:u_sdram_fifo_ctrl|sdram_wr_addr[23]                                                                                                                                                                                                                           ; 3       ;
; sdram_top:u_sdram_top|sdram_fifo_ctrl:u_sdram_fifo_ctrl|sdram_wr_addr[22]                                                                                                                                                                                                                           ; 3       ;
; sdram_top:u_sdram_top|sdram_fifo_ctrl:u_sdram_fifo_ctrl|sdram_rd_addr[22]                                                                                                                                                                                                                           ; 3       ;
; sdram_top:u_sdram_top|sdram_controller:u_sdram_controller|sdram_cmd:u_sdram_cmd|Equal1~4                                                                                                                                                                                                            ; 3       ;
; sdram_top:u_sdram_top|sdram_controller:u_sdram_controller|sdram_cmd:u_sdram_cmd|Equal1~0                                                                                                                                                                                                            ; 3       ;
; top:u_ch346_top|reg_ext_data[7]                                                                                                                                                                                                                                                                     ; 3       ;
; top:u_ch346_top|reg_ext_data[6]                                                                                                                                                                                                                                                                     ; 3       ;
; top:u_ch346_top|reg_ext_data[5]                                                                                                                                                                                                                                                                     ; 3       ;
; top:u_ch346_top|reg_ext_data[4]                                                                                                                                                                                                                                                                     ; 3       ;
; top:u_ch346_top|reg_ext_data[3]                                                                                                                                                                                                                                                                     ; 3       ;
; top:u_ch346_top|reg_ext_data[2]                                                                                                                                                                                                                                                                     ; 3       ;
; top:u_ch346_top|reg_ext_data[1]                                                                                                                                                                                                                                                                     ; 3       ;
; top:u_ch346_top|reg_ext_data[0]                                                                                                                                                                                                                                                                     ; 3       ;
; sdram_to8_flow_ctrl:u_sdram_to8_flow_ctrl|to8_wr_en                                                                                                                                                                                                                                                 ; 3       ;
; to8:u_to8|dcfifo_mixed_widths:dcfifo_mixed_widths_component|dcfifo_0bh1:auto_generated|cmpr_r76:wrfull_eq_comp|aneb_result_wire[0]                                                                                                                                                                  ; 3       ;
; to8:u_to8|dcfifo_mixed_widths:dcfifo_mixed_widths_component|dcfifo_0bh1:auto_generated|alt_synch_pipe_l7d:ws_dgrp|dffpipe_m09:dffpipe10|dffe12a[2]                                                                                                                                                  ; 3       ;
; to8:u_to8|dcfifo_mixed_widths:dcfifo_mixed_widths_component|dcfifo_0bh1:auto_generated|cmpr_r76:wrfull_eq_comp|aneb_result_wire[0]~5                                                                                                                                                                ; 3       ;
; to8:u_to8|dcfifo_mixed_widths:dcfifo_mixed_widths_component|dcfifo_0bh1:auto_generated|alt_synch_pipe_l7d:ws_dgrp|dffpipe_m09:dffpipe10|dffe12a[5]                                                                                                                                                  ; 3       ;
; to8:u_to8|dcfifo_mixed_widths:dcfifo_mixed_widths_component|dcfifo_0bh1:auto_generated|cmpr_r76:wrfull_eq_comp|aneb_result_wire[0]~4                                                                                                                                                                ; 3       ;
; to8:u_to8|dcfifo_mixed_widths:dcfifo_mixed_widths_component|dcfifo_0bh1:auto_generated|alt_synch_pipe_l7d:ws_dgrp|dffpipe_m09:dffpipe10|dffe12a[8]                                                                                                                                                  ; 3       ;
; to8:u_to8|dcfifo_mixed_widths:dcfifo_mixed_widths_component|dcfifo_0bh1:auto_generated|alt_synch_pipe_l7d:ws_dgrp|dffpipe_m09:dffpipe10|dffe12a[11]                                                                                                                                                 ; 3       ;
; to8:u_to8|dcfifo_mixed_widths:dcfifo_mixed_widths_component|dcfifo_0bh1:auto_generated|cmpr_r76:rdempty_eq_comp|aneb_result_wire[0]~6                                                                                                                                                               ; 3       ;
; lcd:u_lcd|lcd_driver:u_lcd_driver|data_req~3                                                                                                                                                                                                                                                        ; 3       ;
; lcd:u_lcd|lcd_driver:u_lcd_driver|data_req~1                                                                                                                                                                                                                                                        ; 3       ;
; top:u_ch346_top|rd_rst:m_rd_rst|reg_rd                                                                                                                                                                                                                                                              ; 3       ;
; top:u_ch346_top|recv:m_recv|reg_wr                                                                                                                                                                                                                                                                  ; 3       ;
; top:u_ch346_top|rd_rst:m_rd_rst|reg_wr                                                                                                                                                                                                                                                              ; 3       ;
; top:u_ch346_top|rd_rst:m_rd_rst|reg_cs                                                                                                                                                                                                                                                              ; 3       ;
; top:u_ch346_top|recv:m_recv|reg_cs                                                                                                                                                                                                                                                                  ; 3       ;
; i2c_dri:u_i2c_dr|scl                                                                                                                                                                                                                                                                                ; 3       ;
; top:u_ch346_top|recv:m_recv|reg_burst_cnt[4]                                                                                                                                                                                                                                                        ; 3       ;
; top:u_ch346_top|recv:m_recv|reg_burst_cnt[3]                                                                                                                                                                                                                                                        ; 3       ;
; top:u_ch346_top|recv:m_recv|reg_burst_cnt[2]                                                                                                                                                                                                                                                        ; 3       ;
; top:u_ch346_top|recv:m_recv|reg_burst_cnt[1]                                                                                                                                                                                                                                                        ; 3       ;
; top:u_ch346_top|recv:m_recv|reg_burst_cnt[0]                                                                                                                                                                                                                                                        ; 3       ;
; sdram_top:u_sdram_top|sdram_controller:u_sdram_controller|sdram_ctrl:u_sdram_ctrl|cnt_refresh[10]                                                                                                                                                                                                   ; 3       ;
; sdram_top:u_sdram_top|sdram_controller:u_sdram_controller|sdram_ctrl:u_sdram_ctrl|cnt_refresh[9]                                                                                                                                                                                                    ; 3       ;
; sdram_top:u_sdram_top|sdram_controller:u_sdram_controller|sdram_ctrl:u_sdram_ctrl|cnt_refresh[8]                                                                                                                                                                                                    ; 3       ;
; sdram_top:u_sdram_top|sdram_controller:u_sdram_controller|sdram_ctrl:u_sdram_ctrl|cnt_refresh[1]                                                                                                                                                                                                    ; 3       ;
; sdram_top:u_sdram_top|sdram_controller:u_sdram_controller|sdram_ctrl:u_sdram_ctrl|cnt_refresh[0]                                                                                                                                                                                                    ; 3       ;
; sdram_top:u_sdram_top|sdram_controller:u_sdram_controller|sdram_ctrl:u_sdram_ctrl|cnt_refresh[3]                                                                                                                                                                                                    ; 3       ;
; sdram_top:u_sdram_top|sdram_controller:u_sdram_controller|sdram_ctrl:u_sdram_ctrl|cnt_refresh[2]                                                                                                                                                                                                    ; 3       ;
; i2c_ov5640_rgb565_cfg:u_i2c_cfg|start_init_cnt[11]                                                                                                                                                                                                                                                  ; 3       ;
; i2c_ov5640_rgb565_cfg:u_i2c_cfg|start_init_cnt[10]                                                                                                                                                                                                                                                  ; 3       ;
; i2c_ov5640_rgb565_cfg:u_i2c_cfg|start_init_cnt[12]                                                                                                                                                                                                                                                  ; 3       ;
; i2c_ov5640_rgb565_cfg:u_i2c_cfg|start_init_cnt[9]                                                                                                                                                                                                                                                   ; 3       ;
; i2c_ov5640_rgb565_cfg:u_i2c_cfg|start_init_cnt[8]                                                                                                                                                                                                                                                   ; 3       ;
; i2c_ov5640_rgb565_cfg:u_i2c_cfg|start_init_cnt[7]                                                                                                                                                                                                                                                   ; 3       ;
; top:u_ch346_top|rd_rst:m_rd_rst|reg_data_cnt[15]                                                                                                                                                                                                                                                    ; 3       ;
; top:u_ch346_top|rd_rst:m_rd_rst|reg_data_cnt[14]                                                                                                                                                                                                                                                    ; 3       ;
; top:u_ch346_top|rd_rst:m_rd_rst|reg_data_cnt[13]                                                                                                                                                                                                                                                    ; 3       ;
; top:u_ch346_top|rd_rst:m_rd_rst|reg_data_cnt[12]                                                                                                                                                                                                                                                    ; 3       ;
; top:u_ch346_top|rd_rst:m_rd_rst|reg_data_cnt[11]                                                                                                                                                                                                                                                    ; 3       ;
; top:u_ch346_top|rd_rst:m_rd_rst|reg_data_cnt[10]                                                                                                                                                                                                                                                    ; 3       ;
; top:u_ch346_top|rd_rst:m_rd_rst|reg_data_cnt[9]                                                                                                                                                                                                                                                     ; 3       ;
; top:u_ch346_top|rd_rst:m_rd_rst|reg_data_cnt[8]                                                                                                                                                                                                                                                     ; 3       ;
; top:u_ch346_top|rd_rst:m_rd_rst|reg_data_cnt[7]                                                                                                                                                                                                                                                     ; 3       ;
; top:u_ch346_top|rd_rst:m_rd_rst|reg_data_cnt[6]                                                                                                                                                                                                                                                     ; 3       ;
; top:u_ch346_top|rd_rst:m_rd_rst|reg_data_cnt[5]                                                                                                                                                                                                                                                     ; 3       ;
; top:u_ch346_top|rd_rst:m_rd_rst|reg_data_cnt[4]                                                                                                                                                                                                                                                     ; 3       ;
; top:u_ch346_top|rd_rst:m_rd_rst|reg_data_cnt[3]                                                                                                                                                                                                                                                     ; 3       ;
; top:u_ch346_top|rd_rst:m_rd_rst|reg_data_cnt[2]                                                                                                                                                                                                                                                     ; 3       ;
; top:u_ch346_top|rd_rst:m_rd_rst|reg_data_cnt[1]                                                                                                                                                                                                                                                     ; 3       ;
; sdram_top:u_sdram_top|sdram_controller:u_sdram_controller|sdram_ctrl:u_sdram_ctrl|cnt_200us[14]                                                                                                                                                                                                     ; 3       ;
; sdram_top:u_sdram_top|sdram_controller:u_sdram_controller|sdram_ctrl:u_sdram_ctrl|cnt_200us[5]                                                                                                                                                                                                      ; 3       ;
; sdram_top:u_sdram_top|sdram_controller:u_sdram_controller|sdram_ctrl:u_sdram_ctrl|cnt_200us[13]                                                                                                                                                                                                     ; 3       ;
; sdram_top:u_sdram_top|sdram_controller:u_sdram_controller|sdram_ctrl:u_sdram_ctrl|cnt_200us[12]                                                                                                                                                                                                     ; 3       ;
; sdram_top:u_sdram_top|sdram_controller:u_sdram_controller|sdram_ctrl:u_sdram_ctrl|cnt_200us[11]                                                                                                                                                                                                     ; 3       ;
; sdram_top:u_sdram_top|sdram_controller:u_sdram_controller|sdram_ctrl:u_sdram_ctrl|cnt_200us[10]                                                                                                                                                                                                     ; 3       ;
; sdram_top:u_sdram_top|sdram_controller:u_sdram_controller|sdram_ctrl:u_sdram_ctrl|cnt_200us[9]                                                                                                                                                                                                      ; 3       ;
; sdram_top:u_sdram_top|sdram_controller:u_sdram_controller|sdram_ctrl:u_sdram_ctrl|cnt_200us[8]                                                                                                                                                                                                      ; 3       ;
; sdram_top:u_sdram_top|sdram_controller:u_sdram_controller|sdram_ctrl:u_sdram_ctrl|cnt_200us[7]                                                                                                                                                                                                      ; 3       ;
; sdram_top:u_sdram_top|sdram_controller:u_sdram_controller|sdram_ctrl:u_sdram_ctrl|cnt_200us[6]                                                                                                                                                                                                      ; 3       ;
; top:u_ch346_top|send:m_send|reg_data_cnt[13]                                                                                                                                                                                                                                                        ; 3       ;
; top:u_ch346_top|send:m_send|reg_data_cnt[12]                                                                                                                                                                                                                                                        ; 3       ;
; top:u_ch346_top|send:m_send|reg_data_cnt[11]                                                                                                                                                                                                                                                        ; 3       ;
; top:u_ch346_top|send:m_send|reg_data_cnt[10]                                                                                                                                                                                                                                                        ; 3       ;
; top:u_ch346_top|send:m_send|reg_data_cnt[9]                                                                                                                                                                                                                                                         ; 3       ;
; top:u_ch346_top|send:m_send|reg_data_cnt[8]                                                                                                                                                                                                                                                         ; 3       ;
; top:u_ch346_top|send:m_send|reg_data_cnt[7]                                                                                                                                                                                                                                                         ; 3       ;
; top:u_ch346_top|send:m_send|reg_data_cnt[6]                                                                                                                                                                                                                                                         ; 3       ;
; top:u_ch346_top|send:m_send|reg_data_cnt[2]                                                                                                                                                                                                                                                         ; 3       ;
; top:u_ch346_top|send:m_send|reg_data_cnt[5]                                                                                                                                                                                                                                                         ; 3       ;
; top:u_ch346_top|send:m_send|reg_data_cnt[4]                                                                                                                                                                                                                                                         ; 3       ;
; top:u_ch346_top|send:m_send|reg_data_cnt[3]                                                                                                                                                                                                                                                         ; 3       ;
; top:u_ch346_top|send:m_send|reg_data_cnt[1]                                                                                                                                                                                                                                                         ; 3       ;
; top:u_ch346_top|send:m_send|reg_data_cnt[0]                                                                                                                                                                                                                                                         ; 3       ;
; top:u_ch346_top|send:m_send|reg_data_cnt[15]                                                                                                                                                                                                                                                        ; 3       ;
; top:u_ch346_top|send:m_send|reg_data_cnt[14]                                                                                                                                                                                                                                                        ; 3       ;
; sdram_top:u_sdram_top|sdram_controller:u_sdram_controller|sdram_ctrl:u_sdram_ctrl|cnt_clk[5]                                                                                                                                                                                                        ; 3       ;
; sdram_top:u_sdram_top|sdram_controller:u_sdram_controller|sdram_ctrl:u_sdram_ctrl|cnt_clk[4]                                                                                                                                                                                                        ; 3       ;
; sdram_top:u_sdram_top|sdram_controller:u_sdram_controller|sdram_ctrl:u_sdram_ctrl|cnt_clk[3]                                                                                                                                                                                                        ; 3       ;
; to8:u_to8|dcfifo_mixed_widths:dcfifo_mixed_widths_component|dcfifo_0bh1:auto_generated|op_2~24                                                                                                                                                                                                      ; 3       ;
; to8:u_to8|dcfifo_mixed_widths:dcfifo_mixed_widths_component|dcfifo_0bh1:auto_generated|op_2~2                                                                                                                                                                                                       ; 3       ;
; to8:u_to8|dcfifo_mixed_widths:dcfifo_mixed_widths_component|dcfifo_0bh1:auto_generated|op_2~0                                                                                                                                                                                                       ; 3       ;
; sdram_top:u_sdram_top|sdram_fifo_ctrl:u_sdram_fifo_ctrl|rdfifo:u_rdfifo|dcfifo:dcfifo_component|dcfifo_aol1:auto_generated|op_1~16                                                                                                                                                                  ; 3       ;
; sdram_top:u_sdram_top|sdram_fifo_ctrl:u_sdram_fifo_ctrl|rdfifo:u_rdfifo|dcfifo:dcfifo_component|dcfifo_aol1:auto_generated|op_1~14                                                                                                                                                                  ; 3       ;
; sdram_top:u_sdram_top|sdram_fifo_ctrl:u_sdram_fifo_ctrl|rdfifo:u_rdfifo|dcfifo:dcfifo_component|dcfifo_aol1:auto_generated|op_1~12                                                                                                                                                                  ; 3       ;
; sdram_top:u_sdram_top|sdram_fifo_ctrl:u_sdram_fifo_ctrl|rdfifo:u_rdfifo|dcfifo:dcfifo_component|dcfifo_aol1:auto_generated|op_1~10                                                                                                                                                                  ; 3       ;
; sdram_top:u_sdram_top|sdram_fifo_ctrl:u_sdram_fifo_ctrl|rdfifo:u_rdfifo|dcfifo:dcfifo_component|dcfifo_aol1:auto_generated|op_1~8                                                                                                                                                                   ; 3       ;
; sdram_top:u_sdram_top|sdram_fifo_ctrl:u_sdram_fifo_ctrl|rdfifo:u_rdfifo|dcfifo:dcfifo_component|dcfifo_aol1:auto_generated|op_1~6                                                                                                                                                                   ; 3       ;
; sdram_top:u_sdram_top|sdram_fifo_ctrl:u_sdram_fifo_ctrl|rdfifo:u_rdfifo|dcfifo:dcfifo_component|dcfifo_aol1:auto_generated|op_1~4                                                                                                                                                                   ; 3       ;
; sdram_top:u_sdram_top|sdram_fifo_ctrl:u_sdram_fifo_ctrl|rdfifo:u_rdfifo|dcfifo:dcfifo_component|dcfifo_aol1:auto_generated|op_1~2                                                                                                                                                                   ; 3       ;
; sdram_top:u_sdram_top|sdram_fifo_ctrl:u_sdram_fifo_ctrl|rdfifo:u_rdfifo|dcfifo:dcfifo_component|dcfifo_aol1:auto_generated|op_1~0                                                                                                                                                                   ; 3       ;
; lcd:u_lcd|lcd_driver:u_lcd_driver|cnt_h[2]                                                                                                                                                                                                                                                          ; 3       ;
; lcd:u_lcd|lcd_driver:u_lcd_driver|cnt_h[1]                                                                                                                                                                                                                                                          ; 3       ;
; lcd:u_lcd|lcd_driver:u_lcd_driver|cnt_h[0]                                                                                                                                                                                                                                                          ; 3       ;
; lcd:u_lcd|lcd_driver:u_lcd_driver|cnt_h[3]                                                                                                                                                                                                                                                          ; 3       ;
; lcd:u_lcd|lcd_driver:u_lcd_driver|cnt_v[5]                                                                                                                                                                                                                                                          ; 3       ;
; lcd:u_lcd|lcd_driver:u_lcd_driver|cnt_v[4]                                                                                                                                                                                                                                                          ; 3       ;
; lcd:u_lcd|lcd_driver:u_lcd_driver|cnt_v[3]                                                                                                                                                                                                                                                          ; 3       ;
; lcd:u_lcd|lcd_driver:u_lcd_driver|cnt_v[2]                                                                                                                                                                                                                                                          ; 3       ;
; lcd:u_lcd|lcd_driver:u_lcd_driver|cnt_v[10]                                                                                                                                                                                                                                                         ; 3       ;
; lcd:u_lcd|lcd_driver:u_lcd_driver|cnt_v[6]                                                                                                                                                                                                                                                          ; 3       ;
; lcd:u_lcd|lcd_driver:u_lcd_driver|cnt_v[8]                                                                                                                                                                                                                                                          ; 3       ;
; lcd:u_lcd|lcd_driver:u_lcd_driver|cnt_v[7]                                                                                                                                                                                                                                                          ; 3       ;
; cam_data[7]~input                                                                                                                                                                                                                                                                                   ; 2       ;
; cam_data[6]~input                                                                                                                                                                                                                                                                                   ; 2       ;
; cam_data[5]~input                                                                                                                                                                                                                                                                                   ; 2       ;
; cam_data[4]~input                                                                                                                                                                                                                                                                                   ; 2       ;
; cam_data[3]~input                                                                                                                                                                                                                                                                                   ; 2       ;
; cam_data[2]~input                                                                                                                                                                                                                                                                                   ; 2       ;
; cam_data[1]~input                                                                                                                                                                                                                                                                                   ; 2       ;
; cam_data[0]~input                                                                                                                                                                                                                                                                                   ; 2       ;
; sld_signaltap:auto_signaltap_0|sld_signaltap_impl:sld_signaltap_body|sld_signaltap_implb:sld_signaltap_body|sld_offload_buffer_mgr:\stp_non_zero_depth_offload_gen:stp_offload_buff_mgr_inst|Equal0~0                                                                                               ; 2       ;
; sld_signaltap:auto_signaltap_0|sld_signaltap_impl:sld_signaltap_body|sld_signaltap_implb:sld_signaltap_body|sld_buffer_manager:sld_buffer_manager_inst|\buffer_manager:last_trigger_address_var[10]                                                                                                 ; 2       ;
; sld_signaltap:auto_signaltap_0|sld_signaltap_impl:sld_signaltap_body|sld_signaltap_implb:sld_signaltap_body|sld_buffer_manager:sld_buffer_manager_inst|\buffer_manager:last_trigger_address_var[9]                                                                                                  ; 2       ;
; sld_signaltap:auto_signaltap_0|sld_signaltap_impl:sld_signaltap_body|sld_signaltap_implb:sld_signaltap_body|last_trigger_address_delayed[10]                                                                                                                                                        ; 2       ;
; sld_signaltap:auto_signaltap_0|sld_signaltap_impl:sld_signaltap_body|sld_signaltap_implb:sld_signaltap_body|sld_buffer_manager:sld_buffer_manager_inst|\buffer_manager:last_trigger_address_var[8]                                                                                                  ; 2       ;
; sld_signaltap:auto_signaltap_0|sld_signaltap_impl:sld_signaltap_body|sld_signaltap_implb:sld_signaltap_body|last_trigger_address_delayed[9]                                                                                                                                                         ; 2       ;
; sld_signaltap:auto_signaltap_0|sld_signaltap_impl:sld_signaltap_body|sld_signaltap_implb:sld_signaltap_body|sld_buffer_manager:sld_buffer_manager_inst|\buffer_manager:last_trigger_address_var[7]                                                                                                  ; 2       ;
; sld_signaltap:auto_signaltap_0|sld_signaltap_impl:sld_signaltap_body|sld_signaltap_implb:sld_signaltap_body|last_trigger_address_delayed[8]                                                                                                                                                         ; 2       ;
; sld_signaltap:auto_signaltap_0|sld_signaltap_impl:sld_signaltap_body|sld_signaltap_implb:sld_signaltap_body|sld_buffer_manager:sld_buffer_manager_inst|\buffer_manager:last_trigger_address_var[6]                                                                                                  ; 2       ;
; sld_signaltap:auto_signaltap_0|sld_signaltap_impl:sld_signaltap_body|sld_signaltap_implb:sld_signaltap_body|last_trigger_address_delayed[7]                                                                                                                                                         ; 2       ;
; sld_signaltap:auto_signaltap_0|sld_signaltap_impl:sld_signaltap_body|sld_signaltap_implb:sld_signaltap_body|sld_buffer_manager:sld_buffer_manager_inst|\buffer_manager:last_trigger_address_var[5]                                                                                                  ; 2       ;
; sld_signaltap:auto_signaltap_0|sld_signaltap_impl:sld_signaltap_body|sld_signaltap_implb:sld_signaltap_body|last_trigger_address_delayed[6]                                                                                                                                                         ; 2       ;
; sld_signaltap:auto_signaltap_0|sld_signaltap_impl:sld_signaltap_body|sld_signaltap_implb:sld_signaltap_body|sld_buffer_manager:sld_buffer_manager_inst|\buffer_manager:last_trigger_address_var[4]                                                                                                  ; 2       ;
; sld_signaltap:auto_signaltap_0|sld_signaltap_impl:sld_signaltap_body|sld_signaltap_implb:sld_signaltap_body|last_trigger_address_delayed[5]                                                                                                                                                         ; 2       ;
; sld_signaltap:auto_signaltap_0|sld_signaltap_impl:sld_signaltap_body|sld_signaltap_implb:sld_signaltap_body|sld_buffer_manager:sld_buffer_manager_inst|\buffer_manager:last_trigger_address_var[3]                                                                                                  ; 2       ;
; sld_signaltap:auto_signaltap_0|sld_signaltap_impl:sld_signaltap_body|sld_signaltap_implb:sld_signaltap_body|last_trigger_address_delayed[4]                                                                                                                                                         ; 2       ;
; sld_signaltap:auto_signaltap_0|sld_signaltap_impl:sld_signaltap_body|sld_signaltap_implb:sld_signaltap_body|sld_buffer_manager:sld_buffer_manager_inst|\buffer_manager:last_trigger_address_var[2]                                                                                                  ; 2       ;
; sld_signaltap:auto_signaltap_0|sld_signaltap_impl:sld_signaltap_body|sld_signaltap_implb:sld_signaltap_body|last_trigger_address_delayed[3]                                                                                                                                                         ; 2       ;
; sld_signaltap:auto_signaltap_0|sld_signaltap_impl:sld_signaltap_body|sld_signaltap_implb:sld_signaltap_body|sld_buffer_manager:sld_buffer_manager_inst|\buffer_manager:last_trigger_address_var[1]                                                                                                  ; 2       ;
; sld_signaltap:auto_signaltap_0|sld_signaltap_impl:sld_signaltap_body|sld_signaltap_implb:sld_signaltap_body|last_trigger_address_delayed[2]                                                                                                                                                         ; 2       ;
; sld_signaltap:auto_signaltap_0|sld_signaltap_impl:sld_signaltap_body|sld_signaltap_implb:sld_signaltap_body|sld_buffer_manager:sld_buffer_manager_inst|\buffer_manager:last_trigger_address_var[0]                                                                                                  ; 2       ;
; sld_signaltap:auto_signaltap_0|sld_signaltap_impl:sld_signaltap_body|sld_signaltap_implb:sld_signaltap_body|last_trigger_address_delayed[1]                                                                                                                                                         ; 2       ;
; sld_signaltap:auto_signaltap_0|sld_signaltap_impl:sld_signaltap_body|sld_signaltap_implb:sld_signaltap_body|last_trigger_address_delayed[0]                                                                                                                                                         ; 2       ;
; sld_signaltap:auto_signaltap_0|sld_signaltap_impl:sld_signaltap_body|sld_signaltap_implb:sld_signaltap_body|sld_ela_control:ela_control|sld_ela_basic_multi_level_trigger:\basic_multi_level_mbpm_trigger_gen:multi_level_mbpm|lpm_shiftreg:trigger_condition_deserialize|dffs[96]                  ; 2       ;
; sld_signaltap:auto_signaltap_0|sld_signaltap_impl:sld_signaltap_body|sld_signaltap_implb:sld_signaltap_body|sld_ela_control:ela_control|sld_ela_basic_multi_level_trigger:\basic_multi_level_mbpm_trigger_gen:multi_level_mbpm|lpm_shiftreg:trigger_condition_deserialize|dffs[97]                  ; 2       ;
; sld_signaltap:auto_signaltap_0|sld_signaltap_impl:sld_signaltap_body|sld_signaltap_implb:sld_signaltap_body|sld_ela_control:ela_control|sld_ela_basic_multi_level_trigger:\basic_multi_level_mbpm_trigger_gen:multi_level_mbpm|lpm_shiftreg:trigger_condition_deserialize|dffs[99]                  ; 2       ;
; sld_signaltap:auto_signaltap_0|sld_signaltap_impl:sld_signaltap_body|sld_signaltap_implb:sld_signaltap_body|sld_ela_control:ela_control|sld_ela_basic_multi_level_trigger:\basic_multi_level_mbpm_trigger_gen:multi_level_mbpm|lpm_shiftreg:trigger_condition_deserialize|dffs[100]                 ; 2       ;
; sld_signaltap:auto_signaltap_0|sld_signaltap_impl:sld_signaltap_body|sld_signaltap_implb:sld_signaltap_body|sld_ela_control:ela_control|sld_ela_basic_multi_level_trigger:\basic_multi_level_mbpm_trigger_gen:multi_level_mbpm|lpm_shiftreg:trigger_condition_deserialize|dffs[102]                 ; 2       ;
; sld_signaltap:auto_signaltap_0|sld_signaltap_impl:sld_signaltap_body|sld_signaltap_implb:sld_signaltap_body|sld_ela_control:ela_control|sld_ela_basic_multi_level_trigger:\basic_multi_level_mbpm_trigger_gen:multi_level_mbpm|lpm_shiftreg:trigger_condition_deserialize|dffs[103]                 ; 2       ;
; sld_signaltap:auto_signaltap_0|sld_signaltap_impl:sld_signaltap_body|sld_signaltap_implb:sld_signaltap_body|sld_ela_control:ela_control|sld_ela_basic_multi_level_trigger:\basic_multi_level_mbpm_trigger_gen:multi_level_mbpm|lpm_shiftreg:trigger_condition_deserialize|dffs[105]                 ; 2       ;
; sld_signaltap:auto_signaltap_0|sld_signaltap_impl:sld_signaltap_body|sld_signaltap_implb:sld_signaltap_body|sld_ela_control:ela_control|sld_ela_basic_multi_level_trigger:\basic_multi_level_mbpm_trigger_gen:multi_level_mbpm|lpm_shiftreg:trigger_condition_deserialize|dffs[106]                 ; 2       ;
; sld_signaltap:auto_signaltap_0|sld_signaltap_impl:sld_signaltap_body|sld_signaltap_implb:sld_signaltap_body|sld_ela_control:ela_control|sld_ela_basic_multi_level_trigger:\basic_multi_level_mbpm_trigger_gen:multi_level_mbpm|lpm_shiftreg:trigger_condition_deserialize|dffs[108]                 ; 2       ;
; sld_signaltap:auto_signaltap_0|sld_signaltap_impl:sld_signaltap_body|sld_signaltap_implb:sld_signaltap_body|sld_ela_control:ela_control|sld_ela_basic_multi_level_trigger:\basic_multi_level_mbpm_trigger_gen:multi_level_mbpm|lpm_shiftreg:trigger_condition_deserialize|dffs[109]                 ; 2       ;
; sld_signaltap:auto_signaltap_0|sld_signaltap_impl:sld_signaltap_body|sld_signaltap_implb:sld_signaltap_body|sld_ela_control:ela_control|sld_ela_basic_multi_level_trigger:\basic_multi_level_mbpm_trigger_gen:multi_level_mbpm|lpm_shiftreg:trigger_condition_deserialize|dffs[111]                 ; 2       ;
; sld_signaltap:auto_signaltap_0|sld_signaltap_impl:sld_signaltap_body|sld_signaltap_implb:sld_signaltap_body|sld_ela_control:ela_control|sld_ela_basic_multi_level_trigger:\basic_multi_level_mbpm_trigger_gen:multi_level_mbpm|lpm_shiftreg:trigger_condition_deserialize|dffs[112]                 ; 2       ;
; sld_signaltap:auto_signaltap_0|sld_signaltap_impl:sld_signaltap_body|sld_signaltap_implb:sld_signaltap_body|sld_ela_control:ela_control|sld_ela_basic_multi_level_trigger:\basic_multi_level_mbpm_trigger_gen:multi_level_mbpm|lpm_shiftreg:trigger_condition_deserialize|dffs[114]                 ; 2       ;
; sld_signaltap:auto_signaltap_0|sld_signaltap_impl:sld_signaltap_body|sld_signaltap_implb:sld_signaltap_body|sld_ela_control:ela_control|sld_ela_basic_multi_level_trigger:\basic_multi_level_mbpm_trigger_gen:multi_level_mbpm|lpm_shiftreg:trigger_condition_deserialize|dffs[115]                 ; 2       ;
; sld_signaltap:auto_signaltap_0|sld_signaltap_impl:sld_signaltap_body|sld_signaltap_implb:sld_signaltap_body|sld_ela_control:ela_control|sld_ela_basic_multi_level_trigger:\basic_multi_level_mbpm_trigger_gen:multi_level_mbpm|lpm_shiftreg:trigger_condition_deserialize|dffs[117]                 ; 2       ;
; sld_signaltap:auto_signaltap_0|sld_signaltap_impl:sld_signaltap_body|sld_signaltap_implb:sld_signaltap_body|sld_ela_control:ela_control|sld_ela_basic_multi_level_trigger:\basic_multi_level_mbpm_trigger_gen:multi_level_mbpm|lpm_shiftreg:trigger_condition_deserialize|dffs[118]                 ; 2       ;
; sld_signaltap:auto_signaltap_0|sld_signaltap_impl:sld_signaltap_body|sld_signaltap_implb:sld_signaltap_body|sld_ela_control:ela_control|sld_ela_basic_multi_level_trigger:\basic_multi_level_mbpm_trigger_gen:multi_level_mbpm|lpm_shiftreg:trigger_condition_deserialize|dffs[120]                 ; 2       ;
; sld_signaltap:auto_signaltap_0|sld_signaltap_impl:sld_signaltap_body|sld_signaltap_implb:sld_signaltap_body|sld_ela_control:ela_control|sld_ela_basic_multi_level_trigger:\basic_multi_level_mbpm_trigger_gen:multi_level_mbpm|lpm_shiftreg:trigger_condition_deserialize|dffs[121]                 ; 2       ;
; sld_signaltap:auto_signaltap_0|sld_signaltap_impl:sld_signaltap_body|sld_signaltap_implb:sld_signaltap_body|sld_ela_control:ela_control|sld_ela_basic_multi_level_trigger:\basic_multi_level_mbpm_trigger_gen:multi_level_mbpm|lpm_shiftreg:trigger_condition_deserialize|dffs[123]                 ; 2       ;
; sld_signaltap:auto_signaltap_0|sld_signaltap_impl:sld_signaltap_body|sld_signaltap_implb:sld_signaltap_body|sld_ela_control:ela_control|sld_ela_basic_multi_level_trigger:\basic_multi_level_mbpm_trigger_gen:multi_level_mbpm|lpm_shiftreg:trigger_condition_deserialize|dffs[124]                 ; 2       ;
; sld_signaltap:auto_signaltap_0|sld_signaltap_impl:sld_signaltap_body|sld_signaltap_implb:sld_signaltap_body|sld_ela_control:ela_control|sld_ela_basic_multi_level_trigger:\basic_multi_level_mbpm_trigger_gen:multi_level_mbpm|lpm_shiftreg:trigger_condition_deserialize|dffs[126]                 ; 2       ;
; sld_signaltap:auto_signaltap_0|sld_signaltap_impl:sld_signaltap_body|sld_signaltap_implb:sld_signaltap_body|sld_ela_control:ela_control|sld_ela_basic_multi_level_trigger:\basic_multi_level_mbpm_trigger_gen:multi_level_mbpm|lpm_shiftreg:trigger_condition_deserialize|dffs[127]                 ; 2       ;
; sld_signaltap:auto_signaltap_0|sld_signaltap_impl:sld_signaltap_body|sld_signaltap_implb:sld_signaltap_body|sld_ela_control:ela_control|sld_ela_basic_multi_level_trigger:\basic_multi_level_mbpm_trigger_gen:multi_level_mbpm|lpm_shiftreg:trigger_condition_deserialize|dffs[129]                 ; 2       ;
; sld_signaltap:auto_signaltap_0|sld_signaltap_impl:sld_signaltap_body|sld_signaltap_implb:sld_signaltap_body|sld_ela_control:ela_control|sld_ela_basic_multi_level_trigger:\basic_multi_level_mbpm_trigger_gen:multi_level_mbpm|lpm_shiftreg:trigger_condition_deserialize|dffs[130]                 ; 2       ;
; sld_signaltap:auto_signaltap_0|sld_signaltap_impl:sld_signaltap_body|sld_signaltap_implb:sld_signaltap_body|sld_ela_control:ela_control|sld_ela_basic_multi_level_trigger:\basic_multi_level_mbpm_trigger_gen:multi_level_mbpm|lpm_shiftreg:trigger_condition_deserialize|dffs[138]                 ; 2       ;
; sld_signaltap:auto_signaltap_0|sld_signaltap_impl:sld_signaltap_body|sld_signaltap_implb:sld_signaltap_body|sld_ela_control:ela_control|sld_ela_basic_multi_level_trigger:\basic_multi_level_mbpm_trigger_gen:multi_level_mbpm|lpm_shiftreg:trigger_condition_deserialize|dffs[139]                 ; 2       ;
; sld_signaltap:auto_signaltap_0|sld_signaltap_impl:sld_signaltap_body|sld_signaltap_implb:sld_signaltap_body|sld_ela_control:ela_control|sld_ela_basic_multi_level_trigger:\basic_multi_level_mbpm_trigger_gen:multi_level_mbpm|lpm_shiftreg:trigger_condition_deserialize|dffs[48]                  ; 2       ;
; sld_signaltap:auto_signaltap_0|sld_signaltap_impl:sld_signaltap_body|sld_signaltap_implb:sld_signaltap_body|sld_ela_control:ela_control|sld_ela_basic_multi_level_trigger:\basic_multi_level_mbpm_trigger_gen:multi_level_mbpm|lpm_shiftreg:trigger_condition_deserialize|dffs[49]                  ; 2       ;
; sld_signaltap:auto_signaltap_0|sld_signaltap_impl:sld_signaltap_body|sld_signaltap_implb:sld_signaltap_body|sld_ela_control:ela_control|sld_ela_basic_multi_level_trigger:\basic_multi_level_mbpm_trigger_gen:multi_level_mbpm|lpm_shiftreg:trigger_condition_deserialize|dffs[51]                  ; 2       ;
; sld_signaltap:auto_signaltap_0|sld_signaltap_impl:sld_signaltap_body|sld_signaltap_implb:sld_signaltap_body|sld_ela_control:ela_control|sld_ela_basic_multi_level_trigger:\basic_multi_level_mbpm_trigger_gen:multi_level_mbpm|lpm_shiftreg:trigger_condition_deserialize|dffs[52]                  ; 2       ;
; sld_signaltap:auto_signaltap_0|sld_signaltap_impl:sld_signaltap_body|sld_signaltap_implb:sld_signaltap_body|sld_ela_control:ela_control|sld_ela_basic_multi_level_trigger:\basic_multi_level_mbpm_trigger_gen:multi_level_mbpm|lpm_shiftreg:trigger_condition_deserialize|dffs[54]                  ; 2       ;
; sld_signaltap:auto_signaltap_0|sld_signaltap_impl:sld_signaltap_body|sld_signaltap_implb:sld_signaltap_body|sld_ela_control:ela_control|sld_ela_basic_multi_level_trigger:\basic_multi_level_mbpm_trigger_gen:multi_level_mbpm|lpm_shiftreg:trigger_condition_deserialize|dffs[55]                  ; 2       ;
; sld_signaltap:auto_signaltap_0|sld_signaltap_impl:sld_signaltap_body|sld_signaltap_implb:sld_signaltap_body|sld_ela_control:ela_control|sld_ela_basic_multi_level_trigger:\basic_multi_level_mbpm_trigger_gen:multi_level_mbpm|lpm_shiftreg:trigger_condition_deserialize|dffs[57]                  ; 2       ;
; sld_signaltap:auto_signaltap_0|sld_signaltap_impl:sld_signaltap_body|sld_signaltap_implb:sld_signaltap_body|sld_ela_control:ela_control|sld_ela_basic_multi_level_trigger:\basic_multi_level_mbpm_trigger_gen:multi_level_mbpm|lpm_shiftreg:trigger_condition_deserialize|dffs[58]                  ; 2       ;
; sld_signaltap:auto_signaltap_0|sld_signaltap_impl:sld_signaltap_body|sld_signaltap_implb:sld_signaltap_body|sld_ela_control:ela_control|sld_ela_basic_multi_level_trigger:\basic_multi_level_mbpm_trigger_gen:multi_level_mbpm|lpm_shiftreg:trigger_condition_deserialize|dffs[60]                  ; 2       ;
; sld_signaltap:auto_signaltap_0|sld_signaltap_impl:sld_signaltap_body|sld_signaltap_implb:sld_signaltap_body|sld_ela_control:ela_control|sld_ela_basic_multi_level_trigger:\basic_multi_level_mbpm_trigger_gen:multi_level_mbpm|lpm_shiftreg:trigger_condition_deserialize|dffs[61]                  ; 2       ;
; sld_signaltap:auto_signaltap_0|sld_signaltap_impl:sld_signaltap_body|sld_signaltap_implb:sld_signaltap_body|sld_ela_control:ela_control|sld_ela_basic_multi_level_trigger:\basic_multi_level_mbpm_trigger_gen:multi_level_mbpm|lpm_shiftreg:trigger_condition_deserialize|dffs[63]                  ; 2       ;
; sld_signaltap:auto_signaltap_0|sld_signaltap_impl:sld_signaltap_body|sld_signaltap_implb:sld_signaltap_body|sld_ela_control:ela_control|sld_ela_basic_multi_level_trigger:\basic_multi_level_mbpm_trigger_gen:multi_level_mbpm|lpm_shiftreg:trigger_condition_deserialize|dffs[64]                  ; 2       ;
; sld_signaltap:auto_signaltap_0|sld_signaltap_impl:sld_signaltap_body|sld_signaltap_implb:sld_signaltap_body|sld_ela_control:ela_control|sld_ela_basic_multi_level_trigger:\basic_multi_level_mbpm_trigger_gen:multi_level_mbpm|lpm_shiftreg:trigger_condition_deserialize|dffs[66]                  ; 2       ;
; sld_signaltap:auto_signaltap_0|sld_signaltap_impl:sld_signaltap_body|sld_signaltap_implb:sld_signaltap_body|sld_ela_control:ela_control|sld_ela_basic_multi_level_trigger:\basic_multi_level_mbpm_trigger_gen:multi_level_mbpm|lpm_shiftreg:trigger_condition_deserialize|dffs[67]                  ; 2       ;
; sld_signaltap:auto_signaltap_0|sld_signaltap_impl:sld_signaltap_body|sld_signaltap_implb:sld_signaltap_body|sld_ela_control:ela_control|sld_ela_basic_multi_level_trigger:\basic_multi_level_mbpm_trigger_gen:multi_level_mbpm|lpm_shiftreg:trigger_condition_deserialize|dffs[69]                  ; 2       ;
; sld_signaltap:auto_signaltap_0|sld_signaltap_impl:sld_signaltap_body|sld_signaltap_implb:sld_signaltap_body|sld_ela_control:ela_control|sld_ela_basic_multi_level_trigger:\basic_multi_level_mbpm_trigger_gen:multi_level_mbpm|lpm_shiftreg:trigger_condition_deserialize|dffs[70]                  ; 2       ;
; sld_signaltap:auto_signaltap_0|sld_signaltap_impl:sld_signaltap_body|sld_signaltap_implb:sld_signaltap_body|sld_ela_control:ela_control|sld_ela_basic_multi_level_trigger:\basic_multi_level_mbpm_trigger_gen:multi_level_mbpm|lpm_shiftreg:trigger_condition_deserialize|dffs[72]                  ; 2       ;
; sld_signaltap:auto_signaltap_0|sld_signaltap_impl:sld_signaltap_body|sld_signaltap_implb:sld_signaltap_body|sld_ela_control:ela_control|sld_ela_basic_multi_level_trigger:\basic_multi_level_mbpm_trigger_gen:multi_level_mbpm|lpm_shiftreg:trigger_condition_deserialize|dffs[73]                  ; 2       ;
; sld_signaltap:auto_signaltap_0|sld_signaltap_impl:sld_signaltap_body|sld_signaltap_implb:sld_signaltap_body|sld_ela_control:ela_control|sld_ela_basic_multi_level_trigger:\basic_multi_level_mbpm_trigger_gen:multi_level_mbpm|lpm_shiftreg:trigger_condition_deserialize|dffs[75]                  ; 2       ;
; sld_signaltap:auto_signaltap_0|sld_signaltap_impl:sld_signaltap_body|sld_signaltap_implb:sld_signaltap_body|sld_ela_control:ela_control|sld_ela_basic_multi_level_trigger:\basic_multi_level_mbpm_trigger_gen:multi_level_mbpm|lpm_shiftreg:trigger_condition_deserialize|dffs[76]                  ; 2       ;
; sld_signaltap:auto_signaltap_0|sld_signaltap_impl:sld_signaltap_body|sld_signaltap_implb:sld_signaltap_body|sld_ela_control:ela_control|sld_ela_basic_multi_level_trigger:\basic_multi_level_mbpm_trigger_gen:multi_level_mbpm|lpm_shiftreg:trigger_condition_deserialize|dffs[78]                  ; 2       ;
; sld_signaltap:auto_signaltap_0|sld_signaltap_impl:sld_signaltap_body|sld_signaltap_implb:sld_signaltap_body|sld_ela_control:ela_control|sld_ela_basic_multi_level_trigger:\basic_multi_level_mbpm_trigger_gen:multi_level_mbpm|lpm_shiftreg:trigger_condition_deserialize|dffs[79]                  ; 2       ;
; sld_signaltap:auto_signaltap_0|sld_signaltap_impl:sld_signaltap_body|sld_signaltap_implb:sld_signaltap_body|sld_ela_control:ela_control|sld_ela_basic_multi_level_trigger:\basic_multi_level_mbpm_trigger_gen:multi_level_mbpm|lpm_shiftreg:trigger_condition_deserialize|dffs[81]                  ; 2       ;
; sld_signaltap:auto_signaltap_0|sld_signaltap_impl:sld_signaltap_body|sld_signaltap_implb:sld_signaltap_body|sld_ela_control:ela_control|sld_ela_basic_multi_level_trigger:\basic_multi_level_mbpm_trigger_gen:multi_level_mbpm|lpm_shiftreg:trigger_condition_deserialize|dffs[82]                  ; 2       ;
; sld_signaltap:auto_signaltap_0|sld_signaltap_impl:sld_signaltap_body|sld_signaltap_implb:sld_signaltap_body|sld_ela_control:ela_control|sld_ela_basic_multi_level_trigger:\basic_multi_level_mbpm_trigger_gen:multi_level_mbpm|lpm_shiftreg:trigger_condition_deserialize|dffs[84]                  ; 2       ;
; sld_signaltap:auto_signaltap_0|sld_signaltap_impl:sld_signaltap_body|sld_signaltap_implb:sld_signaltap_body|sld_ela_control:ela_control|sld_ela_basic_multi_level_trigger:\basic_multi_level_mbpm_trigger_gen:multi_level_mbpm|lpm_shiftreg:trigger_condition_deserialize|dffs[85]                  ; 2       ;
; sld_signaltap:auto_signaltap_0|sld_signaltap_impl:sld_signaltap_body|sld_signaltap_implb:sld_signaltap_body|sld_ela_control:ela_control|sld_ela_basic_multi_level_trigger:\basic_multi_level_mbpm_trigger_gen:multi_level_mbpm|lpm_shiftreg:trigger_condition_deserialize|dffs[87]                  ; 2       ;
; sld_signaltap:auto_signaltap_0|sld_signaltap_impl:sld_signaltap_body|sld_signaltap_implb:sld_signaltap_body|sld_ela_control:ela_control|sld_ela_basic_multi_level_trigger:\basic_multi_level_mbpm_trigger_gen:multi_level_mbpm|lpm_shiftreg:trigger_condition_deserialize|dffs[88]                  ; 2       ;
; sld_signaltap:auto_signaltap_0|sld_signaltap_impl:sld_signaltap_body|sld_signaltap_implb:sld_signaltap_body|sld_ela_control:ela_control|sld_ela_basic_multi_level_trigger:\basic_multi_level_mbpm_trigger_gen:multi_level_mbpm|lpm_shiftreg:trigger_condition_deserialize|dffs[90]                  ; 2       ;
; sld_signaltap:auto_signaltap_0|sld_signaltap_impl:sld_signaltap_body|sld_signaltap_implb:sld_signaltap_body|sld_ela_control:ela_control|sld_ela_basic_multi_level_trigger:\basic_multi_level_mbpm_trigger_gen:multi_level_mbpm|lpm_shiftreg:trigger_condition_deserialize|dffs[91]                  ; 2       ;
; sld_signaltap:auto_signaltap_0|sld_signaltap_impl:sld_signaltap_body|sld_signaltap_implb:sld_signaltap_body|sld_ela_control:ela_control|sld_ela_basic_multi_level_trigger:\basic_multi_level_mbpm_trigger_gen:multi_level_mbpm|lpm_shiftreg:trigger_condition_deserialize|dffs[93]                  ; 2       ;
; sld_signaltap:auto_signaltap_0|sld_signaltap_impl:sld_signaltap_body|sld_signaltap_implb:sld_signaltap_body|sld_ela_control:ela_control|sld_ela_basic_multi_level_trigger:\basic_multi_level_mbpm_trigger_gen:multi_level_mbpm|lpm_shiftreg:trigger_condition_deserialize|dffs[94]                  ; 2       ;
; sld_signaltap:auto_signaltap_0|sld_signaltap_impl:sld_signaltap_body|sld_signaltap_implb:sld_signaltap_body|sld_ela_control:ela_control|sld_ela_basic_multi_level_trigger:\basic_multi_level_mbpm_trigger_gen:multi_level_mbpm|lpm_shiftreg:trigger_condition_deserialize|dffs[132]                 ; 2       ;
; sld_signaltap:auto_signaltap_0|sld_signaltap_impl:sld_signaltap_body|sld_signaltap_implb:sld_signaltap_body|sld_ela_control:ela_control|sld_ela_basic_multi_level_trigger:\basic_multi_level_mbpm_trigger_gen:multi_level_mbpm|lpm_shiftreg:trigger_condition_deserialize|dffs[133]                 ; 2       ;
; sld_signaltap:auto_signaltap_0|sld_signaltap_impl:sld_signaltap_body|sld_signaltap_implb:sld_signaltap_body|sld_ela_control:ela_control|sld_ela_basic_multi_level_trigger:\basic_multi_level_mbpm_trigger_gen:multi_level_mbpm|lpm_shiftreg:trigger_condition_deserialize|dffs[135]                 ; 2       ;
; sld_signaltap:auto_signaltap_0|sld_signaltap_impl:sld_signaltap_body|sld_signaltap_implb:sld_signaltap_body|sld_ela_control:ela_control|sld_ela_basic_multi_level_trigger:\basic_multi_level_mbpm_trigger_gen:multi_level_mbpm|lpm_shiftreg:trigger_condition_deserialize|dffs[136]                 ; 2       ;
; sld_signaltap:auto_signaltap_0|sld_signaltap_impl:sld_signaltap_body|sld_signaltap_implb:sld_signaltap_body|sld_ela_control:ela_control|sld_ela_basic_multi_level_trigger:\basic_multi_level_mbpm_trigger_gen:multi_level_mbpm|lpm_shiftreg:trigger_condition_deserialize|dffs[0]                   ; 2       ;
; sld_signaltap:auto_signaltap_0|sld_signaltap_impl:sld_signaltap_body|sld_signaltap_implb:sld_signaltap_body|sld_ela_control:ela_control|sld_ela_basic_multi_level_trigger:\basic_multi_level_mbpm_trigger_gen:multi_level_mbpm|lpm_shiftreg:trigger_condition_deserialize|dffs[1]                   ; 2       ;
; sld_signaltap:auto_signaltap_0|sld_signaltap_impl:sld_signaltap_body|sld_signaltap_implb:sld_signaltap_body|sld_ela_control:ela_control|sld_ela_basic_multi_level_trigger:\basic_multi_level_mbpm_trigger_gen:multi_level_mbpm|lpm_shiftreg:trigger_condition_deserialize|dffs[3]                   ; 2       ;
; sld_signaltap:auto_signaltap_0|sld_signaltap_impl:sld_signaltap_body|sld_signaltap_implb:sld_signaltap_body|sld_ela_control:ela_control|sld_ela_basic_multi_level_trigger:\basic_multi_level_mbpm_trigger_gen:multi_level_mbpm|lpm_shiftreg:trigger_condition_deserialize|dffs[4]                   ; 2       ;
; sld_signaltap:auto_signaltap_0|sld_signaltap_impl:sld_signaltap_body|sld_signaltap_implb:sld_signaltap_body|sld_ela_control:ela_control|sld_ela_basic_multi_level_trigger:\basic_multi_level_mbpm_trigger_gen:multi_level_mbpm|lpm_shiftreg:trigger_condition_deserialize|dffs[6]                   ; 2       ;
; sld_signaltap:auto_signaltap_0|sld_signaltap_impl:sld_signaltap_body|sld_signaltap_implb:sld_signaltap_body|sld_ela_control:ela_control|sld_ela_basic_multi_level_trigger:\basic_multi_level_mbpm_trigger_gen:multi_level_mbpm|lpm_shiftreg:trigger_condition_deserialize|dffs[7]                   ; 2       ;
; sld_signaltap:auto_signaltap_0|sld_signaltap_impl:sld_signaltap_body|sld_signaltap_implb:sld_signaltap_body|sld_ela_control:ela_control|sld_ela_basic_multi_level_trigger:\basic_multi_level_mbpm_trigger_gen:multi_level_mbpm|lpm_shiftreg:trigger_condition_deserialize|dffs[9]                   ; 2       ;
; sld_signaltap:auto_signaltap_0|sld_signaltap_impl:sld_signaltap_body|sld_signaltap_implb:sld_signaltap_body|sld_ela_control:ela_control|sld_ela_basic_multi_level_trigger:\basic_multi_level_mbpm_trigger_gen:multi_level_mbpm|lpm_shiftreg:trigger_condition_deserialize|dffs[10]                  ; 2       ;
; sld_signaltap:auto_signaltap_0|sld_signaltap_impl:sld_signaltap_body|sld_signaltap_implb:sld_signaltap_body|sld_ela_control:ela_control|sld_ela_basic_multi_level_trigger:\basic_multi_level_mbpm_trigger_gen:multi_level_mbpm|lpm_shiftreg:trigger_condition_deserialize|dffs[12]                  ; 2       ;
; sld_signaltap:auto_signaltap_0|sld_signaltap_impl:sld_signaltap_body|sld_signaltap_implb:sld_signaltap_body|sld_ela_control:ela_control|sld_ela_basic_multi_level_trigger:\basic_multi_level_mbpm_trigger_gen:multi_level_mbpm|lpm_shiftreg:trigger_condition_deserialize|dffs[13]                  ; 2       ;
; sld_signaltap:auto_signaltap_0|sld_signaltap_impl:sld_signaltap_body|sld_signaltap_implb:sld_signaltap_body|sld_ela_control:ela_control|sld_ela_basic_multi_level_trigger:\basic_multi_level_mbpm_trigger_gen:multi_level_mbpm|lpm_shiftreg:trigger_condition_deserialize|dffs[15]                  ; 2       ;
; sld_signaltap:auto_signaltap_0|sld_signaltap_impl:sld_signaltap_body|sld_signaltap_implb:sld_signaltap_body|sld_ela_control:ela_control|sld_ela_basic_multi_level_trigger:\basic_multi_level_mbpm_trigger_gen:multi_level_mbpm|lpm_shiftreg:trigger_condition_deserialize|dffs[16]                  ; 2       ;
; sld_signaltap:auto_signaltap_0|sld_signaltap_impl:sld_signaltap_body|sld_signaltap_implb:sld_signaltap_body|sld_ela_control:ela_control|sld_ela_basic_multi_level_trigger:\basic_multi_level_mbpm_trigger_gen:multi_level_mbpm|lpm_shiftreg:trigger_condition_deserialize|dffs[18]                  ; 2       ;
; sld_signaltap:auto_signaltap_0|sld_signaltap_impl:sld_signaltap_body|sld_signaltap_implb:sld_signaltap_body|sld_ela_control:ela_control|sld_ela_basic_multi_level_trigger:\basic_multi_level_mbpm_trigger_gen:multi_level_mbpm|lpm_shiftreg:trigger_condition_deserialize|dffs[19]                  ; 2       ;
; sld_signaltap:auto_signaltap_0|sld_signaltap_impl:sld_signaltap_body|sld_signaltap_implb:sld_signaltap_body|sld_ela_control:ela_control|sld_ela_basic_multi_level_trigger:\basic_multi_level_mbpm_trigger_gen:multi_level_mbpm|lpm_shiftreg:trigger_condition_deserialize|dffs[21]                  ; 2       ;
; sld_signaltap:auto_signaltap_0|sld_signaltap_impl:sld_signaltap_body|sld_signaltap_implb:sld_signaltap_body|sld_ela_control:ela_control|sld_ela_basic_multi_level_trigger:\basic_multi_level_mbpm_trigger_gen:multi_level_mbpm|lpm_shiftreg:trigger_condition_deserialize|dffs[22]                  ; 2       ;
; sld_signaltap:auto_signaltap_0|sld_signaltap_impl:sld_signaltap_body|sld_signaltap_implb:sld_signaltap_body|sld_ela_control:ela_control|sld_ela_basic_multi_level_trigger:\basic_multi_level_mbpm_trigger_gen:multi_level_mbpm|lpm_shiftreg:trigger_condition_deserialize|dffs[24]                  ; 2       ;
; sld_signaltap:auto_signaltap_0|sld_signaltap_impl:sld_signaltap_body|sld_signaltap_implb:sld_signaltap_body|sld_ela_control:ela_control|sld_ela_basic_multi_level_trigger:\basic_multi_level_mbpm_trigger_gen:multi_level_mbpm|lpm_shiftreg:trigger_condition_deserialize|dffs[25]                  ; 2       ;
; sld_signaltap:auto_signaltap_0|sld_signaltap_impl:sld_signaltap_body|sld_signaltap_implb:sld_signaltap_body|sld_ela_control:ela_control|sld_ela_basic_multi_level_trigger:\basic_multi_level_mbpm_trigger_gen:multi_level_mbpm|lpm_shiftreg:trigger_condition_deserialize|dffs[27]                  ; 2       ;
+-----------------------------------------------------------------------------------------------------------------------------------------------------------------------------------------------------------------------------------------------------------------------------------------------------+---------+


+------------------------------------------------------------------------------------------------------------------------------------------------------------------------------------------------------------------------------------------------------------------------------------------------------------------------------------------------------------------------------------------------------------------------------------------------------------------------------------------------------------------------------------------------------------------------------------------------------------------------------------------------------------------------------------------------------------------------------------------------------------------------------------------------------------------------------------------------------------------------------------------------------------------+
; Fitter RAM Summary                                                                                                                                                                                                                                                                                                                                                                                                                                                                                                                                                                                                                                                                                                                                                                                                                                                                                               ;
+-------------------------------------------------------------------------------------------------------------------------------------------------------------------------------------------------------+------+------------------+-------------+--------------+--------------+--------------+--------------+------------------------+-------------------------+------------------------+-------------------------+--------+-----------------------------+-----------------------------+-----------------------------+-----------------------------+---------------------+------+------+----------------------------------------------------------------------------------------------------------------------------------------------------------------------------------------------------------------------------------------------------------------+----------------------+-----------------+-----------------+
; Name                                                                                                                                                                                                  ; Type ; Mode             ; Clock Mode  ; Port A Depth ; Port A Width ; Port B Depth ; Port B Width ; Port A Input Registers ; Port A Output Registers ; Port B Input Registers ; Port B Output Registers ; Size   ; Implementation Port A Depth ; Implementation Port A Width ; Implementation Port B Depth ; Implementation Port B Width ; Implementation Bits ; M9Ks ; MIF  ; Location                                                                                                                                                                                                                                                       ; Mixed Width RDW Mode ; Port A RDW Mode ; Port B RDW Mode ;
+-------------------------------------------------------------------------------------------------------------------------------------------------------------------------------------------------------+------+------------------+-------------+--------------+--------------+--------------+--------------+------------------------+-------------------------+------------------------+-------------------------+--------+-----------------------------+-----------------------------+-----------------------------+-----------------------------+---------------------+------+------+----------------------------------------------------------------------------------------------------------------------------------------------------------------------------------------------------------------------------------------------------------------+----------------------+-----------------+-----------------+
; sdram_top:u_sdram_top|sdram_fifo_ctrl:u_sdram_fifo_ctrl|rdfifo:u_rdfifo|dcfifo:dcfifo_component|dcfifo_aol1:auto_generated|altsyncram_em31:fifo_ram|ALTSYNCRAM                                        ; AUTO ; Simple Dual Port ; Dual Clocks ; 1024         ; 16           ; 1024         ; 16           ; yes                    ; no                      ; yes                    ; yes                     ; 16384  ; 1024                        ; 16                          ; 1024                        ; 16                          ; 16384               ; 2    ; None ; M9K_X27_Y6_N0, M9K_X27_Y5_N0                                                                                                                                                                                                                                   ; Don't care           ; Old data        ; Old data        ;
; sdram_top:u_sdram_top|sdram_fifo_ctrl:u_sdram_fifo_ctrl|wrfifo:u_wrfifo|dcfifo:dcfifo_component|dcfifo_nnl1:auto_generated|altsyncram_em31:fifo_ram|ALTSYNCRAM                                        ; AUTO ; Simple Dual Port ; Dual Clocks ; 1024         ; 16           ; 1024         ; 16           ; yes                    ; no                      ; yes                    ; yes                     ; 16384  ; 1024                        ; 16                          ; 1024                        ; 16                          ; 16384               ; 2    ; None ; M9K_X15_Y4_N0, M9K_X15_Y5_N0                                                                                                                                                                                                                                   ; Don't care           ; Old data        ; Old data        ;
; sld_signaltap:auto_signaltap_0|sld_signaltap_impl:sld_signaltap_body|sld_signaltap_implb:sld_signaltap_body|altsyncram:\stp_non_zero_ram_gen:stp_buffer_ram|altsyncram_d124:auto_generated|ALTSYNCRAM ; AUTO ; Simple Dual Port ; Dual Clocks ; 2048         ; 47           ; 2048         ; 47           ; yes                    ; no                      ; yes                    ; no                      ; 96256  ; 2048                        ; 47                          ; 2048                        ; 47                          ; 96256               ; 12   ; None ; M9K_X15_Y7_N0, M9K_X27_Y10_N0, M9K_X27_Y9_N0, M9K_X27_Y7_N0, M9K_X27_Y12_N0, M9K_X15_Y8_N0, M9K_X27_Y11_N0, M9K_X15_Y11_N0, M9K_X15_Y12_N0, M9K_X15_Y13_N0, M9K_X15_Y10_N0, M9K_X15_Y9_N0                                                                      ; Don't care           ; Old data        ; Old data        ;
; to8:u_to8|dcfifo_mixed_widths:dcfifo_mixed_widths_component|dcfifo_0bh1:auto_generated|altsyncram_i111:fifo_ram|ALTSYNCRAM                                                                            ; AUTO ; Simple Dual Port ; Dual Clocks ; 8192         ; 16           ; 16384        ; 8            ; yes                    ; no                      ; yes                    ; yes                     ; 131072 ; 8192                        ; 16                          ; 16384                       ; 8                           ; 131072              ; 16   ; None ; M9K_X15_Y18_N0, M9K_X15_Y20_N0, M9K_X27_Y15_N0, M9K_X27_Y21_N0, M9K_X15_Y17_N0, M9K_X27_Y19_N0, M9K_X27_Y14_N0, M9K_X27_Y17_N0, M9K_X15_Y16_N0, M9K_X27_Y16_N0, M9K_X15_Y14_N0, M9K_X15_Y21_N0, M9K_X27_Y18_N0, M9K_X27_Y20_N0, M9K_X15_Y15_N0, M9K_X15_Y19_N0 ; Don't care           ; Old data        ; Old data        ;
+-------------------------------------------------------------------------------------------------------------------------------------------------------------------------------------------------------+------+------------------+-------------+--------------+--------------+--------------+--------------+------------------------+-------------------------+------------------------+-------------------------+--------+-----------------------------+-----------------------------+-----------------------------+-----------------------------+---------------------+------+------+----------------------------------------------------------------------------------------------------------------------------------------------------------------------------------------------------------------------------------------------------------------+----------------------+-----------------+-----------------+
Note: Fitter may spread logical memories into multiple blocks to improve timing. The actual required RAM blocks can be found in the Fitter Resource Usage section.


+-------------------------------------------------------+
; Other Routing Usage Summary                           ;
+-----------------------------+-------------------------+
; Other Routing Resource Type ; Usage                   ;
+-----------------------------+-------------------------+
; Block interconnects         ; 3,550 / 32,401 ( 11 % ) ;
; C16 interconnects           ; 30 / 1,326 ( 2 % )      ;
; C4 interconnects            ; 1,605 / 21,816 ( 7 % )  ;
; Direct links                ; 701 / 32,401 ( 2 % )    ;
; Global clocks               ; 10 / 10 ( 100 % )       ;
; Local interconnects         ; 2,096 / 10,320 ( 20 % ) ;
; R24 interconnects           ; 56 / 1,289 ( 4 % )      ;
; R4 interconnects            ; 2,026 / 28,186 ( 7 % )  ;
+-----------------------------+-------------------------+


+-----------------------------------------------------------------------------+
; LAB Logic Elements                                                          ;
+---------------------------------------------+-------------------------------+
; Number of Logic Elements  (Average = 12.48) ; Number of LABs  (Total = 243) ;
+---------------------------------------------+-------------------------------+
; 1                                           ; 11                            ;
; 2                                           ; 10                            ;
; 3                                           ; 2                             ;
; 4                                           ; 7                             ;
; 5                                           ; 4                             ;
; 6                                           ; 3                             ;
; 7                                           ; 7                             ;
; 8                                           ; 0                             ;
; 9                                           ; 4                             ;
; 10                                          ; 19                            ;
; 11                                          ; 6                             ;
; 12                                          ; 9                             ;
; 13                                          ; 10                            ;
; 14                                          ; 17                            ;
; 15                                          ; 31                            ;
; 16                                          ; 103                           ;
+---------------------------------------------+-------------------------------+


+--------------------------------------------------------------------+
; LAB-wide Signals                                                   ;
+------------------------------------+-------------------------------+
; LAB-wide Signals  (Average = 1.93) ; Number of LABs  (Total = 243) ;
+------------------------------------+-------------------------------+
; 1 Async. clear                     ; 157                           ;
; 1 Clock                            ; 176                           ;
; 1 Clock enable                     ; 79                            ;
; 1 Sync. clear                      ; 3                             ;
; 1 Sync. load                       ; 3                             ;
; 2 Async. clears                    ; 1                             ;
; 2 Clock enables                    ; 10                            ;
; 2 Clocks                           ; 40                            ;
+------------------------------------+-------------------------------+


+------------------------------------------------------------------------------+
; LAB Signals Sourced                                                          ;
+----------------------------------------------+-------------------------------+
; Number of Signals Sourced  (Average = 19.49) ; Number of LABs  (Total = 243) ;
+----------------------------------------------+-------------------------------+
; 0                                            ; 1                             ;
; 1                                            ; 3                             ;
; 2                                            ; 9                             ;
; 3                                            ; 6                             ;
; 4                                            ; 4                             ;
; 5                                            ; 3                             ;
; 6                                            ; 5                             ;
; 7                                            ; 1                             ;
; 8                                            ; 2                             ;
; 9                                            ; 3                             ;
; 10                                           ; 1                             ;
; 11                                           ; 2                             ;
; 12                                           ; 6                             ;
; 13                                           ; 1                             ;
; 14                                           ; 3                             ;
; 15                                           ; 11                            ;
; 16                                           ; 10                            ;
; 17                                           ; 15                            ;
; 18                                           ; 17                            ;
; 19                                           ; 12                            ;
; 20                                           ; 4                             ;
; 21                                           ; 5                             ;
; 22                                           ; 11                            ;
; 23                                           ; 20                            ;
; 24                                           ; 9                             ;
; 25                                           ; 8                             ;
; 26                                           ; 12                            ;
; 27                                           ; 18                            ;
; 28                                           ; 14                            ;
; 29                                           ; 8                             ;
; 30                                           ; 8                             ;
; 31                                           ; 3                             ;
; 32                                           ; 8                             ;
+----------------------------------------------+-------------------------------+


+---------------------------------------------------------------------------------+
; LAB Signals Sourced Out                                                         ;
+-------------------------------------------------+-------------------------------+
; Number of Signals Sourced Out  (Average = 6.03) ; Number of LABs  (Total = 243) ;
+-------------------------------------------------+-------------------------------+
; 0                                               ; 1                             ;
; 1                                               ; 31                            ;
; 2                                               ; 49                            ;
; 3                                               ; 29                            ;
; 4                                               ; 16                            ;
; 5                                               ; 14                            ;
; 6                                               ; 11                            ;
; 7                                               ; 9                             ;
; 8                                               ; 11                            ;
; 9                                               ; 11                            ;
; 10                                              ; 13                            ;
; 11                                              ; 10                            ;
; 12                                              ; 9                             ;
; 13                                              ; 5                             ;
; 14                                              ; 7                             ;
; 15                                              ; 3                             ;
; 16                                              ; 10                            ;
; 17                                              ; 1                             ;
; 18                                              ; 0                             ;
; 19                                              ; 0                             ;
; 20                                              ; 1                             ;
; 21                                              ; 1                             ;
; 22                                              ; 0                             ;
; 23                                              ; 0                             ;
; 24                                              ; 0                             ;
; 25                                              ; 1                             ;
+-------------------------------------------------+-------------------------------+


+------------------------------------------------------------------------------+
; LAB Distinct Inputs                                                          ;
+----------------------------------------------+-------------------------------+
; Number of Distinct Inputs  (Average = 10.30) ; Number of LABs  (Total = 243) ;
+----------------------------------------------+-------------------------------+
; 0                                            ; 0                             ;
; 1                                            ; 0                             ;
; 2                                            ; 12                            ;
; 3                                            ; 26                            ;
; 4                                            ; 13                            ;
; 5                                            ; 10                            ;
; 6                                            ; 17                            ;
; 7                                            ; 20                            ;
; 8                                            ; 9                             ;
; 9                                            ; 17                            ;
; 10                                           ; 9                             ;
; 11                                           ; 15                            ;
; 12                                           ; 17                            ;
; 13                                           ; 10                            ;
; 14                                           ; 5                             ;
; 15                                           ; 11                            ;
; 16                                           ; 6                             ;
; 17                                           ; 5                             ;
; 18                                           ; 3                             ;
; 19                                           ; 10                            ;
; 20                                           ; 7                             ;
; 21                                           ; 6                             ;
; 22                                           ; 3                             ;
; 23                                           ; 1                             ;
; 24                                           ; 4                             ;
; 25                                           ; 1                             ;
; 26                                           ; 2                             ;
; 27                                           ; 0                             ;
; 28                                           ; 2                             ;
+----------------------------------------------+-------------------------------+


+------------------------------------------+
; I/O Rules Summary                        ;
+----------------------------------+-------+
; I/O Rules Statistic              ; Total ;
+----------------------------------+-------+
; Total I/O Rules                  ; 30    ;
; Number of I/O Rules Passed       ; 13    ;
; Number of I/O Rules Failed       ; 0     ;
; Number of I/O Rules Unchecked    ; 0     ;
; Number of I/O Rules Inapplicable ; 17    ;
+----------------------------------+-------+


+-----------------------------------------------------------------------------------------------------------------------------------------------------------------------------------------------------------------------------------------------------------------------------------------------------+
; I/O Rules Details                                                                                                                                                                                                                                                                                   ;
+--------------+-----------+-----------------------------------+------------------------------------------------------------------------------------------------------+----------+--------------------------------------------------------------------------+---------------------+-------------------+
; Status       ; ID        ; Category                          ; Rule Description                                                                                     ; Severity ; Information                                                              ; Area                ; Extra Information ;
+--------------+-----------+-----------------------------------+------------------------------------------------------------------------------------------------------+----------+--------------------------------------------------------------------------+---------------------+-------------------+
; Pass         ; IO_000001 ; Capacity Checks                   ; Number of pins in an I/O bank should not exceed the number of locations available.                   ; Critical ; 0 such failures found.                                                   ; I/O                 ;                   ;
; Inapplicable ; IO_000002 ; Capacity Checks                   ; Number of clocks in an I/O bank should not exceed the number of clocks available.                    ; Critical ; No Global Signal assignments found.                                      ; I/O                 ;                   ;
; Pass         ; IO_000003 ; Capacity Checks                   ; Number of pins in a Vrefgroup should not exceed the number of locations available.                   ; Critical ; 0 such failures found.                                                   ; I/O                 ;                   ;
; Inapplicable ; IO_000004 ; Voltage Compatibility Checks      ; The I/O bank should support the requested VCCIO.                                                     ; Critical ; No IOBANK_VCCIO assignments found.                                       ; I/O                 ;                   ;
; Inapplicable ; IO_000005 ; Voltage Compatibility Checks      ; The I/O bank should not have competing VREF values.                                                  ; Critical ; No VREF I/O Standard assignments found.                                  ; I/O                 ;                   ;
; Pass         ; IO_000006 ; Voltage Compatibility Checks      ; The I/O bank should not have competing VCCIO values.                                                 ; Critical ; 0 such failures found.                                                   ; I/O                 ;                   ;
; Pass         ; IO_000007 ; Valid Location Checks             ; Checks for unavailable locations.                                                                    ; Critical ; 0 such failures found.                                                   ; I/O                 ;                   ;
; Inapplicable ; IO_000008 ; Valid Location Checks             ; Checks for reserved locations.                                                                       ; Critical ; No reserved LogicLock region found.                                      ; I/O                 ;                   ;
; Pass         ; IO_000009 ; I/O Properties Checks for One I/O ; The location should support the requested I/O standard.                                              ; Critical ; 0 such failures found.                                                   ; I/O                 ;                   ;
; Pass         ; IO_000010 ; I/O Properties Checks for One I/O ; The location should support the requested I/O direction.                                             ; Critical ; 0 such failures found.                                                   ; I/O                 ;                   ;
; Inapplicable ; IO_000011 ; I/O Properties Checks for One I/O ; The location should support the requested Current Strength.                                          ; Critical ; No Current Strength assignments found.                                   ; I/O                 ;                   ;
; Pass         ; IO_000012 ; I/O Properties Checks for One I/O ; The location should support the requested On Chip Termination value.                                 ; Critical ; 0 such failures found.                                                   ; I/O                 ;                   ;
; Inapplicable ; IO_000013 ; I/O Properties Checks for One I/O ; The location should support the requested Bus Hold value.                                            ; Critical ; No Enable Bus-Hold Circuitry assignments found.                          ; I/O                 ;                   ;
; Inapplicable ; IO_000014 ; I/O Properties Checks for One I/O ; The location should support the requested Weak Pull Up value.                                        ; Critical ; No Weak Pull-Up Resistor assignments found.                              ; I/O                 ;                   ;
; Pass         ; IO_000015 ; I/O Properties Checks for One I/O ; The location should support the requested PCI Clamp Diode.                                           ; Critical ; 0 such failures found.                                                   ; I/O                 ;                   ;
; Inapplicable ; IO_000018 ; I/O Properties Checks for One I/O ; The I/O standard should support the requested Current Strength.                                      ; Critical ; No Current Strength assignments found.                                   ; I/O                 ;                   ;
; Pass         ; IO_000019 ; I/O Properties Checks for One I/O ; The I/O standard should support the requested On Chip Termination value.                             ; Critical ; 0 such failures found.                                                   ; I/O                 ;                   ;
; Pass         ; IO_000020 ; I/O Properties Checks for One I/O ; The I/O standard should support the requested PCI Clamp Diode.                                       ; Critical ; 0 such failures found.                                                   ; I/O                 ;                   ;
; Inapplicable ; IO_000021 ; I/O Properties Checks for One I/O ; The I/O standard should support the requested Weak Pull Up value.                                    ; Critical ; No Weak Pull-Up Resistor assignments found.                              ; I/O                 ;                   ;
; Inapplicable ; IO_000022 ; I/O Properties Checks for One I/O ; The I/O standard should support the requested Bus Hold value.                                        ; Critical ; No Enable Bus-Hold Circuitry assignments found.                          ; I/O                 ;                   ;
; Pass         ; IO_000023 ; I/O Properties Checks for One I/O ; The I/O standard should support the Open Drain value.                                                ; Critical ; 0 such failures found.                                                   ; I/O                 ;                   ;
; Pass         ; IO_000024 ; I/O Properties Checks for One I/O ; The I/O direction should support the On Chip Termination value.                                      ; Critical ; 0 such failures found.                                                   ; I/O                 ;                   ;
; Inapplicable ; IO_000026 ; I/O Properties Checks for One I/O ; On Chip Termination and Current Strength should not be used at the same time.                        ; Critical ; No Current Strength assignments found.                                   ; I/O                 ;                   ;
; Inapplicable ; IO_000027 ; I/O Properties Checks for One I/O ; Weak Pull Up and Bus Hold should not be used at the same time.                                       ; Critical ; No Enable Bus-Hold Circuitry or Weak Pull-Up Resistor assignments found. ; I/O                 ;                   ;
; Inapplicable ; IO_000045 ; I/O Properties Checks for One I/O ; The I/O standard should support the requested Slew Rate value.                                       ; Critical ; No Slew Rate assignments found.                                          ; I/O                 ;                   ;
; Inapplicable ; IO_000046 ; I/O Properties Checks for One I/O ; The location should support the requested Slew Rate value.                                           ; Critical ; No Slew Rate assignments found.                                          ; I/O                 ;                   ;
; Inapplicable ; IO_000047 ; I/O Properties Checks for One I/O ; On Chip Termination and Slew Rate should not be used at the same time.                               ; Critical ; No Slew Rate assignments found.                                          ; I/O                 ;                   ;
; Pass         ; IO_000033 ; Electromigration Checks           ; Current density for consecutive I/Os should not exceed 240mA for row I/Os and 240mA for column I/Os. ; Critical ; 0 such failures found.                                                   ; I/O                 ;                   ;
; Inapplicable ; IO_000034 ; SI Related Distance Checks        ; Single-ended outputs should be 5 LAB row(s) away from a differential I/O.                            ; High     ; No Differential I/O Standard assignments found.                          ; I/O                 ;                   ;
; Inapplicable ; IO_000042 ; SI Related SSO Limit Checks       ; No more than 20 outputs are allowed in a VREF group when VREF is being read from.                    ; High     ; No VREF I/O Standard assignments found.                                  ; I/O                 ;                   ;
; ----         ; ----      ; Disclaimer                        ; OCT rules are checked but not reported.                                                              ; None     ; ----                                                                     ; On Chip Termination ;                   ;
+--------------+-----------+-----------------------------------+------------------------------------------------------------------------------------------------------+----------+--------------------------------------------------------------------------+---------------------+-------------------+


+---------------------------------------------------------------------------------------------------------------------------------------------------------------------------------------------------------------------------------------------------------------------------------------------------------------------------------------------------------------------------------------------------------------------------------------------------------------------------+
; I/O Rules Matrix                                                                                                                                                                                                                                                                                                                                                                                                                                                          ;
+---------------------+--------------+--------------+--------------+--------------+--------------+-----------+--------------+--------------+-----------+-----------+--------------+--------------+--------------+--------------+--------------+--------------+--------------+--------------+--------------+--------------+--------------+--------------+--------------+--------------+--------------+--------------+--------------+-----------+--------------+--------------+
; Pin/Rules           ; IO_000001    ; IO_000002    ; IO_000003    ; IO_000004    ; IO_000005    ; IO_000006 ; IO_000007    ; IO_000008    ; IO_000009 ; IO_000010 ; IO_000011    ; IO_000012    ; IO_000013    ; IO_000014    ; IO_000015    ; IO_000018    ; IO_000019    ; IO_000020    ; IO_000021    ; IO_000022    ; IO_000023    ; IO_000024    ; IO_000026    ; IO_000027    ; IO_000045    ; IO_000046    ; IO_000047    ; IO_000033 ; IO_000034    ; IO_000042    ;
+---------------------+--------------+--------------+--------------+--------------+--------------+-----------+--------------+--------------+-----------+-----------+--------------+--------------+--------------+--------------+--------------+--------------+--------------+--------------+--------------+--------------+--------------+--------------+--------------+--------------+--------------+--------------+--------------+-----------+--------------+--------------+
; Total Pass          ; 100          ; 0            ; 100          ; 0            ; 0            ; 104       ; 100          ; 0            ; 104       ; 104       ; 0            ; 85           ; 0            ; 0            ; 64           ; 0            ; 85           ; 64           ; 0            ; 0            ; 8            ; 85           ; 0            ; 0            ; 0            ; 0            ; 0            ; 104       ; 0            ; 0            ;
; Total Unchecked     ; 0            ; 0            ; 0            ; 0            ; 0            ; 0         ; 0            ; 0            ; 0         ; 0         ; 0            ; 0            ; 0            ; 0            ; 0            ; 0            ; 0            ; 0            ; 0            ; 0            ; 0            ; 0            ; 0            ; 0            ; 0            ; 0            ; 0            ; 0         ; 0            ; 0            ;
; Total Inapplicable  ; 4            ; 104          ; 4            ; 104          ; 104          ; 0         ; 4            ; 104          ; 0         ; 0         ; 104          ; 19           ; 104          ; 104          ; 40           ; 104          ; 19           ; 40           ; 104          ; 104          ; 96           ; 19           ; 104          ; 104          ; 104          ; 104          ; 104          ; 0         ; 104          ; 104          ;
; Total Fail          ; 0            ; 0            ; 0            ; 0            ; 0            ; 0         ; 0            ; 0            ; 0         ; 0         ; 0            ; 0            ; 0            ; 0            ; 0            ; 0            ; 0            ; 0            ; 0            ; 0            ; 0            ; 0            ; 0            ; 0            ; 0            ; 0            ; 0            ; 0         ; 0            ; 0            ;
; cam_rst_n           ; Pass         ; Inapplicable ; Pass         ; Inapplicable ; Inapplicable ; Pass      ; Pass         ; Inapplicable ; Pass      ; Pass      ; Inapplicable ; Pass         ; Inapplicable ; Inapplicable ; Inapplicable ; Inapplicable ; Pass         ; Inapplicable ; Inapplicable ; Inapplicable ; Inapplicable ; Pass         ; Inapplicable ; Inapplicable ; Inapplicable ; Inapplicable ; Inapplicable ; Pass      ; Inapplicable ; Inapplicable ;
; cam_pwdn            ; Pass         ; Inapplicable ; Pass         ; Inapplicable ; Inapplicable ; Pass      ; Pass         ; Inapplicable ; Pass      ; Pass      ; Inapplicable ; Pass         ; Inapplicable ; Inapplicable ; Inapplicable ; Inapplicable ; Pass         ; Inapplicable ; Inapplicable ; Inapplicable ; Inapplicable ; Pass         ; Inapplicable ; Inapplicable ; Inapplicable ; Inapplicable ; Inapplicable ; Pass      ; Inapplicable ; Inapplicable ;
; cam_scl             ; Pass         ; Inapplicable ; Pass         ; Inapplicable ; Inapplicable ; Pass      ; Pass         ; Inapplicable ; Pass      ; Pass      ; Inapplicable ; Pass         ; Inapplicable ; Inapplicable ; Inapplicable ; Inapplicable ; Pass         ; Inapplicable ; Inapplicable ; Inapplicable ; Inapplicable ; Pass         ; Inapplicable ; Inapplicable ; Inapplicable ; Inapplicable ; Inapplicable ; Pass      ; Inapplicable ; Inapplicable ;
; sdram_clk           ; Pass         ; Inapplicable ; Pass         ; Inapplicable ; Inapplicable ; Pass      ; Pass         ; Inapplicable ; Pass      ; Pass      ; Inapplicable ; Pass         ; Inapplicable ; Inapplicable ; Inapplicable ; Inapplicable ; Pass         ; Inapplicable ; Inapplicable ; Inapplicable ; Inapplicable ; Pass         ; Inapplicable ; Inapplicable ; Inapplicable ; Inapplicable ; Inapplicable ; Pass      ; Inapplicable ; Inapplicable ;
; sdram_cke           ; Pass         ; Inapplicable ; Pass         ; Inapplicable ; Inapplicable ; Pass      ; Pass         ; Inapplicable ; Pass      ; Pass      ; Inapplicable ; Pass         ; Inapplicable ; Inapplicable ; Inapplicable ; Inapplicable ; Pass         ; Inapplicable ; Inapplicable ; Inapplicable ; Inapplicable ; Pass         ; Inapplicable ; Inapplicable ; Inapplicable ; Inapplicable ; Inapplicable ; Pass      ; Inapplicable ; Inapplicable ;
; sdram_cs_n          ; Pass         ; Inapplicable ; Pass         ; Inapplicable ; Inapplicable ; Pass      ; Pass         ; Inapplicable ; Pass      ; Pass      ; Inapplicable ; Pass         ; Inapplicable ; Inapplicable ; Inapplicable ; Inapplicable ; Pass         ; Inapplicable ; Inapplicable ; Inapplicable ; Inapplicable ; Pass         ; Inapplicable ; Inapplicable ; Inapplicable ; Inapplicable ; Inapplicable ; Pass      ; Inapplicable ; Inapplicable ;
; sdram_ras_n         ; Pass         ; Inapplicable ; Pass         ; Inapplicable ; Inapplicable ; Pass      ; Pass         ; Inapplicable ; Pass      ; Pass      ; Inapplicable ; Pass         ; Inapplicable ; Inapplicable ; Inapplicable ; Inapplicable ; Pass         ; Inapplicable ; Inapplicable ; Inapplicable ; Inapplicable ; Pass         ; Inapplicable ; Inapplicable ; Inapplicable ; Inapplicable ; Inapplicable ; Pass      ; Inapplicable ; Inapplicable ;
; sdram_cas_n         ; Pass         ; Inapplicable ; Pass         ; Inapplicable ; Inapplicable ; Pass      ; Pass         ; Inapplicable ; Pass      ; Pass      ; Inapplicable ; Pass         ; Inapplicable ; Inapplicable ; Inapplicable ; Inapplicable ; Pass         ; Inapplicable ; Inapplicable ; Inapplicable ; Inapplicable ; Pass         ; Inapplicable ; Inapplicable ; Inapplicable ; Inapplicable ; Inapplicable ; Pass      ; Inapplicable ; Inapplicable ;
; sdram_we_n          ; Pass         ; Inapplicable ; Pass         ; Inapplicable ; Inapplicable ; Pass      ; Pass         ; Inapplicable ; Pass      ; Pass      ; Inapplicable ; Pass         ; Inapplicable ; Inapplicable ; Inapplicable ; Inapplicable ; Pass         ; Inapplicable ; Inapplicable ; Inapplicable ; Inapplicable ; Pass         ; Inapplicable ; Inapplicable ; Inapplicable ; Inapplicable ; Inapplicable ; Pass      ; Inapplicable ; Inapplicable ;
; sdram_ba[0]         ; Pass         ; Inapplicable ; Pass         ; Inapplicable ; Inapplicable ; Pass      ; Pass         ; Inapplicable ; Pass      ; Pass      ; Inapplicable ; Pass         ; Inapplicable ; Inapplicable ; Inapplicable ; Inapplicable ; Pass         ; Inapplicable ; Inapplicable ; Inapplicable ; Inapplicable ; Pass         ; Inapplicable ; Inapplicable ; Inapplicable ; Inapplicable ; Inapplicable ; Pass      ; Inapplicable ; Inapplicable ;
; sdram_ba[1]         ; Pass         ; Inapplicable ; Pass         ; Inapplicable ; Inapplicable ; Pass      ; Pass         ; Inapplicable ; Pass      ; Pass      ; Inapplicable ; Pass         ; Inapplicable ; Inapplicable ; Inapplicable ; Inapplicable ; Pass         ; Inapplicable ; Inapplicable ; Inapplicable ; Inapplicable ; Pass         ; Inapplicable ; Inapplicable ; Inapplicable ; Inapplicable ; Inapplicable ; Pass      ; Inapplicable ; Inapplicable ;
; sdram_dqm[0]        ; Pass         ; Inapplicable ; Pass         ; Inapplicable ; Inapplicable ; Pass      ; Pass         ; Inapplicable ; Pass      ; Pass      ; Inapplicable ; Pass         ; Inapplicable ; Inapplicable ; Inapplicable ; Inapplicable ; Pass         ; Inapplicable ; Inapplicable ; Inapplicable ; Inapplicable ; Pass         ; Inapplicable ; Inapplicable ; Inapplicable ; Inapplicable ; Inapplicable ; Pass      ; Inapplicable ; Inapplicable ;
; sdram_dqm[1]        ; Pass         ; Inapplicable ; Pass         ; Inapplicable ; Inapplicable ; Pass      ; Pass         ; Inapplicable ; Pass      ; Pass      ; Inapplicable ; Pass         ; Inapplicable ; Inapplicable ; Inapplicable ; Inapplicable ; Pass         ; Inapplicable ; Inapplicable ; Inapplicable ; Inapplicable ; Pass         ; Inapplicable ; Inapplicable ; Inapplicable ; Inapplicable ; Inapplicable ; Pass      ; Inapplicable ; Inapplicable ;
; sdram_addr[0]       ; Pass         ; Inapplicable ; Pass         ; Inapplicable ; Inapplicable ; Pass      ; Pass         ; Inapplicable ; Pass      ; Pass      ; Inapplicable ; Pass         ; Inapplicable ; Inapplicable ; Inapplicable ; Inapplicable ; Pass         ; Inapplicable ; Inapplicable ; Inapplicable ; Inapplicable ; Pass         ; Inapplicable ; Inapplicable ; Inapplicable ; Inapplicable ; Inapplicable ; Pass      ; Inapplicable ; Inapplicable ;
; sdram_addr[1]       ; Pass         ; Inapplicable ; Pass         ; Inapplicable ; Inapplicable ; Pass      ; Pass         ; Inapplicable ; Pass      ; Pass      ; Inapplicable ; Pass         ; Inapplicable ; Inapplicable ; Inapplicable ; Inapplicable ; Pass         ; Inapplicable ; Inapplicable ; Inapplicable ; Inapplicable ; Pass         ; Inapplicable ; Inapplicable ; Inapplicable ; Inapplicable ; Inapplicable ; Pass      ; Inapplicable ; Inapplicable ;
; sdram_addr[2]       ; Pass         ; Inapplicable ; Pass         ; Inapplicable ; Inapplicable ; Pass      ; Pass         ; Inapplicable ; Pass      ; Pass      ; Inapplicable ; Pass         ; Inapplicable ; Inapplicable ; Inapplicable ; Inapplicable ; Pass         ; Inapplicable ; Inapplicable ; Inapplicable ; Inapplicable ; Pass         ; Inapplicable ; Inapplicable ; Inapplicable ; Inapplicable ; Inapplicable ; Pass      ; Inapplicable ; Inapplicable ;
; sdram_addr[3]       ; Pass         ; Inapplicable ; Pass         ; Inapplicable ; Inapplicable ; Pass      ; Pass         ; Inapplicable ; Pass      ; Pass      ; Inapplicable ; Pass         ; Inapplicable ; Inapplicable ; Inapplicable ; Inapplicable ; Pass         ; Inapplicable ; Inapplicable ; Inapplicable ; Inapplicable ; Pass         ; Inapplicable ; Inapplicable ; Inapplicable ; Inapplicable ; Inapplicable ; Pass      ; Inapplicable ; Inapplicable ;
; sdram_addr[4]       ; Pass         ; Inapplicable ; Pass         ; Inapplicable ; Inapplicable ; Pass      ; Pass         ; Inapplicable ; Pass      ; Pass      ; Inapplicable ; Pass         ; Inapplicable ; Inapplicable ; Inapplicable ; Inapplicable ; Pass         ; Inapplicable ; Inapplicable ; Inapplicable ; Inapplicable ; Pass         ; Inapplicable ; Inapplicable ; Inapplicable ; Inapplicable ; Inapplicable ; Pass      ; Inapplicable ; Inapplicable ;
; sdram_addr[5]       ; Pass         ; Inapplicable ; Pass         ; Inapplicable ; Inapplicable ; Pass      ; Pass         ; Inapplicable ; Pass      ; Pass      ; Inapplicable ; Pass         ; Inapplicable ; Inapplicable ; Inapplicable ; Inapplicable ; Pass         ; Inapplicable ; Inapplicable ; Inapplicable ; Inapplicable ; Pass         ; Inapplicable ; Inapplicable ; Inapplicable ; Inapplicable ; Inapplicable ; Pass      ; Inapplicable ; Inapplicable ;
; sdram_addr[6]       ; Pass         ; Inapplicable ; Pass         ; Inapplicable ; Inapplicable ; Pass      ; Pass         ; Inapplicable ; Pass      ; Pass      ; Inapplicable ; Pass         ; Inapplicable ; Inapplicable ; Inapplicable ; Inapplicable ; Pass         ; Inapplicable ; Inapplicable ; Inapplicable ; Inapplicable ; Pass         ; Inapplicable ; Inapplicable ; Inapplicable ; Inapplicable ; Inapplicable ; Pass      ; Inapplicable ; Inapplicable ;
; sdram_addr[7]       ; Pass         ; Inapplicable ; Pass         ; Inapplicable ; Inapplicable ; Pass      ; Pass         ; Inapplicable ; Pass      ; Pass      ; Inapplicable ; Pass         ; Inapplicable ; Inapplicable ; Inapplicable ; Inapplicable ; Pass         ; Inapplicable ; Inapplicable ; Inapplicable ; Inapplicable ; Pass         ; Inapplicable ; Inapplicable ; Inapplicable ; Inapplicable ; Inapplicable ; Pass      ; Inapplicable ; Inapplicable ;
; sdram_addr[8]       ; Pass         ; Inapplicable ; Pass         ; Inapplicable ; Inapplicable ; Pass      ; Pass         ; Inapplicable ; Pass      ; Pass      ; Inapplicable ; Pass         ; Inapplicable ; Inapplicable ; Inapplicable ; Inapplicable ; Pass         ; Inapplicable ; Inapplicable ; Inapplicable ; Inapplicable ; Pass         ; Inapplicable ; Inapplicable ; Inapplicable ; Inapplicable ; Inapplicable ; Pass      ; Inapplicable ; Inapplicable ;
; sdram_addr[9]       ; Pass         ; Inapplicable ; Pass         ; Inapplicable ; Inapplicable ; Pass      ; Pass         ; Inapplicable ; Pass      ; Pass      ; Inapplicable ; Pass         ; Inapplicable ; Inapplicable ; Inapplicable ; Inapplicable ; Pass         ; Inapplicable ; Inapplicable ; Inapplicable ; Inapplicable ; Pass         ; Inapplicable ; Inapplicable ; Inapplicable ; Inapplicable ; Inapplicable ; Pass      ; Inapplicable ; Inapplicable ;
; sdram_addr[10]      ; Pass         ; Inapplicable ; Pass         ; Inapplicable ; Inapplicable ; Pass      ; Pass         ; Inapplicable ; Pass      ; Pass      ; Inapplicable ; Pass         ; Inapplicable ; Inapplicable ; Inapplicable ; Inapplicable ; Pass         ; Inapplicable ; Inapplicable ; Inapplicable ; Inapplicable ; Pass         ; Inapplicable ; Inapplicable ; Inapplicable ; Inapplicable ; Inapplicable ; Pass      ; Inapplicable ; Inapplicable ;
; sdram_addr[11]      ; Pass         ; Inapplicable ; Pass         ; Inapplicable ; Inapplicable ; Pass      ; Pass         ; Inapplicable ; Pass      ; Pass      ; Inapplicable ; Pass         ; Inapplicable ; Inapplicable ; Inapplicable ; Inapplicable ; Pass         ; Inapplicable ; Inapplicable ; Inapplicable ; Inapplicable ; Pass         ; Inapplicable ; Inapplicable ; Inapplicable ; Inapplicable ; Inapplicable ; Pass      ; Inapplicable ; Inapplicable ;
; sdram_addr[12]      ; Pass         ; Inapplicable ; Pass         ; Inapplicable ; Inapplicable ; Pass      ; Pass         ; Inapplicable ; Pass      ; Pass      ; Inapplicable ; Pass         ; Inapplicable ; Inapplicable ; Inapplicable ; Inapplicable ; Pass         ; Inapplicable ; Inapplicable ; Inapplicable ; Inapplicable ; Pass         ; Inapplicable ; Inapplicable ; Inapplicable ; Inapplicable ; Inapplicable ; Pass      ; Inapplicable ; Inapplicable ;
; lcd_hs              ; Pass         ; Inapplicable ; Pass         ; Inapplicable ; Inapplicable ; Pass      ; Pass         ; Inapplicable ; Pass      ; Pass      ; Inapplicable ; Pass         ; Inapplicable ; Inapplicable ; Inapplicable ; Inapplicable ; Pass         ; Inapplicable ; Inapplicable ; Inapplicable ; Inapplicable ; Pass         ; Inapplicable ; Inapplicable ; Inapplicable ; Inapplicable ; Inapplicable ; Pass      ; Inapplicable ; Inapplicable ;
; lcd_vs              ; Pass         ; Inapplicable ; Pass         ; Inapplicable ; Inapplicable ; Pass      ; Pass         ; Inapplicable ; Pass      ; Pass      ; Inapplicable ; Pass         ; Inapplicable ; Inapplicable ; Inapplicable ; Inapplicable ; Pass         ; Inapplicable ; Inapplicable ; Inapplicable ; Inapplicable ; Pass         ; Inapplicable ; Inapplicable ; Inapplicable ; Inapplicable ; Inapplicable ; Pass      ; Inapplicable ; Inapplicable ;
; lcd_de              ; Pass         ; Inapplicable ; Pass         ; Inapplicable ; Inapplicable ; Pass      ; Pass         ; Inapplicable ; Pass      ; Pass      ; Inapplicable ; Pass         ; Inapplicable ; Inapplicable ; Inapplicable ; Inapplicable ; Pass         ; Inapplicable ; Inapplicable ; Inapplicable ; Inapplicable ; Pass         ; Inapplicable ; Inapplicable ; Inapplicable ; Inapplicable ; Inapplicable ; Pass      ; Inapplicable ; Inapplicable ;
; lcd_bl              ; Pass         ; Inapplicable ; Pass         ; Inapplicable ; Inapplicable ; Pass      ; Pass         ; Inapplicable ; Pass      ; Pass      ; Inapplicable ; Pass         ; Inapplicable ; Inapplicable ; Inapplicable ; Inapplicable ; Pass         ; Inapplicable ; Inapplicable ; Inapplicable ; Inapplicable ; Pass         ; Inapplicable ; Inapplicable ; Inapplicable ; Inapplicable ; Inapplicable ; Pass      ; Inapplicable ; Inapplicable ;
; lcd_rst             ; Pass         ; Inapplicable ; Pass         ; Inapplicable ; Inapplicable ; Pass      ; Pass         ; Inapplicable ; Pass      ; Pass      ; Inapplicable ; Pass         ; Inapplicable ; Inapplicable ; Inapplicable ; Inapplicable ; Pass         ; Inapplicable ; Inapplicable ; Inapplicable ; Inapplicable ; Pass         ; Inapplicable ; Inapplicable ; Inapplicable ; Inapplicable ; Inapplicable ; Pass      ; Inapplicable ; Inapplicable ;
; lcd_pclk            ; Pass         ; Inapplicable ; Pass         ; Inapplicable ; Inapplicable ; Pass      ; Pass         ; Inapplicable ; Pass      ; Pass      ; Inapplicable ; Pass         ; Inapplicable ; Inapplicable ; Inapplicable ; Inapplicable ; Pass         ; Inapplicable ; Inapplicable ; Inapplicable ; Inapplicable ; Pass         ; Inapplicable ; Inapplicable ; Inapplicable ; Inapplicable ; Inapplicable ; Pass      ; Inapplicable ; Inapplicable ;
; cs_n                ; Pass         ; Inapplicable ; Pass         ; Inapplicable ; Inapplicable ; Pass      ; Pass         ; Inapplicable ; Pass      ; Pass      ; Inapplicable ; Pass         ; Inapplicable ; Inapplicable ; Inapplicable ; Inapplicable ; Pass         ; Inapplicable ; Inapplicable ; Inapplicable ; Inapplicable ; Pass         ; Inapplicable ; Inapplicable ; Inapplicable ; Inapplicable ; Inapplicable ; Pass      ; Inapplicable ; Inapplicable ;
; wr_n                ; Pass         ; Inapplicable ; Pass         ; Inapplicable ; Inapplicable ; Pass      ; Pass         ; Inapplicable ; Pass      ; Pass      ; Inapplicable ; Pass         ; Inapplicable ; Inapplicable ; Inapplicable ; Inapplicable ; Pass         ; Inapplicable ; Inapplicable ; Inapplicable ; Inapplicable ; Pass         ; Inapplicable ; Inapplicable ; Inapplicable ; Inapplicable ; Inapplicable ; Pass      ; Inapplicable ; Inapplicable ;
; rd_n                ; Pass         ; Inapplicable ; Pass         ; Inapplicable ; Inapplicable ; Pass      ; Pass         ; Inapplicable ; Pass      ; Pass      ; Inapplicable ; Pass         ; Inapplicable ; Inapplicable ; Inapplicable ; Inapplicable ; Pass         ; Inapplicable ; Inapplicable ; Inapplicable ; Inapplicable ; Pass         ; Inapplicable ; Inapplicable ; Inapplicable ; Inapplicable ; Inapplicable ; Pass      ; Inapplicable ; Inapplicable ;
; addr                ; Pass         ; Inapplicable ; Pass         ; Inapplicable ; Inapplicable ; Pass      ; Pass         ; Inapplicable ; Pass      ; Pass      ; Inapplicable ; Pass         ; Inapplicable ; Inapplicable ; Inapplicable ; Inapplicable ; Pass         ; Inapplicable ; Inapplicable ; Inapplicable ; Inapplicable ; Pass         ; Inapplicable ; Inapplicable ; Inapplicable ; Inapplicable ; Inapplicable ; Pass      ; Inapplicable ; Inapplicable ;
; cam_sda             ; Pass         ; Inapplicable ; Pass         ; Inapplicable ; Inapplicable ; Pass      ; Pass         ; Inapplicable ; Pass      ; Pass      ; Inapplicable ; Pass         ; Inapplicable ; Inapplicable ; Pass         ; Inapplicable ; Pass         ; Pass         ; Inapplicable ; Inapplicable ; Inapplicable ; Pass         ; Inapplicable ; Inapplicable ; Inapplicable ; Inapplicable ; Inapplicable ; Pass      ; Inapplicable ; Inapplicable ;
; sdram_data[0]       ; Pass         ; Inapplicable ; Pass         ; Inapplicable ; Inapplicable ; Pass      ; Pass         ; Inapplicable ; Pass      ; Pass      ; Inapplicable ; Pass         ; Inapplicable ; Inapplicable ; Pass         ; Inapplicable ; Pass         ; Pass         ; Inapplicable ; Inapplicable ; Inapplicable ; Pass         ; Inapplicable ; Inapplicable ; Inapplicable ; Inapplicable ; Inapplicable ; Pass      ; Inapplicable ; Inapplicable ;
; sdram_data[1]       ; Pass         ; Inapplicable ; Pass         ; Inapplicable ; Inapplicable ; Pass      ; Pass         ; Inapplicable ; Pass      ; Pass      ; Inapplicable ; Pass         ; Inapplicable ; Inapplicable ; Pass         ; Inapplicable ; Pass         ; Pass         ; Inapplicable ; Inapplicable ; Inapplicable ; Pass         ; Inapplicable ; Inapplicable ; Inapplicable ; Inapplicable ; Inapplicable ; Pass      ; Inapplicable ; Inapplicable ;
; sdram_data[2]       ; Pass         ; Inapplicable ; Pass         ; Inapplicable ; Inapplicable ; Pass      ; Pass         ; Inapplicable ; Pass      ; Pass      ; Inapplicable ; Pass         ; Inapplicable ; Inapplicable ; Pass         ; Inapplicable ; Pass         ; Pass         ; Inapplicable ; Inapplicable ; Inapplicable ; Pass         ; Inapplicable ; Inapplicable ; Inapplicable ; Inapplicable ; Inapplicable ; Pass      ; Inapplicable ; Inapplicable ;
; sdram_data[3]       ; Pass         ; Inapplicable ; Pass         ; Inapplicable ; Inapplicable ; Pass      ; Pass         ; Inapplicable ; Pass      ; Pass      ; Inapplicable ; Pass         ; Inapplicable ; Inapplicable ; Pass         ; Inapplicable ; Pass         ; Pass         ; Inapplicable ; Inapplicable ; Inapplicable ; Pass         ; Inapplicable ; Inapplicable ; Inapplicable ; Inapplicable ; Inapplicable ; Pass      ; Inapplicable ; Inapplicable ;
; sdram_data[4]       ; Pass         ; Inapplicable ; Pass         ; Inapplicable ; Inapplicable ; Pass      ; Pass         ; Inapplicable ; Pass      ; Pass      ; Inapplicable ; Pass         ; Inapplicable ; Inapplicable ; Pass         ; Inapplicable ; Pass         ; Pass         ; Inapplicable ; Inapplicable ; Inapplicable ; Pass         ; Inapplicable ; Inapplicable ; Inapplicable ; Inapplicable ; Inapplicable ; Pass      ; Inapplicable ; Inapplicable ;
; sdram_data[5]       ; Pass         ; Inapplicable ; Pass         ; Inapplicable ; Inapplicable ; Pass      ; Pass         ; Inapplicable ; Pass      ; Pass      ; Inapplicable ; Pass         ; Inapplicable ; Inapplicable ; Pass         ; Inapplicable ; Pass         ; Pass         ; Inapplicable ; Inapplicable ; Inapplicable ; Pass         ; Inapplicable ; Inapplicable ; Inapplicable ; Inapplicable ; Inapplicable ; Pass      ; Inapplicable ; Inapplicable ;
; sdram_data[6]       ; Pass         ; Inapplicable ; Pass         ; Inapplicable ; Inapplicable ; Pass      ; Pass         ; Inapplicable ; Pass      ; Pass      ; Inapplicable ; Pass         ; Inapplicable ; Inapplicable ; Pass         ; Inapplicable ; Pass         ; Pass         ; Inapplicable ; Inapplicable ; Inapplicable ; Pass         ; Inapplicable ; Inapplicable ; Inapplicable ; Inapplicable ; Inapplicable ; Pass      ; Inapplicable ; Inapplicable ;
; sdram_data[7]       ; Pass         ; Inapplicable ; Pass         ; Inapplicable ; Inapplicable ; Pass      ; Pass         ; Inapplicable ; Pass      ; Pass      ; Inapplicable ; Pass         ; Inapplicable ; Inapplicable ; Pass         ; Inapplicable ; Pass         ; Pass         ; Inapplicable ; Inapplicable ; Inapplicable ; Pass         ; Inapplicable ; Inapplicable ; Inapplicable ; Inapplicable ; Inapplicable ; Pass      ; Inapplicable ; Inapplicable ;
; sdram_data[8]       ; Pass         ; Inapplicable ; Pass         ; Inapplicable ; Inapplicable ; Pass      ; Pass         ; Inapplicable ; Pass      ; Pass      ; Inapplicable ; Pass         ; Inapplicable ; Inapplicable ; Pass         ; Inapplicable ; Pass         ; Pass         ; Inapplicable ; Inapplicable ; Inapplicable ; Pass         ; Inapplicable ; Inapplicable ; Inapplicable ; Inapplicable ; Inapplicable ; Pass      ; Inapplicable ; Inapplicable ;
; sdram_data[9]       ; Pass         ; Inapplicable ; Pass         ; Inapplicable ; Inapplicable ; Pass      ; Pass         ; Inapplicable ; Pass      ; Pass      ; Inapplicable ; Pass         ; Inapplicable ; Inapplicable ; Pass         ; Inapplicable ; Pass         ; Pass         ; Inapplicable ; Inapplicable ; Inapplicable ; Pass         ; Inapplicable ; Inapplicable ; Inapplicable ; Inapplicable ; Inapplicable ; Pass      ; Inapplicable ; Inapplicable ;
; sdram_data[10]      ; Pass         ; Inapplicable ; Pass         ; Inapplicable ; Inapplicable ; Pass      ; Pass         ; Inapplicable ; Pass      ; Pass      ; Inapplicable ; Pass         ; Inapplicable ; Inapplicable ; Pass         ; Inapplicable ; Pass         ; Pass         ; Inapplicable ; Inapplicable ; Inapplicable ; Pass         ; Inapplicable ; Inapplicable ; Inapplicable ; Inapplicable ; Inapplicable ; Pass      ; Inapplicable ; Inapplicable ;
; sdram_data[11]      ; Pass         ; Inapplicable ; Pass         ; Inapplicable ; Inapplicable ; Pass      ; Pass         ; Inapplicable ; Pass      ; Pass      ; Inapplicable ; Pass         ; Inapplicable ; Inapplicable ; Pass         ; Inapplicable ; Pass         ; Pass         ; Inapplicable ; Inapplicable ; Inapplicable ; Pass         ; Inapplicable ; Inapplicable ; Inapplicable ; Inapplicable ; Inapplicable ; Pass      ; Inapplicable ; Inapplicable ;
; sdram_data[12]      ; Pass         ; Inapplicable ; Pass         ; Inapplicable ; Inapplicable ; Pass      ; Pass         ; Inapplicable ; Pass      ; Pass      ; Inapplicable ; Pass         ; Inapplicable ; Inapplicable ; Pass         ; Inapplicable ; Pass         ; Pass         ; Inapplicable ; Inapplicable ; Inapplicable ; Pass         ; Inapplicable ; Inapplicable ; Inapplicable ; Inapplicable ; Inapplicable ; Pass      ; Inapplicable ; Inapplicable ;
; sdram_data[13]      ; Pass         ; Inapplicable ; Pass         ; Inapplicable ; Inapplicable ; Pass      ; Pass         ; Inapplicable ; Pass      ; Pass      ; Inapplicable ; Pass         ; Inapplicable ; Inapplicable ; Pass         ; Inapplicable ; Pass         ; Pass         ; Inapplicable ; Inapplicable ; Inapplicable ; Pass         ; Inapplicable ; Inapplicable ; Inapplicable ; Inapplicable ; Inapplicable ; Pass      ; Inapplicable ; Inapplicable ;
; sdram_data[14]      ; Pass         ; Inapplicable ; Pass         ; Inapplicable ; Inapplicable ; Pass      ; Pass         ; Inapplicable ; Pass      ; Pass      ; Inapplicable ; Pass         ; Inapplicable ; Inapplicable ; Pass         ; Inapplicable ; Pass         ; Pass         ; Inapplicable ; Inapplicable ; Inapplicable ; Pass         ; Inapplicable ; Inapplicable ; Inapplicable ; Inapplicable ; Inapplicable ; Pass      ; Inapplicable ; Inapplicable ;
; sdram_data[15]      ; Pass         ; Inapplicable ; Pass         ; Inapplicable ; Inapplicable ; Pass      ; Pass         ; Inapplicable ; Pass      ; Pass      ; Inapplicable ; Pass         ; Inapplicable ; Inapplicable ; Pass         ; Inapplicable ; Pass         ; Pass         ; Inapplicable ; Inapplicable ; Inapplicable ; Pass         ; Inapplicable ; Inapplicable ; Inapplicable ; Inapplicable ; Inapplicable ; Pass      ; Inapplicable ; Inapplicable ;
; lcd_rgb[0]          ; Pass         ; Inapplicable ; Pass         ; Inapplicable ; Inapplicable ; Pass      ; Pass         ; Inapplicable ; Pass      ; Pass      ; Inapplicable ; Pass         ; Inapplicable ; Inapplicable ; Pass         ; Inapplicable ; Pass         ; Pass         ; Inapplicable ; Inapplicable ; Pass         ; Pass         ; Inapplicable ; Inapplicable ; Inapplicable ; Inapplicable ; Inapplicable ; Pass      ; Inapplicable ; Inapplicable ;
; lcd_rgb[1]          ; Pass         ; Inapplicable ; Pass         ; Inapplicable ; Inapplicable ; Pass      ; Pass         ; Inapplicable ; Pass      ; Pass      ; Inapplicable ; Pass         ; Inapplicable ; Inapplicable ; Pass         ; Inapplicable ; Pass         ; Pass         ; Inapplicable ; Inapplicable ; Pass         ; Pass         ; Inapplicable ; Inapplicable ; Inapplicable ; Inapplicable ; Inapplicable ; Pass      ; Inapplicable ; Inapplicable ;
; lcd_rgb[2]          ; Pass         ; Inapplicable ; Pass         ; Inapplicable ; Inapplicable ; Pass      ; Pass         ; Inapplicable ; Pass      ; Pass      ; Inapplicable ; Pass         ; Inapplicable ; Inapplicable ; Pass         ; Inapplicable ; Pass         ; Pass         ; Inapplicable ; Inapplicable ; Pass         ; Pass         ; Inapplicable ; Inapplicable ; Inapplicable ; Inapplicable ; Inapplicable ; Pass      ; Inapplicable ; Inapplicable ;
; lcd_rgb[3]          ; Pass         ; Inapplicable ; Pass         ; Inapplicable ; Inapplicable ; Pass      ; Pass         ; Inapplicable ; Pass      ; Pass      ; Inapplicable ; Pass         ; Inapplicable ; Inapplicable ; Pass         ; Inapplicable ; Pass         ; Pass         ; Inapplicable ; Inapplicable ; Inapplicable ; Pass         ; Inapplicable ; Inapplicable ; Inapplicable ; Inapplicable ; Inapplicable ; Pass      ; Inapplicable ; Inapplicable ;
; lcd_rgb[4]          ; Pass         ; Inapplicable ; Pass         ; Inapplicable ; Inapplicable ; Pass      ; Pass         ; Inapplicable ; Pass      ; Pass      ; Inapplicable ; Pass         ; Inapplicable ; Inapplicable ; Pass         ; Inapplicable ; Pass         ; Pass         ; Inapplicable ; Inapplicable ; Inapplicable ; Pass         ; Inapplicable ; Inapplicable ; Inapplicable ; Inapplicable ; Inapplicable ; Pass      ; Inapplicable ; Inapplicable ;
; lcd_rgb[5]          ; Pass         ; Inapplicable ; Pass         ; Inapplicable ; Inapplicable ; Pass      ; Pass         ; Inapplicable ; Pass      ; Pass      ; Inapplicable ; Pass         ; Inapplicable ; Inapplicable ; Pass         ; Inapplicable ; Pass         ; Pass         ; Inapplicable ; Inapplicable ; Inapplicable ; Pass         ; Inapplicable ; Inapplicable ; Inapplicable ; Inapplicable ; Inapplicable ; Pass      ; Inapplicable ; Inapplicable ;
; lcd_rgb[6]          ; Pass         ; Inapplicable ; Pass         ; Inapplicable ; Inapplicable ; Pass      ; Pass         ; Inapplicable ; Pass      ; Pass      ; Inapplicable ; Pass         ; Inapplicable ; Inapplicable ; Pass         ; Inapplicable ; Pass         ; Pass         ; Inapplicable ; Inapplicable ; Inapplicable ; Pass         ; Inapplicable ; Inapplicable ; Inapplicable ; Inapplicable ; Inapplicable ; Pass      ; Inapplicable ; Inapplicable ;
; lcd_rgb[7]          ; Pass         ; Inapplicable ; Pass         ; Inapplicable ; Inapplicable ; Pass      ; Pass         ; Inapplicable ; Pass      ; Pass      ; Inapplicable ; Pass         ; Inapplicable ; Inapplicable ; Pass         ; Inapplicable ; Pass         ; Pass         ; Inapplicable ; Inapplicable ; Inapplicable ; Pass         ; Inapplicable ; Inapplicable ; Inapplicable ; Inapplicable ; Inapplicable ; Pass      ; Inapplicable ; Inapplicable ;
; lcd_rgb[8]          ; Pass         ; Inapplicable ; Pass         ; Inapplicable ; Inapplicable ; Pass      ; Pass         ; Inapplicable ; Pass      ; Pass      ; Inapplicable ; Pass         ; Inapplicable ; Inapplicable ; Pass         ; Inapplicable ; Pass         ; Pass         ; Inapplicable ; Inapplicable ; Pass         ; Pass         ; Inapplicable ; Inapplicable ; Inapplicable ; Inapplicable ; Inapplicable ; Pass      ; Inapplicable ; Inapplicable ;
; lcd_rgb[9]          ; Pass         ; Inapplicable ; Pass         ; Inapplicable ; Inapplicable ; Pass      ; Pass         ; Inapplicable ; Pass      ; Pass      ; Inapplicable ; Pass         ; Inapplicable ; Inapplicable ; Pass         ; Inapplicable ; Pass         ; Pass         ; Inapplicable ; Inapplicable ; Pass         ; Pass         ; Inapplicable ; Inapplicable ; Inapplicable ; Inapplicable ; Inapplicable ; Pass      ; Inapplicable ; Inapplicable ;
; lcd_rgb[10]         ; Pass         ; Inapplicable ; Pass         ; Inapplicable ; Inapplicable ; Pass      ; Pass         ; Inapplicable ; Pass      ; Pass      ; Inapplicable ; Pass         ; Inapplicable ; Inapplicable ; Pass         ; Inapplicable ; Pass         ; Pass         ; Inapplicable ; Inapplicable ; Inapplicable ; Pass         ; Inapplicable ; Inapplicable ; Inapplicable ; Inapplicable ; Inapplicable ; Pass      ; Inapplicable ; Inapplicable ;
; lcd_rgb[11]         ; Pass         ; Inapplicable ; Pass         ; Inapplicable ; Inapplicable ; Pass      ; Pass         ; Inapplicable ; Pass      ; Pass      ; Inapplicable ; Pass         ; Inapplicable ; Inapplicable ; Pass         ; Inapplicable ; Pass         ; Pass         ; Inapplicable ; Inapplicable ; Inapplicable ; Pass         ; Inapplicable ; Inapplicable ; Inapplicable ; Inapplicable ; Inapplicable ; Pass      ; Inapplicable ; Inapplicable ;
; lcd_rgb[12]         ; Pass         ; Inapplicable ; Pass         ; Inapplicable ; Inapplicable ; Pass      ; Pass         ; Inapplicable ; Pass      ; Pass      ; Inapplicable ; Pass         ; Inapplicable ; Inapplicable ; Pass         ; Inapplicable ; Pass         ; Pass         ; Inapplicable ; Inapplicable ; Inapplicable ; Pass         ; Inapplicable ; Inapplicable ; Inapplicable ; Inapplicable ; Inapplicable ; Pass      ; Inapplicable ; Inapplicable ;
; lcd_rgb[13]         ; Pass         ; Inapplicable ; Pass         ; Inapplicable ; Inapplicable ; Pass      ; Pass         ; Inapplicable ; Pass      ; Pass      ; Inapplicable ; Pass         ; Inapplicable ; Inapplicable ; Pass         ; Inapplicable ; Pass         ; Pass         ; Inapplicable ; Inapplicable ; Inapplicable ; Pass         ; Inapplicable ; Inapplicable ; Inapplicable ; Inapplicable ; Inapplicable ; Pass      ; Inapplicable ; Inapplicable ;
; lcd_rgb[14]         ; Pass         ; Inapplicable ; Pass         ; Inapplicable ; Inapplicable ; Pass      ; Pass         ; Inapplicable ; Pass      ; Pass      ; Inapplicable ; Pass         ; Inapplicable ; Inapplicable ; Pass         ; Inapplicable ; Pass         ; Pass         ; Inapplicable ; Inapplicable ; Inapplicable ; Pass         ; Inapplicable ; Inapplicable ; Inapplicable ; Inapplicable ; Inapplicable ; Pass      ; Inapplicable ; Inapplicable ;
; lcd_rgb[15]         ; Pass         ; Inapplicable ; Pass         ; Inapplicable ; Inapplicable ; Pass      ; Pass         ; Inapplicable ; Pass      ; Pass      ; Inapplicable ; Pass         ; Inapplicable ; Inapplicable ; Pass         ; Inapplicable ; Pass         ; Pass         ; Inapplicable ; Inapplicable ; Inapplicable ; Pass         ; Inapplicable ; Inapplicable ; Inapplicable ; Inapplicable ; Inapplicable ; Pass      ; Inapplicable ; Inapplicable ;
; lcd_rgb[16]         ; Pass         ; Inapplicable ; Pass         ; Inapplicable ; Inapplicable ; Pass      ; Pass         ; Inapplicable ; Pass      ; Pass      ; Inapplicable ; Pass         ; Inapplicable ; Inapplicable ; Pass         ; Inapplicable ; Pass         ; Pass         ; Inapplicable ; Inapplicable ; Pass         ; Pass         ; Inapplicable ; Inapplicable ; Inapplicable ; Inapplicable ; Inapplicable ; Pass      ; Inapplicable ; Inapplicable ;
; lcd_rgb[17]         ; Pass         ; Inapplicable ; Pass         ; Inapplicable ; Inapplicable ; Pass      ; Pass         ; Inapplicable ; Pass      ; Pass      ; Inapplicable ; Pass         ; Inapplicable ; Inapplicable ; Pass         ; Inapplicable ; Pass         ; Pass         ; Inapplicable ; Inapplicable ; Pass         ; Pass         ; Inapplicable ; Inapplicable ; Inapplicable ; Inapplicable ; Inapplicable ; Pass      ; Inapplicable ; Inapplicable ;
; lcd_rgb[18]         ; Pass         ; Inapplicable ; Pass         ; Inapplicable ; Inapplicable ; Pass      ; Pass         ; Inapplicable ; Pass      ; Pass      ; Inapplicable ; Pass         ; Inapplicable ; Inapplicable ; Pass         ; Inapplicable ; Pass         ; Pass         ; Inapplicable ; Inapplicable ; Pass         ; Pass         ; Inapplicable ; Inapplicable ; Inapplicable ; Inapplicable ; Inapplicable ; Pass      ; Inapplicable ; Inapplicable ;
; lcd_rgb[19]         ; Pass         ; Inapplicable ; Pass         ; Inapplicable ; Inapplicable ; Pass      ; Pass         ; Inapplicable ; Pass      ; Pass      ; Inapplicable ; Pass         ; Inapplicable ; Inapplicable ; Pass         ; Inapplicable ; Pass         ; Pass         ; Inapplicable ; Inapplicable ; Inapplicable ; Pass         ; Inapplicable ; Inapplicable ; Inapplicable ; Inapplicable ; Inapplicable ; Pass      ; Inapplicable ; Inapplicable ;
; lcd_rgb[20]         ; Pass         ; Inapplicable ; Pass         ; Inapplicable ; Inapplicable ; Pass      ; Pass         ; Inapplicable ; Pass      ; Pass      ; Inapplicable ; Pass         ; Inapplicable ; Inapplicable ; Pass         ; Inapplicable ; Pass         ; Pass         ; Inapplicable ; Inapplicable ; Inapplicable ; Pass         ; Inapplicable ; Inapplicable ; Inapplicable ; Inapplicable ; Inapplicable ; Pass      ; Inapplicable ; Inapplicable ;
; lcd_rgb[21]         ; Pass         ; Inapplicable ; Pass         ; Inapplicable ; Inapplicable ; Pass      ; Pass         ; Inapplicable ; Pass      ; Pass      ; Inapplicable ; Pass         ; Inapplicable ; Inapplicable ; Pass         ; Inapplicable ; Pass         ; Pass         ; Inapplicable ; Inapplicable ; Inapplicable ; Pass         ; Inapplicable ; Inapplicable ; Inapplicable ; Inapplicable ; Inapplicable ; Pass      ; Inapplicable ; Inapplicable ;
; lcd_rgb[22]         ; Pass         ; Inapplicable ; Pass         ; Inapplicable ; Inapplicable ; Pass      ; Pass         ; Inapplicable ; Pass      ; Pass      ; Inapplicable ; Pass         ; Inapplicable ; Inapplicable ; Pass         ; Inapplicable ; Pass         ; Pass         ; Inapplicable ; Inapplicable ; Inapplicable ; Pass         ; Inapplicable ; Inapplicable ; Inapplicable ; Inapplicable ; Inapplicable ; Pass      ; Inapplicable ; Inapplicable ;
; lcd_rgb[23]         ; Pass         ; Inapplicable ; Pass         ; Inapplicable ; Inapplicable ; Pass      ; Pass         ; Inapplicable ; Pass      ; Pass      ; Inapplicable ; Pass         ; Inapplicable ; Inapplicable ; Pass         ; Inapplicable ; Pass         ; Pass         ; Inapplicable ; Inapplicable ; Inapplicable ; Pass         ; Inapplicable ; Inapplicable ; Inapplicable ; Inapplicable ; Inapplicable ; Pass      ; Inapplicable ; Inapplicable ;
; data[0]             ; Pass         ; Inapplicable ; Pass         ; Inapplicable ; Inapplicable ; Pass      ; Pass         ; Inapplicable ; Pass      ; Pass      ; Inapplicable ; Pass         ; Inapplicable ; Inapplicable ; Pass         ; Inapplicable ; Pass         ; Pass         ; Inapplicable ; Inapplicable ; Inapplicable ; Pass         ; Inapplicable ; Inapplicable ; Inapplicable ; Inapplicable ; Inapplicable ; Pass      ; Inapplicable ; Inapplicable ;
; data[1]             ; Pass         ; Inapplicable ; Pass         ; Inapplicable ; Inapplicable ; Pass      ; Pass         ; Inapplicable ; Pass      ; Pass      ; Inapplicable ; Pass         ; Inapplicable ; Inapplicable ; Pass         ; Inapplicable ; Pass         ; Pass         ; Inapplicable ; Inapplicable ; Inapplicable ; Pass         ; Inapplicable ; Inapplicable ; Inapplicable ; Inapplicable ; Inapplicable ; Pass      ; Inapplicable ; Inapplicable ;
; data[2]             ; Pass         ; Inapplicable ; Pass         ; Inapplicable ; Inapplicable ; Pass      ; Pass         ; Inapplicable ; Pass      ; Pass      ; Inapplicable ; Pass         ; Inapplicable ; Inapplicable ; Pass         ; Inapplicable ; Pass         ; Pass         ; Inapplicable ; Inapplicable ; Inapplicable ; Pass         ; Inapplicable ; Inapplicable ; Inapplicable ; Inapplicable ; Inapplicable ; Pass      ; Inapplicable ; Inapplicable ;
; data[3]             ; Pass         ; Inapplicable ; Pass         ; Inapplicable ; Inapplicable ; Pass      ; Pass         ; Inapplicable ; Pass      ; Pass      ; Inapplicable ; Pass         ; Inapplicable ; Inapplicable ; Pass         ; Inapplicable ; Pass         ; Pass         ; Inapplicable ; Inapplicable ; Inapplicable ; Pass         ; Inapplicable ; Inapplicable ; Inapplicable ; Inapplicable ; Inapplicable ; Pass      ; Inapplicable ; Inapplicable ;
; data[4]             ; Pass         ; Inapplicable ; Pass         ; Inapplicable ; Inapplicable ; Pass      ; Pass         ; Inapplicable ; Pass      ; Pass      ; Inapplicable ; Pass         ; Inapplicable ; Inapplicable ; Pass         ; Inapplicable ; Pass         ; Pass         ; Inapplicable ; Inapplicable ; Inapplicable ; Pass         ; Inapplicable ; Inapplicable ; Inapplicable ; Inapplicable ; Inapplicable ; Pass      ; Inapplicable ; Inapplicable ;
; data[5]             ; Pass         ; Inapplicable ; Pass         ; Inapplicable ; Inapplicable ; Pass      ; Pass         ; Inapplicable ; Pass      ; Pass      ; Inapplicable ; Pass         ; Inapplicable ; Inapplicable ; Pass         ; Inapplicable ; Pass         ; Pass         ; Inapplicable ; Inapplicable ; Inapplicable ; Pass         ; Inapplicable ; Inapplicable ; Inapplicable ; Inapplicable ; Inapplicable ; Pass      ; Inapplicable ; Inapplicable ;
; data[6]             ; Pass         ; Inapplicable ; Pass         ; Inapplicable ; Inapplicable ; Pass      ; Pass         ; Inapplicable ; Pass      ; Pass      ; Inapplicable ; Pass         ; Inapplicable ; Inapplicable ; Pass         ; Inapplicable ; Pass         ; Pass         ; Inapplicable ; Inapplicable ; Inapplicable ; Pass         ; Inapplicable ; Inapplicable ; Inapplicable ; Inapplicable ; Inapplicable ; Pass      ; Inapplicable ; Inapplicable ;
; data[7]             ; Pass         ; Inapplicable ; Pass         ; Inapplicable ; Inapplicable ; Pass      ; Pass         ; Inapplicable ; Pass      ; Pass      ; Inapplicable ; Pass         ; Inapplicable ; Inapplicable ; Pass         ; Inapplicable ; Pass         ; Pass         ; Inapplicable ; Inapplicable ; Inapplicable ; Pass         ; Inapplicable ; Inapplicable ; Inapplicable ; Inapplicable ; Inapplicable ; Pass      ; Inapplicable ; Inapplicable ;
; sys_rst_n           ; Pass         ; Inapplicable ; Pass         ; Inapplicable ; Inapplicable ; Pass      ; Pass         ; Inapplicable ; Pass      ; Pass      ; Inapplicable ; Inapplicable ; Inapplicable ; Inapplicable ; Pass         ; Inapplicable ; Inapplicable ; Pass         ; Inapplicable ; Inapplicable ; Inapplicable ; Inapplicable ; Inapplicable ; Inapplicable ; Inapplicable ; Inapplicable ; Inapplicable ; Pass      ; Inapplicable ; Inapplicable ;
; sys_clk             ; Pass         ; Inapplicable ; Pass         ; Inapplicable ; Inapplicable ; Pass      ; Pass         ; Inapplicable ; Pass      ; Pass      ; Inapplicable ; Inapplicable ; Inapplicable ; Inapplicable ; Pass         ; Inapplicable ; Inapplicable ; Pass         ; Inapplicable ; Inapplicable ; Inapplicable ; Inapplicable ; Inapplicable ; Inapplicable ; Inapplicable ; Inapplicable ; Inapplicable ; Pass      ; Inapplicable ; Inapplicable ;
; cam_pclk            ; Pass         ; Inapplicable ; Pass         ; Inapplicable ; Inapplicable ; Pass      ; Pass         ; Inapplicable ; Pass      ; Pass      ; Inapplicable ; Inapplicable ; Inapplicable ; Inapplicable ; Pass         ; Inapplicable ; Inapplicable ; Pass         ; Inapplicable ; Inapplicable ; Inapplicable ; Inapplicable ; Inapplicable ; Inapplicable ; Inapplicable ; Inapplicable ; Inapplicable ; Pass      ; Inapplicable ; Inapplicable ;
; cam_vsync           ; Pass         ; Inapplicable ; Pass         ; Inapplicable ; Inapplicable ; Pass      ; Pass         ; Inapplicable ; Pass      ; Pass      ; Inapplicable ; Inapplicable ; Inapplicable ; Inapplicable ; Pass         ; Inapplicable ; Inapplicable ; Pass         ; Inapplicable ; Inapplicable ; Inapplicable ; Inapplicable ; Inapplicable ; Inapplicable ; Inapplicable ; Inapplicable ; Inapplicable ; Pass      ; Inapplicable ; Inapplicable ;
; cam_href            ; Pass         ; Inapplicable ; Pass         ; Inapplicable ; Inapplicable ; Pass      ; Pass         ; Inapplicable ; Pass      ; Pass      ; Inapplicable ; Inapplicable ; Inapplicable ; Inapplicable ; Pass         ; Inapplicable ; Inapplicable ; Pass         ; Inapplicable ; Inapplicable ; Inapplicable ; Inapplicable ; Inapplicable ; Inapplicable ; Inapplicable ; Inapplicable ; Inapplicable ; Pass      ; Inapplicable ; Inapplicable ;
; wrnf_n              ; Pass         ; Inapplicable ; Pass         ; Inapplicable ; Inapplicable ; Pass      ; Pass         ; Inapplicable ; Pass      ; Pass      ; Inapplicable ; Inapplicable ; Inapplicable ; Inapplicable ; Pass         ; Inapplicable ; Inapplicable ; Pass         ; Inapplicable ; Inapplicable ; Inapplicable ; Inapplicable ; Inapplicable ; Inapplicable ; Inapplicable ; Inapplicable ; Inapplicable ; Pass      ; Inapplicable ; Inapplicable ;
; rdne_n              ; Pass         ; Inapplicable ; Pass         ; Inapplicable ; Inapplicable ; Pass      ; Pass         ; Inapplicable ; Pass      ; Pass      ; Inapplicable ; Inapplicable ; Inapplicable ; Inapplicable ; Pass         ; Inapplicable ; Inapplicable ; Pass         ; Inapplicable ; Inapplicable ; Inapplicable ; Inapplicable ; Inapplicable ; Inapplicable ; Inapplicable ; Inapplicable ; Inapplicable ; Pass      ; Inapplicable ; Inapplicable ;
; cam_data[0]         ; Pass         ; Inapplicable ; Pass         ; Inapplicable ; Inapplicable ; Pass      ; Pass         ; Inapplicable ; Pass      ; Pass      ; Inapplicable ; Inapplicable ; Inapplicable ; Inapplicable ; Pass         ; Inapplicable ; Inapplicable ; Pass         ; Inapplicable ; Inapplicable ; Inapplicable ; Inapplicable ; Inapplicable ; Inapplicable ; Inapplicable ; Inapplicable ; Inapplicable ; Pass      ; Inapplicable ; Inapplicable ;
; cam_data[1]         ; Pass         ; Inapplicable ; Pass         ; Inapplicable ; Inapplicable ; Pass      ; Pass         ; Inapplicable ; Pass      ; Pass      ; Inapplicable ; Inapplicable ; Inapplicable ; Inapplicable ; Pass         ; Inapplicable ; Inapplicable ; Pass         ; Inapplicable ; Inapplicable ; Inapplicable ; Inapplicable ; Inapplicable ; Inapplicable ; Inapplicable ; Inapplicable ; Inapplicable ; Pass      ; Inapplicable ; Inapplicable ;
; cam_data[2]         ; Pass         ; Inapplicable ; Pass         ; Inapplicable ; Inapplicable ; Pass      ; Pass         ; Inapplicable ; Pass      ; Pass      ; Inapplicable ; Inapplicable ; Inapplicable ; Inapplicable ; Pass         ; Inapplicable ; Inapplicable ; Pass         ; Inapplicable ; Inapplicable ; Inapplicable ; Inapplicable ; Inapplicable ; Inapplicable ; Inapplicable ; Inapplicable ; Inapplicable ; Pass      ; Inapplicable ; Inapplicable ;
; cam_data[3]         ; Pass         ; Inapplicable ; Pass         ; Inapplicable ; Inapplicable ; Pass      ; Pass         ; Inapplicable ; Pass      ; Pass      ; Inapplicable ; Inapplicable ; Inapplicable ; Inapplicable ; Pass         ; Inapplicable ; Inapplicable ; Pass         ; Inapplicable ; Inapplicable ; Inapplicable ; Inapplicable ; Inapplicable ; Inapplicable ; Inapplicable ; Inapplicable ; Inapplicable ; Pass      ; Inapplicable ; Inapplicable ;
; cam_data[4]         ; Pass         ; Inapplicable ; Pass         ; Inapplicable ; Inapplicable ; Pass      ; Pass         ; Inapplicable ; Pass      ; Pass      ; Inapplicable ; Inapplicable ; Inapplicable ; Inapplicable ; Pass         ; Inapplicable ; Inapplicable ; Pass         ; Inapplicable ; Inapplicable ; Inapplicable ; Inapplicable ; Inapplicable ; Inapplicable ; Inapplicable ; Inapplicable ; Inapplicable ; Pass      ; Inapplicable ; Inapplicable ;
; cam_data[5]         ; Pass         ; Inapplicable ; Pass         ; Inapplicable ; Inapplicable ; Pass      ; Pass         ; Inapplicable ; Pass      ; Pass      ; Inapplicable ; Inapplicable ; Inapplicable ; Inapplicable ; Pass         ; Inapplicable ; Inapplicable ; Pass         ; Inapplicable ; Inapplicable ; Inapplicable ; Inapplicable ; Inapplicable ; Inapplicable ; Inapplicable ; Inapplicable ; Inapplicable ; Pass      ; Inapplicable ; Inapplicable ;
; cam_data[6]         ; Pass         ; Inapplicable ; Pass         ; Inapplicable ; Inapplicable ; Pass      ; Pass         ; Inapplicable ; Pass      ; Pass      ; Inapplicable ; Inapplicable ; Inapplicable ; Inapplicable ; Pass         ; Inapplicable ; Inapplicable ; Pass         ; Inapplicable ; Inapplicable ; Inapplicable ; Inapplicable ; Inapplicable ; Inapplicable ; Inapplicable ; Inapplicable ; Inapplicable ; Pass      ; Inapplicable ; Inapplicable ;
; cam_data[7]         ; Pass         ; Inapplicable ; Pass         ; Inapplicable ; Inapplicable ; Pass      ; Pass         ; Inapplicable ; Pass      ; Pass      ; Inapplicable ; Inapplicable ; Inapplicable ; Inapplicable ; Pass         ; Inapplicable ; Inapplicable ; Pass         ; Inapplicable ; Inapplicable ; Inapplicable ; Inapplicable ; Inapplicable ; Inapplicable ; Inapplicable ; Inapplicable ; Inapplicable ; Pass      ; Inapplicable ; Inapplicable ;
; altera_reserved_tms ; Inapplicable ; Inapplicable ; Inapplicable ; Inapplicable ; Inapplicable ; Pass      ; Inapplicable ; Inapplicable ; Pass      ; Pass      ; Inapplicable ; Inapplicable ; Inapplicable ; Inapplicable ; Inapplicable ; Inapplicable ; Inapplicable ; Inapplicable ; Inapplicable ; Inapplicable ; Inapplicable ; Inapplicable ; Inapplicable ; Inapplicable ; Inapplicable ; Inapplicable ; Inapplicable ; Pass      ; Inapplicable ; Inapplicable ;
; altera_reserved_tck ; Inapplicable ; Inapplicable ; Inapplicable ; Inapplicable ; Inapplicable ; Pass      ; Inapplicable ; Inapplicable ; Pass      ; Pass      ; Inapplicable ; Inapplicable ; Inapplicable ; Inapplicable ; Inapplicable ; Inapplicable ; Inapplicable ; Inapplicable ; Inapplicable ; Inapplicable ; Inapplicable ; Inapplicable ; Inapplicable ; Inapplicable ; Inapplicable ; Inapplicable ; Inapplicable ; Pass      ; Inapplicable ; Inapplicable ;
; altera_reserved_tdi ; Inapplicable ; Inapplicable ; Inapplicable ; Inapplicable ; Inapplicable ; Pass      ; Inapplicable ; Inapplicable ; Pass      ; Pass      ; Inapplicable ; Inapplicable ; Inapplicable ; Inapplicable ; Inapplicable ; Inapplicable ; Inapplicable ; Inapplicable ; Inapplicable ; Inapplicable ; Inapplicable ; Inapplicable ; Inapplicable ; Inapplicable ; Inapplicable ; Inapplicable ; Inapplicable ; Pass      ; Inapplicable ; Inapplicable ;
; altera_reserved_tdo ; Inapplicable ; Inapplicable ; Inapplicable ; Inapplicable ; Inapplicable ; Pass      ; Inapplicable ; Inapplicable ; Pass      ; Pass      ; Inapplicable ; Inapplicable ; Inapplicable ; Inapplicable ; Inapplicable ; Inapplicable ; Inapplicable ; Inapplicable ; Inapplicable ; Inapplicable ; Inapplicable ; Inapplicable ; Inapplicable ; Inapplicable ; Inapplicable ; Inapplicable ; Inapplicable ; Pass      ; Inapplicable ; Inapplicable ;
+---------------------+--------------+--------------+--------------+--------------+--------------+-----------+--------------+--------------+-----------+-----------+--------------+--------------+--------------+--------------+--------------+--------------+--------------+--------------+--------------+--------------+--------------+--------------+--------------+--------------+--------------+--------------+--------------+-----------+--------------+--------------+


+----------------------------------------------------------------------------------+
; Fitter Device Options                                                            ;
+------------------------------------------------------------------+---------------+
; Option                                                           ; Setting       ;
+------------------------------------------------------------------+---------------+
; Enable user-supplied start-up clock (CLKUSR)                     ; Off           ;
; Enable device-wide reset (DEV_CLRn)                              ; Off           ;
; Enable device-wide output enable (DEV_OE)                        ; Off           ;
; Enable INIT_DONE output                                          ; Off           ;
; Configuration scheme                                             ; Active Serial ;
; Error detection CRC                                              ; Off           ;
; Enable open drain on CRC_ERROR pin                               ; Off           ;
; Enable input tri-state on active configuration pins in user mode ; Off           ;
; Configuration Voltage Level                                      ; Auto          ;
; Force Configuration Voltage Level                                ; Off           ;
; nCEO                                                             ; Unreserved    ;
; Data[0]                                                          ; Unreserved    ;
; Data[1]/ASDO                                                     ; Unreserved    ;
; Data[7..2]                                                       ; Unreserved    ;
; FLASH_nCE/nCSO                                                   ; Unreserved    ;
; Other Active Parallel pins                                       ; Unreserved    ;
; DCLK                                                             ; Unreserved    ;
; Base pin-out file on sameframe device                            ; Off           ;
+------------------------------------------------------------------+---------------+


+------------------------------------+
; Operating Settings and Conditions  ;
+---------------------------+--------+
; Setting                   ; Value  ;
+---------------------------+--------+
; Nominal Core Voltage      ; 1.20 V ;
; Low Junction Temperature  ; 0 °C   ;
; High Junction Temperature ; 85 °C  ;
+---------------------------+--------+


+-----------------+
; Fitter Messages ;
+-----------------+
Info (11104): Parallel Compilation has detected 20 hyper-threaded processors. However, the extra hyper-threaded processors will not be used by default. Parallel Compilation will use 14 of the 14 physical processors detected instead.
Info (119006): Selected device EP4CE10F17C8 for design "ov5640_lcd"
Info (21077): Low junction temperature is 0 degrees C
Info (21077): High junction temperature is 85 degrees C
Info (15535): Implemented PLL "pll:u_pll|altpll:altpll_component|pll_altpll:auto_generated|pll1" as Cyclone IV E PLL type
    Info (15099): Implementing clock multiplication of 2, clock division of 1, and phase shift of 0 degrees (0 ps) for pll:u_pll|altpll:altpll_component|pll_altpll:auto_generated|wire_pll1_clk[0] port
    Info (15099): Implementing clock multiplication of 2, clock division of 1, and phase shift of -75 degrees (-2083 ps) for pll:u_pll|altpll:altpll_component|pll_altpll:auto_generated|wire_pll1_clk[1] port
    Info (15099): Implementing clock multiplication of 2, clock division of 1, and phase shift of 0 degrees (0 ps) for pll:u_pll|altpll:altpll_component|pll_altpll:auto_generated|wire_pll1_clk[2] port
Info (171003): Fitter is performing an Auto Fit compilation, which may decrease Fitter effort to reduce compilation time
Info (176444): Device migration not selected. If you intend to use device migration later, you may need to change the pin assignments as they may be incompatible with other devices
    Info (176445): Device EP4CE6F17C8 is compatible
    Info (176445): Device EP4CE15F17C8 is compatible
    Info (176445): Device EP4CE22F17C8 is compatible
Info (169141): DATA[0] dual-purpose pin not reserved
Warning (15714): Some pins have incomplete I/O assignments. Refer to the I/O Assignment Warnings report for details
Info (176045): Design uses memory blocks. Violating setup or hold times of memory block address registers for either read or write operations could cause memory contents to be corrupted. Make sure that all memory block address registers meet the setup and hold time requirements.
Info (332164): Evaluating HDL-embedded SDC commands
    Info (332165): Entity dcfifo_0bh1
        Info (332166): set_false_path -from *rdptr_g* -to *ws_dgrp|dffpipe_m09:dffpipe10|dffe11a* 
        Info (332166): set_false_path -from *delayed_wrptr_g* -to *rs_dgwp|dffpipe_l09:dffpipe7|dffe8a* 
    Info (332165): Entity dcfifo_aol1
        Info (332166): set_false_path -from *rdptr_g* -to *ws_dgrp|dffpipe_re9:dffpipe4|dffe5a* 
    Info (332165): Entity dcfifo_nnl1
        Info (332166): set_false_path -from *delayed_wrptr_g* -to *rs_dgwp|dffpipe_qe9:dffpipe11|dffe12a* 
    Info (332165): Entity sld_jtag_hub
        Info (332166): create_clock -name altera_reserved_tck [get_ports {altera_reserved_tck}] -period 10MHz   
        Info (332166): set_clock_groups -asynchronous -group {altera_reserved_tck}
Critical Warning (332012): Synopsys Design Constraints File file not found: 'ov5640_lcd.sdc'. A Synopsys Design Constraints File is required by the TimeQuest Timing Analyzer to get proper timing constraints. Without it, the Compiler will not properly optimize the design.
Warning (332060): Node: lcd:u_lcd|clk_div:u_clk_div|clk_20m was determined to be a clock but was found without an associated clock assignment.
Warning (332060): Node: sys_clk was determined to be a clock but was found without an associated clock assignment.
Warning (332060): Node: cam_pclk was determined to be a clock but was found without an associated clock assignment.
Warning (332060): Node: i2c_dri:u_i2c_dr|dri_clk was determined to be a clock but was found without an associated clock assignment.
Warning (332056): PLL cross checking found inconsistent PLL clock settings:
    Warning (332056): Node: u_pll|altpll_component|auto_generated|pll1|clk[0] was found missing 1 generated clock that corresponds to a base clock with a period of: 20.000
    Warning (332056): Node: u_pll|altpll_component|auto_generated|pll1|clk[1] was found missing 1 generated clock that corresponds to a base clock with a period of: 20.000
    Warning (332056): Node: u_pll|altpll_component|auto_generated|pll1|clk[2] was found missing 1 generated clock that corresponds to a base clock with a period of: 20.000
Critical Warning (332168): The following clock transfers have no clock uncertainty assignment. For more accurate results, apply clock uncertainty assignments or use the derive_clock_uncertainty command.
    Critical Warning (332169): From altera_reserved_tck (Rise) to altera_reserved_tck (Rise) (setup and hold)
    Critical Warning (332169): From altera_reserved_tck (Rise) to altera_reserved_tck (Fall) (setup and hold)
Info (332129): Detected timing requirements -- optimizing circuit to achieve only the specified requirements
Info (332111): Found 1 clocks
    Info (332111):   Period   Clock Name
    Info (332111): ======== ============
    Info (332111):  100.000 altera_reserved_tck
Info (176353): Automatically promoted node pll:u_pll|altpll:altpll_component|pll_altpll:auto_generated|wire_pll1_clk[0] (placed in counter C0 of PLL_1)
    Info (176355): Automatically promoted destinations to use location or clock signal Global Clock CLKCTRL_G3
Info (176353): Automatically promoted node pll:u_pll|altpll:altpll_component|pll_altpll:auto_generated|wire_pll1_clk[1] (placed in counter C2 of PLL_1)
    Info (176355): Automatically promoted destinations to use location or clock signal Global Clock CLKCTRL_G2
Info (176353): Automatically promoted node pll:u_pll|altpll:altpll_component|pll_altpll:auto_generated|wire_pll1_clk[2] (placed in counter C1 of PLL_1)
    Info (176355): Automatically promoted destinations to use location or clock signal Global Clock CLKCTRL_G4
Info (176353): Automatically promoted node altera_internal_jtag~TCKUTAP 
    Info (176355): Automatically promoted destinations to use location or clock signal Global Clock
Info (176353): Automatically promoted node lcd:u_lcd|clk_div:u_clk_div|Selector0 
    Info (176355): Automatically promoted destinations to use location or clock signal Global Clock
    Info (176356): Following destination nodes may be non-global or may not use global or regional clocks
        Info (176357): Destination node lcd_pclk~output
Info (176353): Automatically promoted node i2c_dri:u_i2c_dr|dri_clk 
    Info (176355): Automatically promoted destinations to use location or clock signal Global Clock
    Info (176356): Following destination nodes may be non-global or may not use global or regional clocks
        Info (176357): Destination node i2c_dri:u_i2c_dr|dri_clk~0
Info (176353): Automatically promoted node sys_rst_n~input (placed in PIN M1 (CLK3, DIFFCLK_1n))
    Info (176355): Automatically promoted destinations to use location or clock signal Global Clock CLKCTRL_G0
    Info (176356): Following destination nodes may be non-global or may not use global or regional clocks
        Info (176357): Destination node rst_n~0
Info (176353): Automatically promoted node rst_n~0 
    Info (176355): Automatically promoted destinations to use location or clock signal Global Clock
    Info (176356): Following destination nodes may be non-global or may not use global or regional clocks
        Info (176357): Destination node comb~0
        Info (176357): Destination node sdram_top:u_sdram_top|sdram_controller:u_sdram_controller|sdram_ctrl:u_sdram_ctrl|sdram_rd_wr~1
Info (176353): Automatically promoted node sld_signaltap:auto_signaltap_0|sld_signaltap_impl:sld_signaltap_body|sld_signaltap_implb:sld_signaltap_body|reset_all 
    Info (176355): Automatically promoted destinations to use location or clock signal Global Clock
    Info (176356): Following destination nodes may be non-global or may not use global or regional clocks
        Info (176357): Destination node sld_signaltap:auto_signaltap_0|sld_signaltap_impl:sld_signaltap_body|sld_signaltap_implb:sld_signaltap_body|sld_offload_buffer_mgr:\stp_non_zero_depth_offload_gen:stp_offload_buff_mgr_inst|acq_buf_read_reset~0
        Info (176357): Destination node sld_signaltap:auto_signaltap_0|sld_signaltap_impl:sld_signaltap_body|sld_signaltap_implb:sld_signaltap_body|sld_offload_buffer_mgr:\stp_non_zero_depth_offload_gen:stp_offload_buff_mgr_inst|acq_buf_read_reset
Info (176353): Automatically promoted node comb~0 
    Info (176355): Automatically promoted destinations to use location or clock signal Global Clock
Info (176233): Starting register packing
Info (176235): Finished register packing
    Extra Info (176219): No registers were packed into other blocks
Warning (15064): PLL "pll:u_pll|altpll:altpll_component|pll_altpll:auto_generated|pll1" output port clk[1] feeds output pin "sdram_clk~output" via non-dedicated routing -- jitter performance depends on switching rate of other design elements. Use PLL dedicated clock outputs to ensure jitter performance
Info (171121): Fitter preparation operations ending: elapsed time is 00:00:02
Info (170189): Fitter placement preparation operations beginning
Info (170190): Fitter placement preparation operations ending: elapsed time is 00:00:00
Info (170191): Fitter placement operations beginning
Info (170137): Fitter placement was successful
Info (170192): Fitter placement operations ending: elapsed time is 00:00:00
Info (170193): Fitter routing operations beginning
Info (170195): Router estimated average interconnect usage is 6% of the available device resources
    Info (170196): Router estimated peak interconnect usage is 9% of the available device resources in the region that extends from location X11_Y0 to location X22_Y11
Info (170194): Fitter routing operations ending: elapsed time is 00:00:01
Info (170199): The Fitter performed an Auto Fit compilation.  Optimizations were skipped to reduce compilation time.
    Info (170201): Optimizations that may affect the design's routability were skipped
    Info (170200): Optimizations that may affect the design's timing were skipped
Info (11888): Total time spent on timing analysis during the Fitter is 0.09 seconds.
Info (334003): Started post-fitting delay annotation
Info (334004): Delay annotation completed successfully
Info (334003): Started post-fitting delay annotation
Info (334004): Delay annotation completed successfully
Info (11218): Fitter post-fit operations ending: elapsed time is 00:00:01
Info (144001): Generated suppressed messages file C:/Users/28473/Desktop/test8/13_ov5640_lcd/par/output_files/ov5640_lcd.fit.smsg
Info: Quartus II 64-Bit Fitter was successful. 0 errors, 14 warnings
    Info: Peak virtual memory: 5862 megabytes
    Info: Processing ended: Fri May 01 22:48:41 2026
    Info: Elapsed time: 00:00:08
    Info: Total CPU time (on all processors): 00:00:04


+----------------------------+
; Fitter Suppressed Messages ;
+----------------------------+
The suppressed messages can be found in C:/Users/28473/Desktop/test8/13_ov5640_lcd/par/output_files/ov5640_lcd.fit.smsg.


