Analysis & Synthesis report for ov5640_lcd
Fri May 01 22:48:33 2026
Quartus II 64-Bit Version 13.0.1 Build 232 06/12/2013 Service Pack 1 SJ Full Version


---------------------
; Table of Contents ;
---------------------
  1. Legal Notice
  2. Analysis & Synthesis Summary
  3. Analysis & Synthesis Settings
  4. Parallel Compilation
  5. Analysis & Synthesis Source Files Read
  6. Analysis & Synthesis Resource Usage Summary
  7. Analysis & Synthesis Resource Utilization by Entity
  8. Analysis & Synthesis RAM Summary
  9. Analysis & Synthesis IP Cores Summary
 10. State Machine - |ov5640_lcd|top:u_ch346_top|loop:m_loop|reg_nxt_state
 11. State Machine - |ov5640_lcd|top:u_ch346_top|loop:m_loop|reg_cur_state
 12. State Machine - |ov5640_lcd|top:u_ch346_top|recv:m_recv|reg_nxt_state
 13. State Machine - |ov5640_lcd|top:u_ch346_top|recv:m_recv|reg_cur_state
 14. State Machine - |ov5640_lcd|top:u_ch346_top|send:m_send|reg_nxt_state
 15. State Machine - |ov5640_lcd|top:u_ch346_top|send:m_send|reg_cur_state
 16. State Machine - |ov5640_lcd|top:u_ch346_top|rd_rst:m_rd_rst|reg_nxt_state
 17. State Machine - |ov5640_lcd|top:u_ch346_top|rd_rst:m_rd_rst|reg_cur_state
 18. State Machine - |ov5640_lcd|cmos_capture_data:u_cmos_capture_data|frame_state
 19. State Machine - |ov5640_lcd|i2c_dri:u_i2c_dr|cur_state
 20. Registers Removed During Synthesis
 21. Removed Registers Triggering Further Register Optimizations
 22. General Register Statistics
 23. Inverted Register Statistics
 24. Multiplexer Restructuring Statistics (Restructuring Performed)
 25. Source assignments for sdram_top:u_sdram_top|sdram_fifo_ctrl:u_sdram_fifo_ctrl|wrfifo:u_wrfifo|dcfifo:dcfifo_component
 26. Source assignments for sdram_top:u_sdram_top|sdram_fifo_ctrl:u_sdram_fifo_ctrl|wrfifo:u_wrfifo|dcfifo:dcfifo_component|dcfifo_nnl1:auto_generated
 27. Source assignments for sdram_top:u_sdram_top|sdram_fifo_ctrl:u_sdram_fifo_ctrl|wrfifo:u_wrfifo|dcfifo:dcfifo_component|dcfifo_nnl1:auto_generated|a_graycounter_677:rdptr_g1p
 28. Source assignments for sdram_top:u_sdram_top|sdram_fifo_ctrl:u_sdram_fifo_ctrl|wrfifo:u_wrfifo|dcfifo:dcfifo_component|dcfifo_nnl1:auto_generated|a_graycounter_2lc:wrptr_g1p
 29. Source assignments for sdram_top:u_sdram_top|sdram_fifo_ctrl:u_sdram_fifo_ctrl|wrfifo:u_wrfifo|dcfifo:dcfifo_component|dcfifo_nnl1:auto_generated|altsyncram_em31:fifo_ram
 30. Source assignments for sdram_top:u_sdram_top|sdram_fifo_ctrl:u_sdram_fifo_ctrl|wrfifo:u_wrfifo|dcfifo:dcfifo_component|dcfifo_nnl1:auto_generated|dffpipe_pe9:rs_brp
 31. Source assignments for sdram_top:u_sdram_top|sdram_fifo_ctrl:u_sdram_fifo_ctrl|wrfifo:u_wrfifo|dcfifo:dcfifo_component|dcfifo_nnl1:auto_generated|dffpipe_pe9:rs_bwp
 32. Source assignments for sdram_top:u_sdram_top|sdram_fifo_ctrl:u_sdram_fifo_ctrl|wrfifo:u_wrfifo|dcfifo:dcfifo_component|dcfifo_nnl1:auto_generated|alt_synch_pipe_vd8:rs_dgwp
 33. Source assignments for sdram_top:u_sdram_top|sdram_fifo_ctrl:u_sdram_fifo_ctrl|wrfifo:u_wrfifo|dcfifo:dcfifo_component|dcfifo_nnl1:auto_generated|alt_synch_pipe_vd8:rs_dgwp|dffpipe_qe9:dffpipe11
 34. Source assignments for sdram_top:u_sdram_top|sdram_fifo_ctrl:u_sdram_fifo_ctrl|wrfifo:u_wrfifo|dcfifo:dcfifo_component|dcfifo_nnl1:auto_generated|alt_synch_pipe_vd8:ws_dgrp
 35. Source assignments for sdram_top:u_sdram_top|sdram_fifo_ctrl:u_sdram_fifo_ctrl|wrfifo:u_wrfifo|dcfifo:dcfifo_component|dcfifo_nnl1:auto_generated|alt_synch_pipe_vd8:ws_dgrp|dffpipe_qe9:dffpipe11
 36. Source assignments for sdram_top:u_sdram_top|sdram_fifo_ctrl:u_sdram_fifo_ctrl|rdfifo:u_rdfifo|dcfifo:dcfifo_component
 37. Source assignments for sdram_top:u_sdram_top|sdram_fifo_ctrl:u_sdram_fifo_ctrl|rdfifo:u_rdfifo|dcfifo:dcfifo_component|dcfifo_aol1:auto_generated
 38. Source assignments for sdram_top:u_sdram_top|sdram_fifo_ctrl:u_sdram_fifo_ctrl|rdfifo:u_rdfifo|dcfifo:dcfifo_component|dcfifo_aol1:auto_generated|a_graycounter_677:rdptr_g1p
 39. Source assignments for sdram_top:u_sdram_top|sdram_fifo_ctrl:u_sdram_fifo_ctrl|rdfifo:u_rdfifo|dcfifo:dcfifo_component|dcfifo_aol1:auto_generated|a_graycounter_2lc:wrptr_g1p
 40. Source assignments for sdram_top:u_sdram_top|sdram_fifo_ctrl:u_sdram_fifo_ctrl|rdfifo:u_rdfifo|dcfifo:dcfifo_component|dcfifo_aol1:auto_generated|altsyncram_em31:fifo_ram
 41. Source assignments for sdram_top:u_sdram_top|sdram_fifo_ctrl:u_sdram_fifo_ctrl|rdfifo:u_rdfifo|dcfifo:dcfifo_component|dcfifo_aol1:auto_generated|alt_synch_pipe_e98:rs_dgwp
 42. Source assignments for sdram_top:u_sdram_top|sdram_fifo_ctrl:u_sdram_fifo_ctrl|rdfifo:u_rdfifo|dcfifo:dcfifo_component|dcfifo_aol1:auto_generated|alt_synch_pipe_e98:rs_dgwp|dffpipe_pe9:dffpipe3
 43. Source assignments for sdram_top:u_sdram_top|sdram_fifo_ctrl:u_sdram_fifo_ctrl|rdfifo:u_rdfifo|dcfifo:dcfifo_component|dcfifo_aol1:auto_generated|dffpipe_pe9:ws_brp
 44. Source assignments for sdram_top:u_sdram_top|sdram_fifo_ctrl:u_sdram_fifo_ctrl|rdfifo:u_rdfifo|dcfifo:dcfifo_component|dcfifo_aol1:auto_generated|dffpipe_pe9:ws_bwp
 45. Source assignments for sdram_top:u_sdram_top|sdram_fifo_ctrl:u_sdram_fifo_ctrl|rdfifo:u_rdfifo|dcfifo:dcfifo_component|dcfifo_aol1:auto_generated|alt_synch_pipe_0e8:ws_dgrp
 46. Source assignments for sdram_top:u_sdram_top|sdram_fifo_ctrl:u_sdram_fifo_ctrl|rdfifo:u_rdfifo|dcfifo:dcfifo_component|dcfifo_aol1:auto_generated|alt_synch_pipe_0e8:ws_dgrp|dffpipe_re9:dffpipe4
 47. Source assignments for to8:u_to8|dcfifo_mixed_widths:dcfifo_mixed_widths_component|dcfifo_0bh1:auto_generated
 48. Source assignments for to8:u_to8|dcfifo_mixed_widths:dcfifo_mixed_widths_component|dcfifo_0bh1:auto_generated|a_graycounter_6p6:rdptr_g1p
 49. Source assignments for to8:u_to8|dcfifo_mixed_widths:dcfifo_mixed_widths_component|dcfifo_0bh1:auto_generated|a_graycounter_37c:wrptr_g1p
 50. Source assignments for to8:u_to8|dcfifo_mixed_widths:dcfifo_mixed_widths_component|dcfifo_0bh1:auto_generated|altsyncram_i111:fifo_ram
 51. Source assignments for to8:u_to8|dcfifo_mixed_widths:dcfifo_mixed_widths_component|dcfifo_0bh1:auto_generated|dffpipe_j09:rs_brp
 52. Source assignments for to8:u_to8|dcfifo_mixed_widths:dcfifo_mixed_widths_component|dcfifo_0bh1:auto_generated|dffpipe_k09:rs_bwp
 53. Source assignments for to8:u_to8|dcfifo_mixed_widths:dcfifo_mixed_widths_component|dcfifo_0bh1:auto_generated|alt_synch_pipe_k7d:rs_dgwp
 54. Source assignments for to8:u_to8|dcfifo_mixed_widths:dcfifo_mixed_widths_component|dcfifo_0bh1:auto_generated|alt_synch_pipe_k7d:rs_dgwp|dffpipe_l09:dffpipe7
 55. Source assignments for to8:u_to8|dcfifo_mixed_widths:dcfifo_mixed_widths_component|dcfifo_0bh1:auto_generated|dffpipe_k09:ws_brp
 56. Source assignments for to8:u_to8|dcfifo_mixed_widths:dcfifo_mixed_widths_component|dcfifo_0bh1:auto_generated|dffpipe_k09:ws_bwp
 57. Source assignments for to8:u_to8|dcfifo_mixed_widths:dcfifo_mixed_widths_component|dcfifo_0bh1:auto_generated|alt_synch_pipe_l7d:ws_dgrp
 58. Source assignments for to8:u_to8|dcfifo_mixed_widths:dcfifo_mixed_widths_component|dcfifo_0bh1:auto_generated|alt_synch_pipe_l7d:ws_dgrp|dffpipe_m09:dffpipe10
 59. Source assignments for to8:u_to8|dcfifo_mixed_widths:dcfifo_mixed_widths_component|dcfifo_0bh1:auto_generated|cntr_old:cntr_b
 60. Parameter Settings for User Entity Instance: Top-level Entity: |ov5640_lcd
 61. Parameter Settings for User Entity Instance: pll:u_pll|altpll:altpll_component
 62. Parameter Settings for User Entity Instance: lcd:u_lcd|clk_div:u_clk_div
 63. Parameter Settings for User Entity Instance: lcd:u_lcd|lcd_driver:u_lcd_driver
 64. Parameter Settings for User Entity Instance: picture_size:u_picture_size
 65. Parameter Settings for User Entity Instance: i2c_dri:u_i2c_dr
 66. Parameter Settings for User Entity Instance: cmos_capture_data:u_cmos_capture_data
 67. Parameter Settings for User Entity Instance: sdram_top:u_sdram_top|sdram_fifo_ctrl:u_sdram_fifo_ctrl|wrfifo:u_wrfifo|dcfifo:dcfifo_component
 68. Parameter Settings for User Entity Instance: sdram_top:u_sdram_top|sdram_fifo_ctrl:u_sdram_fifo_ctrl|rdfifo:u_rdfifo|dcfifo:dcfifo_component
 69. Parameter Settings for User Entity Instance: sdram_top:u_sdram_top|sdram_controller:u_sdram_controller|sdram_ctrl:u_sdram_ctrl
 70. Parameter Settings for User Entity Instance: to8:u_to8|dcfifo_mixed_widths:dcfifo_mixed_widths_component
 71. Parameter Settings for User Entity Instance: sdram_to8_flow_ctrl:u_sdram_to8_flow_ctrl
 72. Parameter Settings for User Entity Instance: top:u_ch346_top|rd_rst:m_rd_rst
 73. Parameter Settings for User Entity Instance: top:u_ch346_top|send:m_send
 74. Parameter Settings for User Entity Instance: top:u_ch346_top|recv:m_recv
 75. Parameter Settings for User Entity Instance: top:u_ch346_top|loop:m_loop
 76. Parameter Settings for Inferred Entity Instance: sld_signaltap:auto_signaltap_0
 77. altpll Parameter Settings by Entity Instance
 78. dcfifo Parameter Settings by Entity Instance
 79. Port Connectivity Checks: "top:u_ch346_top"
 80. Port Connectivity Checks: "sdram_to8_flow_ctrl:u_sdram_to8_flow_ctrl"
 81. Port Connectivity Checks: "to8:u_to8"
 82. Port Connectivity Checks: "sdram_top:u_sdram_top"
 83. Port Connectivity Checks: "cmos_capture_data:u_cmos_capture_data"
 84. Port Connectivity Checks: "i2c_dri:u_i2c_dr"
 85. Port Connectivity Checks: "picture_size:u_picture_size"
 86. Port Connectivity Checks: "lcd:u_lcd|lcd_driver:u_lcd_driver"
 87. Port Connectivity Checks: "lcd:u_lcd|clk_div:u_clk_div"
 88. Port Connectivity Checks: "lcd:u_lcd"
 89. Port Connectivity Checks: "pll:u_pll"
 90. SignalTap II Logic Analyzer Settings
 91. Elapsed Time Per Partition
 92. Connections to In-System Debugging Instance "auto_signaltap_0"
 93. Analysis & Synthesis Messages
 94. Analysis & Synthesis Suppressed Messages



----------------
; Legal Notice ;
----------------
Copyright (C) 1991-2013 Altera Corporation
Your use of Altera Corporation's design tools, logic functions 
and other software and tools, and its AMPP partner logic 
functions, and any output files from any of the foregoing 
(including device programming or simulation files), and any 
associated documentation or information are expressly subject 
to the terms and conditions of the Altera Program License 
Subscription Agreement, Altera MegaCore Function License 
Agreement, or other applicable license agreement, including, 
without limitation, that your use is for the sole purpose of 
programming logic devices manufactured by Altera and sold by 
Altera or its authorized distributors.  Please refer to the 
applicable agreement for further details.



+---------------------------------------------------------------------------------------+
; Analysis & Synthesis Summary                                                          ;
+------------------------------------+--------------------------------------------------+
; Analysis & Synthesis Status        ; Successful - Fri May 01 22:48:32 2026            ;
; Quartus II 64-Bit Version          ; 13.0.1 Build 232 06/12/2013 SP 1 SJ Full Version ;
; Revision Name                      ; ov5640_lcd                                       ;
; Top-level Entity Name              ; ov5640_lcd                                       ;
; Family                             ; Cyclone IV E                                     ;
; Total logic elements               ; 3,194                                            ;
;     Total combinational functions  ; 2,282                                            ;
;     Dedicated logic registers      ; 1,925                                            ;
; Total registers                    ; 1925                                             ;
; Total pins                         ; 100                                              ;
; Total virtual pins                 ; 0                                                ;
; Total memory bits                  ; 260,096                                          ;
; Embedded Multiplier 9-bit elements ; 0                                                ;
; Total PLLs                         ; 1                                                ;
+------------------------------------+--------------------------------------------------+


+----------------------------------------------------------------------------------------------------------------------+
; Analysis & Synthesis Settings                                                                                        ;
+----------------------------------------------------------------------------+--------------------+--------------------+
; Option                                                                     ; Setting            ; Default Value      ;
+----------------------------------------------------------------------------+--------------------+--------------------+
; Device                                                                     ; EP4CE10F17C8       ;                    ;
; Top-level entity name                                                      ; ov5640_lcd         ; ov5640_lcd         ;
; Family name                                                                ; Cyclone IV E       ; Cyclone IV GX      ;
; Use smart compilation                                                      ; Off                ; Off                ;
; Enable parallel Assembler and TimeQuest Timing Analyzer during compilation ; On                 ; On                 ;
; Enable compact report table                                                ; Off                ; Off                ;
; Restructure Multiplexers                                                   ; Auto               ; Auto               ;
; Create Debugging Nodes for IP Cores                                        ; Off                ; Off                ;
; Preserve fewer node names                                                  ; On                 ; On                 ;
; Disable OpenCore Plus hardware evaluation                                  ; Off                ; Off                ;
; Verilog Version                                                            ; Verilog_2001       ; Verilog_2001       ;
; VHDL Version                                                               ; VHDL_1993          ; VHDL_1993          ;
; State Machine Processing                                                   ; Auto               ; Auto               ;
; Safe State Machine                                                         ; Off                ; Off                ;
; Extract Verilog State Machines                                             ; On                 ; On                 ;
; Extract VHDL State Machines                                                ; On                 ; On                 ;
; Ignore Verilog initial constructs                                          ; Off                ; Off                ;
; Iteration limit for constant Verilog loops                                 ; 5000               ; 5000               ;
; Iteration limit for non-constant Verilog loops                             ; 250                ; 250                ;
; Add Pass-Through Logic to Inferred RAMs                                    ; On                 ; On                 ;
; Infer RAMs from Raw Logic                                                  ; On                 ; On                 ;
; Parallel Synthesis                                                         ; On                 ; On                 ;
; DSP Block Balancing                                                        ; Auto               ; Auto               ;
; NOT Gate Push-Back                                                         ; On                 ; On                 ;
; Power-Up Don't Care                                                        ; On                 ; On                 ;
; Remove Redundant Logic Cells                                               ; Off                ; Off                ;
; Remove Duplicate Registers                                                 ; On                 ; On                 ;
; Ignore CARRY Buffers                                                       ; Off                ; Off                ;
; Ignore CASCADE Buffers                                                     ; Off                ; Off                ;
; Ignore GLOBAL Buffers                                                      ; Off                ; Off                ;
; Ignore ROW GLOBAL Buffers                                                  ; Off                ; Off                ;
; Ignore LCELL Buffers                                                       ; Off                ; Off                ;
; Ignore SOFT Buffers                                                        ; On                 ; On                 ;
; Limit AHDL Integers to 32 Bits                                             ; Off                ; Off                ;
; Optimization Technique                                                     ; Balanced           ; Balanced           ;
; Carry Chain Length                                                         ; 70                 ; 70                 ;
; Auto Carry Chains                                                          ; On                 ; On                 ;
; Auto Open-Drain Pins                                                       ; On                 ; On                 ;
; Perform WYSIWYG Primitive Resynthesis                                      ; Off                ; Off                ;
; Auto ROM Replacement                                                       ; On                 ; On                 ;
; Auto RAM Replacement                                                       ; On                 ; On                 ;
; Auto DSP Block Replacement                                                 ; On                 ; On                 ;
; Auto Shift Register Replacement                                            ; Auto               ; Auto               ;
; Allow Shift Register Merging across Hierarchies                            ; Auto               ; Auto               ;
; Auto Clock Enable Replacement                                              ; On                 ; On                 ;
; Strict RAM Replacement                                                     ; Off                ; Off                ;
; Allow Synchronous Control Signals                                          ; On                 ; On                 ;
; Force Use of Synchronous Clear Signals                                     ; Off                ; Off                ;
; Auto RAM Block Balancing                                                   ; On                 ; On                 ;
; Auto RAM to Logic Cell Conversion                                          ; Off                ; Off                ;
; Auto Resource Sharing                                                      ; Off                ; Off                ;
; Allow Any RAM Size For Recognition                                         ; Off                ; Off                ;
; Allow Any ROM Size For Recognition                                         ; Off                ; Off                ;
; Allow Any Shift Register Size For Recognition                              ; Off                ; Off                ;
; Use LogicLock Constraints during Resource Balancing                        ; On                 ; On                 ;
; Ignore translate_off and synthesis_off directives                          ; Off                ; Off                ;
; Timing-Driven Synthesis                                                    ; On                 ; On                 ;
; Report Parameter Settings                                                  ; On                 ; On                 ;
; Report Source Assignments                                                  ; On                 ; On                 ;
; Report Connectivity Checks                                                 ; On                 ; On                 ;
; Ignore Maximum Fan-Out Assignments                                         ; Off                ; Off                ;
; Synchronization Register Chain Length                                      ; 2                  ; 2                  ;
; PowerPlay Power Optimization                                               ; Normal compilation ; Normal compilation ;
; HDL message level                                                          ; Level2             ; Level2             ;
; Suppress Register Optimization Related Messages                            ; Off                ; Off                ;
; Number of Removed Registers Reported in Synthesis Report                   ; 5000               ; 5000               ;
; Number of Swept Nodes Reported in Synthesis Report                         ; 5000               ; 5000               ;
; Number of Inverted Registers Reported in Synthesis Report                  ; 100                ; 100                ;
; Clock MUX Protection                                                       ; On                 ; On                 ;
; Auto Gated Clock Conversion                                                ; Off                ; Off                ;
; Block Design Naming                                                        ; Auto               ; Auto               ;
; SDC constraint protection                                                  ; Off                ; Off                ;
; Synthesis Effort                                                           ; Auto               ; Auto               ;
; Shift Register Replacement - Allow Asynchronous Clear Signal               ; On                 ; On                 ;
; Pre-Mapping Resynthesis Optimization                                       ; Off                ; Off                ;
; Analysis & Synthesis Message Level                                         ; Medium             ; Medium             ;
; Disable Register Merging Across Hierarchies                                ; Auto               ; Auto               ;
; Resource Aware Inference For Block RAM                                     ; On                 ; On                 ;
; Synthesis Seed                                                             ; 1                  ; 1                  ;
+----------------------------------------------------------------------------+--------------------+--------------------+


+------------------------------------------+
; Parallel Compilation                     ;
+----------------------------+-------------+
; Processors                 ; Number      ;
+----------------------------+-------------+
; Number detected on machine ; 20          ;
; Maximum allowed            ; 14          ;
;                            ;             ;
; Average used               ; 1.00        ;
; Maximum used               ; 6           ;
;                            ;             ;
; Usage by Processor         ; % Time Used ;
;     Processor 1            ; 100.0%      ;
;     Processors 2-6         ; < 0.1%      ;
;     Processors 7-20        ;   0.0%      ;
+----------------------------+-------------+


+----------------------------------------------------------------------------------------------------------------------------------------------------------------------------------+
; Analysis & Synthesis Source Files Read                                                                                                                                           ;
+---------------------------------------+-----------------+------------------------------+-------------------------------------------------------------------------------+---------+
; File Name with User-Entered Path      ; Used in Netlist ; File Type                    ; File Name with Absolute Path                                                  ; Library ;
+---------------------------------------+-----------------+------------------------------+-------------------------------------------------------------------------------+---------+
; ../rtl/sdram_to8_flow_ctrl.v          ; yes             ; User Verilog HDL File        ; C:/Users/28473/Desktop/test8/13_ov5640_lcd/rtl/sdram_to8_flow_ctrl.v          ;         ;
; ../rtl/ch346/top.v                    ; yes             ; User Verilog HDL File        ; C:/Users/28473/Desktop/test8/13_ov5640_lcd/rtl/ch346/top.v                    ;         ;
; ../rtl/ch346/send.v                   ; yes             ; User Verilog HDL File        ; C:/Users/28473/Desktop/test8/13_ov5640_lcd/rtl/ch346/send.v                   ;         ;
; ../rtl/ch346/recv.v                   ; yes             ; User Verilog HDL File        ; C:/Users/28473/Desktop/test8/13_ov5640_lcd/rtl/ch346/recv.v                   ;         ;
; ../rtl/ch346/rdrst.v                  ; yes             ; User Verilog HDL File        ; C:/Users/28473/Desktop/test8/13_ov5640_lcd/rtl/ch346/rdrst.v                  ;         ;
; ../rtl/ch346/loop.v                   ; yes             ; User Verilog HDL File        ; C:/Users/28473/Desktop/test8/13_ov5640_lcd/rtl/ch346/loop.v                   ;         ;
; ../rtl/ov5640_lcd.v                   ; yes             ; User Verilog HDL File        ; C:/Users/28473/Desktop/test8/13_ov5640_lcd/rtl/ov5640_lcd.v                   ;         ;
; ../rtl/sdram/wrfifo.v                 ; yes             ; User Wizard-Generated File   ; C:/Users/28473/Desktop/test8/13_ov5640_lcd/rtl/sdram/wrfifo.v                 ;         ;
; ../rtl/sdram/sdram_top.v              ; yes             ; User Verilog HDL File        ; C:/Users/28473/Desktop/test8/13_ov5640_lcd/rtl/sdram/sdram_top.v              ;         ;
; ../rtl/sdram/sdram_para.v             ; yes             ; User Verilog HDL File        ; C:/Users/28473/Desktop/test8/13_ov5640_lcd/rtl/sdram/sdram_para.v             ;         ;
; ../rtl/sdram/sdram_fifo_ctrl.v        ; yes             ; User Verilog HDL File        ; C:/Users/28473/Desktop/test8/13_ov5640_lcd/rtl/sdram/sdram_fifo_ctrl.v        ;         ;
; ../rtl/sdram/sdram_data.v             ; yes             ; User Verilog HDL File        ; C:/Users/28473/Desktop/test8/13_ov5640_lcd/rtl/sdram/sdram_data.v             ;         ;
; ../rtl/sdram/sdram_ctrl.v             ; yes             ; User Verilog HDL File        ; C:/Users/28473/Desktop/test8/13_ov5640_lcd/rtl/sdram/sdram_ctrl.v             ;         ;
; ../rtl/sdram/sdram_controller.v       ; yes             ; User Verilog HDL File        ; C:/Users/28473/Desktop/test8/13_ov5640_lcd/rtl/sdram/sdram_controller.v       ;         ;
; ../rtl/sdram/sdram_cmd.v              ; yes             ; User Verilog HDL File        ; C:/Users/28473/Desktop/test8/13_ov5640_lcd/rtl/sdram/sdram_cmd.v              ;         ;
; ../rtl/sdram/rdfifo.v                 ; yes             ; User Wizard-Generated File   ; C:/Users/28473/Desktop/test8/13_ov5640_lcd/rtl/sdram/rdfifo.v                 ;         ;
; ../rtl/ov5640/picture_size.v          ; yes             ; User Verilog HDL File        ; C:/Users/28473/Desktop/test8/13_ov5640_lcd/rtl/ov5640/picture_size.v          ;         ;
; ../rtl/ov5640/i2c_ov5640_rgb565_cfg.v ; yes             ; User Verilog HDL File        ; C:/Users/28473/Desktop/test8/13_ov5640_lcd/rtl/ov5640/i2c_ov5640_rgb565_cfg.v ;         ;
; ../rtl/ov5640/i2c_dri.v               ; yes             ; User Verilog HDL File        ; C:/Users/28473/Desktop/test8/13_ov5640_lcd/rtl/ov5640/i2c_dri.v               ;         ;
; ../rtl/ov5640/cmos_capture_data.v     ; yes             ; User Verilog HDL File        ; C:/Users/28473/Desktop/test8/13_ov5640_lcd/rtl/ov5640/cmos_capture_data.v     ;         ;
; ../rtl/lcd/rd_id.v                    ; yes             ; User Verilog HDL File        ; C:/Users/28473/Desktop/test8/13_ov5640_lcd/rtl/lcd/rd_id.v                    ;         ;
; ../rtl/lcd/lcd_driver.v               ; yes             ; User Verilog HDL File        ; C:/Users/28473/Desktop/test8/13_ov5640_lcd/rtl/lcd/lcd_driver.v               ;         ;
; ../rtl/lcd/lcd.v                      ; yes             ; User Verilog HDL File        ; C:/Users/28473/Desktop/test8/13_ov5640_lcd/rtl/lcd/lcd.v                      ;         ;
; ../rtl/lcd/clk_div.v                  ; yes             ; User Verilog HDL File        ; C:/Users/28473/Desktop/test8/13_ov5640_lcd/rtl/lcd/clk_div.v                  ;         ;
; ipcore/pll.v                          ; yes             ; User Wizard-Generated File   ; C:/Users/28473/Desktop/test8/13_ov5640_lcd/par/ipcore/pll.v                   ;         ;
; to8.vhd                               ; yes             ; User Wizard-Generated File   ; C:/Users/28473/Desktop/test8/13_ov5640_lcd/par/to8.vhd                        ;         ;
; altpll.tdf                            ; yes             ; Megafunction                 ; e:/fpga/quartus/libraries/megafunctions/altpll.tdf                            ;         ;
; aglobal130.inc                        ; yes             ; Megafunction                 ; e:/fpga/quartus/libraries/megafunctions/aglobal130.inc                        ;         ;
; stratix_pll.inc                       ; yes             ; Megafunction                 ; e:/fpga/quartus/libraries/megafunctions/stratix_pll.inc                       ;         ;
; stratixii_pll.inc                     ; yes             ; Megafunction                 ; e:/fpga/quartus/libraries/megafunctions/stratixii_pll.inc                     ;         ;
; cycloneii_pll.inc                     ; yes             ; Megafunction                 ; e:/fpga/quartus/libraries/megafunctions/cycloneii_pll.inc                     ;         ;
; db/pll_altpll.v                       ; yes             ; Auto-Generated Megafunction  ; C:/Users/28473/Desktop/test8/13_ov5640_lcd/par/db/pll_altpll.v                ;         ;
; dcfifo.tdf                            ; yes             ; Megafunction                 ; e:/fpga/quartus/libraries/megafunctions/dcfifo.tdf                            ;         ;
; lpm_counter.inc                       ; yes             ; Megafunction                 ; e:/fpga/quartus/libraries/megafunctions/lpm_counter.inc                       ;         ;
; lpm_add_sub.inc                       ; yes             ; Megafunction                 ; e:/fpga/quartus/libraries/megafunctions/lpm_add_sub.inc                       ;         ;
; altdpram.inc                          ; yes             ; Megafunction                 ; e:/fpga/quartus/libraries/megafunctions/altdpram.inc                          ;         ;
; a_graycounter.inc                     ; yes             ; Megafunction                 ; e:/fpga/quartus/libraries/megafunctions/a_graycounter.inc                     ;         ;
; a_fefifo.inc                          ; yes             ; Megafunction                 ; e:/fpga/quartus/libraries/megafunctions/a_fefifo.inc                          ;         ;
; a_gray2bin.inc                        ; yes             ; Megafunction                 ; e:/fpga/quartus/libraries/megafunctions/a_gray2bin.inc                        ;         ;
; dffpipe.inc                           ; yes             ; Megafunction                 ; e:/fpga/quartus/libraries/megafunctions/dffpipe.inc                           ;         ;
; alt_sync_fifo.inc                     ; yes             ; Megafunction                 ; e:/fpga/quartus/libraries/megafunctions/alt_sync_fifo.inc                     ;         ;
; lpm_compare.inc                       ; yes             ; Megafunction                 ; e:/fpga/quartus/libraries/megafunctions/lpm_compare.inc                       ;         ;
; altsyncram_fifo.inc                   ; yes             ; Megafunction                 ; e:/fpga/quartus/libraries/megafunctions/altsyncram_fifo.inc                   ;         ;
; db/dcfifo_nnl1.tdf                    ; yes             ; Auto-Generated Megafunction  ; C:/Users/28473/Desktop/test8/13_ov5640_lcd/par/db/dcfifo_nnl1.tdf             ;         ;
; db/a_gray2bin_7ib.tdf                 ; yes             ; Auto-Generated Megafunction  ; C:/Users/28473/Desktop/test8/13_ov5640_lcd/par/db/a_gray2bin_7ib.tdf          ;         ;
; db/a_graycounter_677.tdf              ; yes             ; Auto-Generated Megafunction  ; C:/Users/28473/Desktop/test8/13_ov5640_lcd/par/db/a_graycounter_677.tdf       ;         ;
; db/a_graycounter_2lc.tdf              ; yes             ; Auto-Generated Megafunction  ; C:/Users/28473/Desktop/test8/13_ov5640_lcd/par/db/a_graycounter_2lc.tdf       ;         ;
; db/altsyncram_em31.tdf                ; yes             ; Auto-Generated Megafunction  ; C:/Users/28473/Desktop/test8/13_ov5640_lcd/par/db/altsyncram_em31.tdf         ;         ;
; db/dffpipe_pe9.tdf                    ; yes             ; Auto-Generated Megafunction  ; C:/Users/28473/Desktop/test8/13_ov5640_lcd/par/db/dffpipe_pe9.tdf             ;         ;
; db/alt_synch_pipe_vd8.tdf             ; yes             ; Auto-Generated Megafunction  ; C:/Users/28473/Desktop/test8/13_ov5640_lcd/par/db/alt_synch_pipe_vd8.tdf      ;         ;
; db/dffpipe_qe9.tdf                    ; yes             ; Auto-Generated Megafunction  ; C:/Users/28473/Desktop/test8/13_ov5640_lcd/par/db/dffpipe_qe9.tdf             ;         ;
; db/cmpr_c66.tdf                       ; yes             ; Auto-Generated Megafunction  ; C:/Users/28473/Desktop/test8/13_ov5640_lcd/par/db/cmpr_c66.tdf                ;         ;
; db/cmpr_b66.tdf                       ; yes             ; Auto-Generated Megafunction  ; C:/Users/28473/Desktop/test8/13_ov5640_lcd/par/db/cmpr_b66.tdf                ;         ;
; db/mux_j28.tdf                        ; yes             ; Auto-Generated Megafunction  ; C:/Users/28473/Desktop/test8/13_ov5640_lcd/par/db/mux_j28.tdf                 ;         ;
; db/dcfifo_aol1.tdf                    ; yes             ; Auto-Generated Megafunction  ; C:/Users/28473/Desktop/test8/13_ov5640_lcd/par/db/dcfifo_aol1.tdf             ;         ;
; db/alt_synch_pipe_e98.tdf             ; yes             ; Auto-Generated Megafunction  ; C:/Users/28473/Desktop/test8/13_ov5640_lcd/par/db/alt_synch_pipe_e98.tdf      ;         ;
; db/alt_synch_pipe_0e8.tdf             ; yes             ; Auto-Generated Megafunction  ; C:/Users/28473/Desktop/test8/13_ov5640_lcd/par/db/alt_synch_pipe_0e8.tdf      ;         ;
; db/dffpipe_re9.tdf                    ; yes             ; Auto-Generated Megafunction  ; C:/Users/28473/Desktop/test8/13_ov5640_lcd/par/db/dffpipe_re9.tdf             ;         ;
; dcfifo_mixed_widths.tdf               ; yes             ; Megafunction                 ; e:/fpga/quartus/libraries/megafunctions/dcfifo_mixed_widths.tdf               ;         ;
; db/dcfifo_0bh1.tdf                    ; yes             ; Auto-Generated Megafunction  ; C:/Users/28473/Desktop/test8/13_ov5640_lcd/par/db/dcfifo_0bh1.tdf             ;         ;
; db/a_gray2bin_aib.tdf                 ; yes             ; Auto-Generated Megafunction  ; C:/Users/28473/Desktop/test8/13_ov5640_lcd/par/db/a_gray2bin_aib.tdf          ;         ;
; db/a_graycounter_6p6.tdf              ; yes             ; Auto-Generated Megafunction  ; C:/Users/28473/Desktop/test8/13_ov5640_lcd/par/db/a_graycounter_6p6.tdf       ;         ;
; db/a_graycounter_37c.tdf              ; yes             ; Auto-Generated Megafunction  ; C:/Users/28473/Desktop/test8/13_ov5640_lcd/par/db/a_graycounter_37c.tdf       ;         ;
; db/altsyncram_i111.tdf                ; yes             ; Auto-Generated Megafunction  ; C:/Users/28473/Desktop/test8/13_ov5640_lcd/par/db/altsyncram_i111.tdf         ;         ;
; db/decode_a87.tdf                     ; yes             ; Auto-Generated Megafunction  ; C:/Users/28473/Desktop/test8/13_ov5640_lcd/par/db/decode_a87.tdf              ;         ;
; db/mux_q28.tdf                        ; yes             ; Auto-Generated Megafunction  ; C:/Users/28473/Desktop/test8/13_ov5640_lcd/par/db/mux_q28.tdf                 ;         ;
; db/dffpipe_j09.tdf                    ; yes             ; Auto-Generated Megafunction  ; C:/Users/28473/Desktop/test8/13_ov5640_lcd/par/db/dffpipe_j09.tdf             ;         ;
; db/dffpipe_k09.tdf                    ; yes             ; Auto-Generated Megafunction  ; C:/Users/28473/Desktop/test8/13_ov5640_lcd/par/db/dffpipe_k09.tdf             ;         ;
; db/alt_synch_pipe_k7d.tdf             ; yes             ; Auto-Generated Megafunction  ; C:/Users/28473/Desktop/test8/13_ov5640_lcd/par/db/alt_synch_pipe_k7d.tdf      ;         ;
; db/dffpipe_l09.tdf                    ; yes             ; Auto-Generated Megafunction  ; C:/Users/28473/Desktop/test8/13_ov5640_lcd/par/db/dffpipe_l09.tdf             ;         ;
; db/alt_synch_pipe_l7d.tdf             ; yes             ; Auto-Generated Megafunction  ; C:/Users/28473/Desktop/test8/13_ov5640_lcd/par/db/alt_synch_pipe_l7d.tdf      ;         ;
; db/dffpipe_m09.tdf                    ; yes             ; Auto-Generated Megafunction  ; C:/Users/28473/Desktop/test8/13_ov5640_lcd/par/db/dffpipe_m09.tdf             ;         ;
; db/cmpr_r76.tdf                       ; yes             ; Auto-Generated Megafunction  ; C:/Users/28473/Desktop/test8/13_ov5640_lcd/par/db/cmpr_r76.tdf                ;         ;
; db/cntr_old.tdf                       ; yes             ; Auto-Generated Megafunction  ; C:/Users/28473/Desktop/test8/13_ov5640_lcd/par/db/cntr_old.tdf                ;         ;
; sld_signaltap.vhd                     ; yes             ; Megafunction                 ; e:/fpga/quartus/libraries/megafunctions/sld_signaltap.vhd                     ;         ;
; sld_signaltap_impl.vhd                ; yes             ; Encrypted Megafunction       ; e:/fpga/quartus/libraries/megafunctions/sld_signaltap_impl.vhd                ;         ;
; sld_ela_control.vhd                   ; yes             ; Encrypted Megafunction       ; e:/fpga/quartus/libraries/megafunctions/sld_ela_control.vhd                   ;         ;
; lpm_shiftreg.tdf                      ; yes             ; Megafunction                 ; e:/fpga/quartus/libraries/megafunctions/lpm_shiftreg.tdf                      ;         ;
; lpm_constant.inc                      ; yes             ; Megafunction                 ; e:/fpga/quartus/libraries/megafunctions/lpm_constant.inc                      ;         ;
; dffeea.inc                            ; yes             ; Megafunction                 ; e:/fpga/quartus/libraries/megafunctions/dffeea.inc                            ;         ;
; sld_mbpmg.vhd                         ; yes             ; Encrypted Megafunction       ; e:/fpga/quartus/libraries/megafunctions/sld_mbpmg.vhd                         ;         ;
; sld_ela_trigger_flow_mgr.vhd          ; yes             ; Encrypted Megafunction       ; e:/fpga/quartus/libraries/megafunctions/sld_ela_trigger_flow_mgr.vhd          ;         ;
; sld_buffer_manager.vhd                ; yes             ; Encrypted Megafunction       ; e:/fpga/quartus/libraries/megafunctions/sld_buffer_manager.vhd                ;         ;
; altsyncram.tdf                        ; yes             ; Megafunction                 ; e:/fpga/quartus/libraries/megafunctions/altsyncram.tdf                        ;         ;
; stratix_ram_block.inc                 ; yes             ; Megafunction                 ; e:/fpga/quartus/libraries/megafunctions/stratix_ram_block.inc                 ;         ;
; lpm_mux.inc                           ; yes             ; Megafunction                 ; e:/fpga/quartus/libraries/megafunctions/lpm_mux.inc                           ;         ;
; lpm_decode.inc                        ; yes             ; Megafunction                 ; e:/fpga/quartus/libraries/megafunctions/lpm_decode.inc                        ;         ;
; a_rdenreg.inc                         ; yes             ; Megafunction                 ; e:/fpga/quartus/libraries/megafunctions/a_rdenreg.inc                         ;         ;
; altrom.inc                            ; yes             ; Megafunction                 ; e:/fpga/quartus/libraries/megafunctions/altrom.inc                            ;         ;
; altram.inc                            ; yes             ; Megafunction                 ; e:/fpga/quartus/libraries/megafunctions/altram.inc                            ;         ;
; db/altsyncram_d124.tdf                ; yes             ; Auto-Generated Megafunction  ; C:/Users/28473/Desktop/test8/13_ov5640_lcd/par/db/altsyncram_d124.tdf         ;         ;
; altdpram.tdf                          ; yes             ; Megafunction                 ; e:/fpga/quartus/libraries/megafunctions/altdpram.tdf                          ;         ;
; memmodes.inc                          ; yes             ; Megafunction                 ; e:/fpga/quartus/libraries/others/maxplus2/memmodes.inc                        ;         ;
; a_hdffe.inc                           ; yes             ; Megafunction                 ; e:/fpga/quartus/libraries/megafunctions/a_hdffe.inc                           ;         ;
; alt_le_rden_reg.inc                   ; yes             ; Megafunction                 ; e:/fpga/quartus/libraries/megafunctions/alt_le_rden_reg.inc                   ;         ;
; altsyncram.inc                        ; yes             ; Megafunction                 ; e:/fpga/quartus/libraries/megafunctions/altsyncram.inc                        ;         ;
; lpm_mux.tdf                           ; yes             ; Megafunction                 ; e:/fpga/quartus/libraries/megafunctions/lpm_mux.tdf                           ;         ;
; muxlut.inc                            ; yes             ; Megafunction                 ; e:/fpga/quartus/libraries/megafunctions/muxlut.inc                            ;         ;
; bypassff.inc                          ; yes             ; Megafunction                 ; e:/fpga/quartus/libraries/megafunctions/bypassff.inc                          ;         ;
; altshift.inc                          ; yes             ; Megafunction                 ; e:/fpga/quartus/libraries/megafunctions/altshift.inc                          ;         ;
; db/mux_rsc.tdf                        ; yes             ; Auto-Generated Megafunction  ; C:/Users/28473/Desktop/test8/13_ov5640_lcd/par/db/mux_rsc.tdf                 ;         ;
; lpm_decode.tdf                        ; yes             ; Megafunction                 ; e:/fpga/quartus/libraries/megafunctions/lpm_decode.tdf                        ;         ;
; declut.inc                            ; yes             ; Megafunction                 ; e:/fpga/quartus/libraries/megafunctions/declut.inc                            ;         ;
; db/decode_dvf.tdf                     ; yes             ; Auto-Generated Megafunction  ; C:/Users/28473/Desktop/test8/13_ov5640_lcd/par/db/decode_dvf.tdf              ;         ;
; lpm_counter.tdf                       ; yes             ; Megafunction                 ; e:/fpga/quartus/libraries/megafunctions/lpm_counter.tdf                       ;         ;
; cmpconst.inc                          ; yes             ; Megafunction                 ; e:/fpga/quartus/libraries/megafunctions/cmpconst.inc                          ;         ;
; alt_counter_stratix.inc               ; yes             ; Megafunction                 ; e:/fpga/quartus/libraries/megafunctions/alt_counter_stratix.inc               ;         ;
; db/cntr_pgi.tdf                       ; yes             ; Auto-Generated Megafunction  ; C:/Users/28473/Desktop/test8/13_ov5640_lcd/par/db/cntr_pgi.tdf                ;         ;
; db/cmpr_sgc.tdf                       ; yes             ; Auto-Generated Megafunction  ; C:/Users/28473/Desktop/test8/13_ov5640_lcd/par/db/cmpr_sgc.tdf                ;         ;
; db/cntr_g9j.tdf                       ; yes             ; Auto-Generated Megafunction  ; C:/Users/28473/Desktop/test8/13_ov5640_lcd/par/db/cntr_g9j.tdf                ;         ;
; db/cntr_fgi.tdf                       ; yes             ; Auto-Generated Megafunction  ; C:/Users/28473/Desktop/test8/13_ov5640_lcd/par/db/cntr_fgi.tdf                ;         ;
; db/cmpr_rgc.tdf                       ; yes             ; Auto-Generated Megafunction  ; C:/Users/28473/Desktop/test8/13_ov5640_lcd/par/db/cmpr_rgc.tdf                ;         ;
; db/cntr_23j.tdf                       ; yes             ; Auto-Generated Megafunction  ; C:/Users/28473/Desktop/test8/13_ov5640_lcd/par/db/cntr_23j.tdf                ;         ;
; db/cmpr_ngc.tdf                       ; yes             ; Auto-Generated Megafunction  ; C:/Users/28473/Desktop/test8/13_ov5640_lcd/par/db/cmpr_ngc.tdf                ;         ;
; sld_rom_sr.vhd                        ; yes             ; Encrypted Megafunction       ; e:/fpga/quartus/libraries/megafunctions/sld_rom_sr.vhd                        ;         ;
; sld_hub.vhd                           ; yes             ; Encrypted Megafunction       ; e:/fpga/quartus/libraries/megafunctions/sld_hub.vhd                           ;         ;
; sld_jtag_hub.vhd                      ; yes             ; Encrypted Megafunction       ; e:/fpga/quartus/libraries/megafunctions/sld_jtag_hub.vhd                      ;         ;
+---------------------------------------+-----------------+------------------------------+-------------------------------------------------------------------------------+---------+


+----------------------------------------------------------------------------------------------------------------------------+
; Analysis & Synthesis Resource Usage Summary                                                                                ;
+---------------------------------------------+------------------------------------------------------------------------------+
; Resource                                    ; Usage                                                                        ;
+---------------------------------------------+------------------------------------------------------------------------------+
; Estimated Total logic elements              ; 3,194                                                                        ;
;                                             ;                                                                              ;
; Total combinational functions               ; 2282                                                                         ;
; Logic element usage by number of LUT inputs ;                                                                              ;
;     -- 4 input functions                    ; 1257                                                                         ;
;     -- 3 input functions                    ; 439                                                                          ;
;     -- <=2 input functions                  ; 586                                                                          ;
;                                             ;                                                                              ;
; Logic elements by mode                      ;                                                                              ;
;     -- normal mode                          ; 1958                                                                         ;
;     -- arithmetic mode                      ; 324                                                                          ;
;                                             ;                                                                              ;
; Total registers                             ; 1925                                                                         ;
;     -- Dedicated logic registers            ; 1925                                                                         ;
;     -- I/O registers                        ; 0                                                                            ;
;                                             ;                                                                              ;
; I/O pins                                    ; 100                                                                          ;
; Total memory bits                           ; 260096                                                                       ;
; Embedded Multiplier 9-bit elements          ; 0                                                                            ;
; Total PLLs                                  ; 1                                                                            ;
;     -- PLLs                                 ; 1                                                                            ;
;                                             ;                                                                              ;
; Maximum fan-out node                        ; pll:u_pll|altpll:altpll_component|pll_altpll:auto_generated|wire_pll1_clk[0] ;
; Maximum fan-out                             ; 1270                                                                         ;
; Total fan-out                               ; 16303                                                                        ;
; Average fan-out                             ; 3.57                                                                         ;
+---------------------------------------------+------------------------------------------------------------------------------+


+---------------------------------------------------------------------------------------------------------------------------------------------------------------------------------------------------------------------------------------------------------------------------------------------------------------------------------------------------------------------------------------------------------------------------------------------------------------------------------------------------------------------------------------------------------------------------------------+
; Analysis & Synthesis Resource Utilization by Entity                                                                                                                                                                                                                                                                                                                                                                                                                                                                                                                                   ;
+---------------------------------------------------------------------------------------------------------+-------------------+--------------+-------------+--------------+---------+-----------+------+--------------+--------------------------------------------------------------------------------------------------------------------------------------------------------------------------------------------------------------------------------------------------------------------------------------------------------------------------------------------------+--------------+
; Compilation Hierarchy Node                                                                              ; LC Combinationals ; LC Registers ; Memory Bits ; DSP Elements ; DSP 9x9 ; DSP 18x18 ; Pins ; Virtual Pins ; Full Hierarchy Name                                                                                                                                                                                                                                                                                                                              ; Library Name ;
+---------------------------------------------------------------------------------------------------------+-------------------+--------------+-------------+--------------+---------+-----------+------+--------------+--------------------------------------------------------------------------------------------------------------------------------------------------------------------------------------------------------------------------------------------------------------------------------------------------------------------------------------------------+--------------+
; |ov5640_lcd                                                                                             ; 2282 (5)          ; 1925 (0)     ; 260096      ; 0            ; 0       ; 0         ; 100  ; 0            ; |ov5640_lcd                                                                                                                                                                                                                                                                                                                                      ; work         ;
;    |cmos_capture_data:u_cmos_capture_data|                                                              ; 46 (46)           ; 37 (37)      ; 0           ; 0            ; 0       ; 0         ; 0    ; 0            ; |ov5640_lcd|cmos_capture_data:u_cmos_capture_data                                                                                                                                                                                                                                                                                                ; work         ;
;    |i2c_dri:u_i2c_dr|                                                                                   ; 107 (107)         ; 54 (54)      ; 0           ; 0            ; 0       ; 0         ; 0    ; 0            ; |ov5640_lcd|i2c_dri:u_i2c_dr                                                                                                                                                                                                                                                                                                                     ; work         ;
;    |i2c_ov5640_rgb565_cfg:u_i2c_cfg|                                                                    ; 411 (411)         ; 46 (46)      ; 0           ; 0            ; 0       ; 0         ; 0    ; 0            ; |ov5640_lcd|i2c_ov5640_rgb565_cfg:u_i2c_cfg                                                                                                                                                                                                                                                                                                      ; work         ;
;    |lcd:u_lcd|                                                                                          ; 49 (0)            ; 25 (0)       ; 0           ; 0            ; 0       ; 0         ; 0    ; 0            ; |ov5640_lcd|lcd:u_lcd                                                                                                                                                                                                                                                                                                                            ; work         ;
;       |clk_div:u_clk_div|                                                                               ; 4 (4)             ; 3 (3)        ; 0           ; 0            ; 0       ; 0         ; 0    ; 0            ; |ov5640_lcd|lcd:u_lcd|clk_div:u_clk_div                                                                                                                                                                                                                                                                                                          ; work         ;
;       |lcd_driver:u_lcd_driver|                                                                         ; 45 (45)           ; 22 (22)      ; 0           ; 0            ; 0       ; 0         ; 0    ; 0            ; |ov5640_lcd|lcd:u_lcd|lcd_driver:u_lcd_driver                                                                                                                                                                                                                                                                                                    ; work         ;
;    |pll:u_pll|                                                                                          ; 0 (0)             ; 1 (0)        ; 0           ; 0            ; 0       ; 0         ; 0    ; 0            ; |ov5640_lcd|pll:u_pll                                                                                                                                                                                                                                                                                                                            ; work         ;
;       |altpll:altpll_component|                                                                         ; 0 (0)             ; 1 (0)        ; 0           ; 0            ; 0       ; 0         ; 0    ; 0            ; |ov5640_lcd|pll:u_pll|altpll:altpll_component                                                                                                                                                                                                                                                                                                    ; work         ;
;          |pll_altpll:auto_generated|                                                                    ; 0 (0)             ; 1 (1)        ; 0           ; 0            ; 0       ; 0         ; 0    ; 0            ; |ov5640_lcd|pll:u_pll|altpll:altpll_component|pll_altpll:auto_generated                                                                                                                                                                                                                                                                          ; work         ;
;    |sdram_to8_flow_ctrl:u_sdram_to8_flow_ctrl|                                                          ; 17 (17)           ; 18 (18)      ; 0           ; 0            ; 0       ; 0         ; 0    ; 0            ; |ov5640_lcd|sdram_to8_flow_ctrl:u_sdram_to8_flow_ctrl                                                                                                                                                                                                                                                                                            ; work         ;
;    |sdram_top:u_sdram_top|                                                                              ; 491 (0)           ; 341 (0)      ; 32768       ; 0            ; 0       ; 0         ; 0    ; 0            ; |ov5640_lcd|sdram_top:u_sdram_top                                                                                                                                                                                                                                                                                                                ; work         ;
;       |sdram_controller:u_sdram_controller|                                                             ; 173 (0)           ; 102 (0)      ; 0           ; 0            ; 0       ; 0         ; 0    ; 0            ; |ov5640_lcd|sdram_top:u_sdram_top|sdram_controller:u_sdram_controller                                                                                                                                                                                                                                                                            ; work         ;
;          |sdram_cmd:u_sdram_cmd|                                                                        ; 69 (69)           ; 20 (20)      ; 0           ; 0            ; 0       ; 0         ; 0    ; 0            ; |ov5640_lcd|sdram_top:u_sdram_top|sdram_controller:u_sdram_controller|sdram_cmd:u_sdram_cmd                                                                                                                                                                                                                                                      ; work         ;
;          |sdram_ctrl:u_sdram_ctrl|                                                                      ; 101 (101)         ; 49 (49)      ; 0           ; 0            ; 0       ; 0         ; 0    ; 0            ; |ov5640_lcd|sdram_top:u_sdram_top|sdram_controller:u_sdram_controller|sdram_ctrl:u_sdram_ctrl                                                                                                                                                                                                                                                    ; work         ;
;          |sdram_data:u_sdram_data|                                                                      ; 3 (3)             ; 33 (33)      ; 0           ; 0            ; 0       ; 0         ; 0    ; 0            ; |ov5640_lcd|sdram_top:u_sdram_top|sdram_controller:u_sdram_controller|sdram_data:u_sdram_data                                                                                                                                                                                                                                                    ; work         ;
;       |sdram_fifo_ctrl:u_sdram_fifo_ctrl|                                                               ; 318 (89)          ; 239 (43)     ; 32768       ; 0            ; 0       ; 0         ; 0    ; 0            ; |ov5640_lcd|sdram_top:u_sdram_top|sdram_fifo_ctrl:u_sdram_fifo_ctrl                                                                                                                                                                                                                                                                              ; work         ;
;          |rdfifo:u_rdfifo|                                                                              ; 112 (0)           ; 98 (0)       ; 16384       ; 0            ; 0       ; 0         ; 0    ; 0            ; |ov5640_lcd|sdram_top:u_sdram_top|sdram_fifo_ctrl:u_sdram_fifo_ctrl|rdfifo:u_rdfifo                                                                                                                                                                                                                                                              ; work         ;
;             |dcfifo:dcfifo_component|                                                                   ; 112 (0)           ; 98 (0)       ; 16384       ; 0            ; 0       ; 0         ; 0    ; 0            ; |ov5640_lcd|sdram_top:u_sdram_top|sdram_fifo_ctrl:u_sdram_fifo_ctrl|rdfifo:u_rdfifo|dcfifo:dcfifo_component                                                                                                                                                                                                                                      ; work         ;
;                |dcfifo_aol1:auto_generated|                                                             ; 112 (16)          ; 98 (37)      ; 16384       ; 0            ; 0       ; 0         ; 0    ; 0            ; |ov5640_lcd|sdram_top:u_sdram_top|sdram_fifo_ctrl:u_sdram_fifo_ctrl|rdfifo:u_rdfifo|dcfifo:dcfifo_component|dcfifo_aol1:auto_generated                                                                                                                                                                                                           ; work         ;
;                   |a_gray2bin_7ib:wrptr_g_gray2bin|                                                     ; 10 (10)           ; 0 (0)        ; 0           ; 0            ; 0       ; 0         ; 0    ; 0            ; |ov5640_lcd|sdram_top:u_sdram_top|sdram_fifo_ctrl:u_sdram_fifo_ctrl|rdfifo:u_rdfifo|dcfifo:dcfifo_component|dcfifo_aol1:auto_generated|a_gray2bin_7ib:wrptr_g_gray2bin                                                                                                                                                                           ; work         ;
;                   |a_gray2bin_7ib:ws_dgrp_gray2bin|                                                     ; 10 (10)           ; 0 (0)        ; 0           ; 0            ; 0       ; 0         ; 0    ; 0            ; |ov5640_lcd|sdram_top:u_sdram_top|sdram_fifo_ctrl:u_sdram_fifo_ctrl|rdfifo:u_rdfifo|dcfifo:dcfifo_component|dcfifo_aol1:auto_generated|a_gray2bin_7ib:ws_dgrp_gray2bin                                                                                                                                                                           ; work         ;
;                   |a_graycounter_2lc:wrptr_g1p|                                                         ; 21 (21)           ; 15 (15)      ; 0           ; 0            ; 0       ; 0         ; 0    ; 0            ; |ov5640_lcd|sdram_top:u_sdram_top|sdram_fifo_ctrl:u_sdram_fifo_ctrl|rdfifo:u_rdfifo|dcfifo:dcfifo_component|dcfifo_aol1:auto_generated|a_graycounter_2lc:wrptr_g1p                                                                                                                                                                               ; work         ;
;                   |a_graycounter_677:rdptr_g1p|                                                         ; 23 (23)           ; 15 (15)      ; 0           ; 0            ; 0       ; 0         ; 0    ; 0            ; |ov5640_lcd|sdram_top:u_sdram_top|sdram_fifo_ctrl:u_sdram_fifo_ctrl|rdfifo:u_rdfifo|dcfifo:dcfifo_component|dcfifo_aol1:auto_generated|a_graycounter_677:rdptr_g1p                                                                                                                                                                               ; work         ;
;                   |alt_synch_pipe_0e8:ws_dgrp|                                                          ; 0 (0)             ; 11 (0)       ; 0           ; 0            ; 0       ; 0         ; 0    ; 0            ; |ov5640_lcd|sdram_top:u_sdram_top|sdram_fifo_ctrl:u_sdram_fifo_ctrl|rdfifo:u_rdfifo|dcfifo:dcfifo_component|dcfifo_aol1:auto_generated|alt_synch_pipe_0e8:ws_dgrp                                                                                                                                                                                ; work         ;
;                      |dffpipe_re9:dffpipe4|                                                             ; 0 (0)             ; 11 (11)      ; 0           ; 0            ; 0       ; 0         ; 0    ; 0            ; |ov5640_lcd|sdram_top:u_sdram_top|sdram_fifo_ctrl:u_sdram_fifo_ctrl|rdfifo:u_rdfifo|dcfifo:dcfifo_component|dcfifo_aol1:auto_generated|alt_synch_pipe_0e8:ws_dgrp|dffpipe_re9:dffpipe4                                                                                                                                                           ; work         ;
;                   |altsyncram_em31:fifo_ram|                                                            ; 0 (0)             ; 0 (0)        ; 16384       ; 0            ; 0       ; 0         ; 0    ; 0            ; |ov5640_lcd|sdram_top:u_sdram_top|sdram_fifo_ctrl:u_sdram_fifo_ctrl|rdfifo:u_rdfifo|dcfifo:dcfifo_component|dcfifo_aol1:auto_generated|altsyncram_em31:fifo_ram                                                                                                                                                                                  ; work         ;
;                   |cmpr_c66:rdempty_eq_comp_lsb|                                                        ; 1 (1)             ; 0 (0)        ; 0           ; 0            ; 0       ; 0         ; 0    ; 0            ; |ov5640_lcd|sdram_top:u_sdram_top|sdram_fifo_ctrl:u_sdram_fifo_ctrl|rdfifo:u_rdfifo|dcfifo:dcfifo_component|dcfifo_aol1:auto_generated|cmpr_c66:rdempty_eq_comp_lsb                                                                                                                                                                              ; work         ;
;                   |dffpipe_pe9:ws_brp|                                                                  ; 0 (0)             ; 10 (10)      ; 0           ; 0            ; 0       ; 0         ; 0    ; 0            ; |ov5640_lcd|sdram_top:u_sdram_top|sdram_fifo_ctrl:u_sdram_fifo_ctrl|rdfifo:u_rdfifo|dcfifo:dcfifo_component|dcfifo_aol1:auto_generated|dffpipe_pe9:ws_brp                                                                                                                                                                                        ; work         ;
;                   |dffpipe_pe9:ws_bwp|                                                                  ; 0 (0)             ; 10 (10)      ; 0           ; 0            ; 0       ; 0         ; 0    ; 0            ; |ov5640_lcd|sdram_top:u_sdram_top|sdram_fifo_ctrl:u_sdram_fifo_ctrl|rdfifo:u_rdfifo|dcfifo:dcfifo_component|dcfifo_aol1:auto_generated|dffpipe_pe9:ws_bwp                                                                                                                                                                                        ; work         ;
;                   |mux_j28:rdemp_eq_comp_lsb_mux|                                                       ; 8 (8)             ; 0 (0)        ; 0           ; 0            ; 0       ; 0         ; 0    ; 0            ; |ov5640_lcd|sdram_top:u_sdram_top|sdram_fifo_ctrl:u_sdram_fifo_ctrl|rdfifo:u_rdfifo|dcfifo:dcfifo_component|dcfifo_aol1:auto_generated|mux_j28:rdemp_eq_comp_lsb_mux                                                                                                                                                                             ; work         ;
;                   |mux_j28:rdemp_eq_comp_msb_mux|                                                       ; 7 (7)             ; 0 (0)        ; 0           ; 0            ; 0       ; 0         ; 0    ; 0            ; |ov5640_lcd|sdram_top:u_sdram_top|sdram_fifo_ctrl:u_sdram_fifo_ctrl|rdfifo:u_rdfifo|dcfifo:dcfifo_component|dcfifo_aol1:auto_generated|mux_j28:rdemp_eq_comp_msb_mux                                                                                                                                                                             ; work         ;
;                   |mux_j28:wrfull_eq_comp_lsb_mux|                                                      ; 9 (9)             ; 0 (0)        ; 0           ; 0            ; 0       ; 0         ; 0    ; 0            ; |ov5640_lcd|sdram_top:u_sdram_top|sdram_fifo_ctrl:u_sdram_fifo_ctrl|rdfifo:u_rdfifo|dcfifo:dcfifo_component|dcfifo_aol1:auto_generated|mux_j28:wrfull_eq_comp_lsb_mux                                                                                                                                                                            ; work         ;
;                   |mux_j28:wrfull_eq_comp_msb_mux|                                                      ; 7 (7)             ; 0 (0)        ; 0           ; 0            ; 0       ; 0         ; 0    ; 0            ; |ov5640_lcd|sdram_top:u_sdram_top|sdram_fifo_ctrl:u_sdram_fifo_ctrl|rdfifo:u_rdfifo|dcfifo:dcfifo_component|dcfifo_aol1:auto_generated|mux_j28:wrfull_eq_comp_msb_mux                                                                                                                                                                            ; work         ;
;          |wrfifo:u_wrfifo|                                                                              ; 117 (0)           ; 98 (0)       ; 16384       ; 0            ; 0       ; 0         ; 0    ; 0            ; |ov5640_lcd|sdram_top:u_sdram_top|sdram_fifo_ctrl:u_sdram_fifo_ctrl|wrfifo:u_wrfifo                                                                                                                                                                                                                                                              ; work         ;
;             |dcfifo:dcfifo_component|                                                                   ; 117 (0)           ; 98 (0)       ; 16384       ; 0            ; 0       ; 0         ; 0    ; 0            ; |ov5640_lcd|sdram_top:u_sdram_top|sdram_fifo_ctrl:u_sdram_fifo_ctrl|wrfifo:u_wrfifo|dcfifo:dcfifo_component                                                                                                                                                                                                                                      ; work         ;
;                |dcfifo_nnl1:auto_generated|                                                             ; 117 (18)          ; 98 (37)      ; 16384       ; 0            ; 0       ; 0         ; 0    ; 0            ; |ov5640_lcd|sdram_top:u_sdram_top|sdram_fifo_ctrl:u_sdram_fifo_ctrl|wrfifo:u_wrfifo|dcfifo:dcfifo_component|dcfifo_nnl1:auto_generated                                                                                                                                                                                                           ; work         ;
;                   |a_gray2bin_7ib:rdptr_g_gray2bin|                                                     ; 10 (10)           ; 0 (0)        ; 0           ; 0            ; 0       ; 0         ; 0    ; 0            ; |ov5640_lcd|sdram_top:u_sdram_top|sdram_fifo_ctrl:u_sdram_fifo_ctrl|wrfifo:u_wrfifo|dcfifo:dcfifo_component|dcfifo_nnl1:auto_generated|a_gray2bin_7ib:rdptr_g_gray2bin                                                                                                                                                                           ; work         ;
;                   |a_gray2bin_7ib:rs_dgwp_gray2bin|                                                     ; 10 (10)           ; 0 (0)        ; 0           ; 0            ; 0       ; 0         ; 0    ; 0            ; |ov5640_lcd|sdram_top:u_sdram_top|sdram_fifo_ctrl:u_sdram_fifo_ctrl|wrfifo:u_wrfifo|dcfifo:dcfifo_component|dcfifo_nnl1:auto_generated|a_gray2bin_7ib:rs_dgwp_gray2bin                                                                                                                                                                           ; work         ;
;                   |a_graycounter_2lc:wrptr_g1p|                                                         ; 25 (25)           ; 15 (15)      ; 0           ; 0            ; 0       ; 0         ; 0    ; 0            ; |ov5640_lcd|sdram_top:u_sdram_top|sdram_fifo_ctrl:u_sdram_fifo_ctrl|wrfifo:u_wrfifo|dcfifo:dcfifo_component|dcfifo_nnl1:auto_generated|a_graycounter_2lc:wrptr_g1p                                                                                                                                                                               ; work         ;
;                   |a_graycounter_677:rdptr_g1p|                                                         ; 22 (22)           ; 15 (15)      ; 0           ; 0            ; 0       ; 0         ; 0    ; 0            ; |ov5640_lcd|sdram_top:u_sdram_top|sdram_fifo_ctrl:u_sdram_fifo_ctrl|wrfifo:u_wrfifo|dcfifo:dcfifo_component|dcfifo_nnl1:auto_generated|a_graycounter_677:rdptr_g1p                                                                                                                                                                               ; work         ;
;                   |alt_synch_pipe_vd8:rs_dgwp|                                                          ; 0 (0)             ; 11 (0)       ; 0           ; 0            ; 0       ; 0         ; 0    ; 0            ; |ov5640_lcd|sdram_top:u_sdram_top|sdram_fifo_ctrl:u_sdram_fifo_ctrl|wrfifo:u_wrfifo|dcfifo:dcfifo_component|dcfifo_nnl1:auto_generated|alt_synch_pipe_vd8:rs_dgwp                                                                                                                                                                                ; work         ;
;                      |dffpipe_qe9:dffpipe11|                                                            ; 0 (0)             ; 11 (11)      ; 0           ; 0            ; 0       ; 0         ; 0    ; 0            ; |ov5640_lcd|sdram_top:u_sdram_top|sdram_fifo_ctrl:u_sdram_fifo_ctrl|wrfifo:u_wrfifo|dcfifo:dcfifo_component|dcfifo_nnl1:auto_generated|alt_synch_pipe_vd8:rs_dgwp|dffpipe_qe9:dffpipe11                                                                                                                                                          ; work         ;
;                   |altsyncram_em31:fifo_ram|                                                            ; 0 (0)             ; 0 (0)        ; 16384       ; 0            ; 0       ; 0         ; 0    ; 0            ; |ov5640_lcd|sdram_top:u_sdram_top|sdram_fifo_ctrl:u_sdram_fifo_ctrl|wrfifo:u_wrfifo|dcfifo:dcfifo_component|dcfifo_nnl1:auto_generated|altsyncram_em31:fifo_ram                                                                                                                                                                                  ; work         ;
;                   |dffpipe_pe9:rs_brp|                                                                  ; 0 (0)             ; 10 (10)      ; 0           ; 0            ; 0       ; 0         ; 0    ; 0            ; |ov5640_lcd|sdram_top:u_sdram_top|sdram_fifo_ctrl:u_sdram_fifo_ctrl|wrfifo:u_wrfifo|dcfifo:dcfifo_component|dcfifo_nnl1:auto_generated|dffpipe_pe9:rs_brp                                                                                                                                                                                        ; work         ;
;                   |dffpipe_pe9:rs_bwp|                                                                  ; 0 (0)             ; 10 (10)      ; 0           ; 0            ; 0       ; 0         ; 0    ; 0            ; |ov5640_lcd|sdram_top:u_sdram_top|sdram_fifo_ctrl:u_sdram_fifo_ctrl|wrfifo:u_wrfifo|dcfifo:dcfifo_component|dcfifo_nnl1:auto_generated|dffpipe_pe9:rs_bwp                                                                                                                                                                                        ; work         ;
;                   |mux_j28:rdemp_eq_comp_lsb_mux|                                                       ; 9 (9)             ; 0 (0)        ; 0           ; 0            ; 0       ; 0         ; 0    ; 0            ; |ov5640_lcd|sdram_top:u_sdram_top|sdram_fifo_ctrl:u_sdram_fifo_ctrl|wrfifo:u_wrfifo|dcfifo:dcfifo_component|dcfifo_nnl1:auto_generated|mux_j28:rdemp_eq_comp_lsb_mux                                                                                                                                                                             ; work         ;
;                   |mux_j28:rdemp_eq_comp_msb_mux|                                                       ; 7 (7)             ; 0 (0)        ; 0           ; 0            ; 0       ; 0         ; 0    ; 0            ; |ov5640_lcd|sdram_top:u_sdram_top|sdram_fifo_ctrl:u_sdram_fifo_ctrl|wrfifo:u_wrfifo|dcfifo:dcfifo_component|dcfifo_nnl1:auto_generated|mux_j28:rdemp_eq_comp_msb_mux                                                                                                                                                                             ; work         ;
;                   |mux_j28:wrfull_eq_comp_lsb_mux|                                                      ; 9 (9)             ; 0 (0)        ; 0           ; 0            ; 0       ; 0         ; 0    ; 0            ; |ov5640_lcd|sdram_top:u_sdram_top|sdram_fifo_ctrl:u_sdram_fifo_ctrl|wrfifo:u_wrfifo|dcfifo:dcfifo_component|dcfifo_nnl1:auto_generated|mux_j28:wrfull_eq_comp_lsb_mux                                                                                                                                                                            ; work         ;
;                   |mux_j28:wrfull_eq_comp_msb_mux|                                                      ; 7 (7)             ; 0 (0)        ; 0           ; 0            ; 0       ; 0         ; 0    ; 0            ; |ov5640_lcd|sdram_top:u_sdram_top|sdram_fifo_ctrl:u_sdram_fifo_ctrl|wrfifo:u_wrfifo|dcfifo:dcfifo_component|dcfifo_nnl1:auto_generated|mux_j28:wrfull_eq_comp_msb_mux                                                                                                                                                                            ; work         ;
;    |sld_hub:auto_hub|                                                                                   ; 121 (1)           ; 86 (0)       ; 0           ; 0            ; 0       ; 0         ; 0    ; 0            ; |ov5640_lcd|sld_hub:auto_hub                                                                                                                                                                                                                                                                                                                     ; work         ;
;       |sld_jtag_hub:\jtag_hub_gen:sld_jtag_hub_inst|                                                    ; 120 (82)          ; 86 (58)      ; 0           ; 0            ; 0       ; 0         ; 0    ; 0            ; |ov5640_lcd|sld_hub:auto_hub|sld_jtag_hub:\jtag_hub_gen:sld_jtag_hub_inst                                                                                                                                                                                                                                                                        ; work         ;
;          |sld_rom_sr:hub_info_reg|                                                                      ; 21 (21)           ; 9 (9)        ; 0           ; 0            ; 0       ; 0         ; 0    ; 0            ; |ov5640_lcd|sld_hub:auto_hub|sld_jtag_hub:\jtag_hub_gen:sld_jtag_hub_inst|sld_rom_sr:hub_info_reg                                                                                                                                                                                                                                                ; work         ;
;          |sld_shadow_jsm:shadow_jsm|                                                                    ; 17 (17)           ; 19 (19)      ; 0           ; 0            ; 0       ; 0         ; 0    ; 0            ; |ov5640_lcd|sld_hub:auto_hub|sld_jtag_hub:\jtag_hub_gen:sld_jtag_hub_inst|sld_shadow_jsm:shadow_jsm                                                                                                                                                                                                                                              ; work         ;
;    |sld_signaltap:auto_signaltap_0|                                                                     ; 411 (1)           ; 853 (94)     ; 96256       ; 0            ; 0       ; 0         ; 0    ; 0            ; |ov5640_lcd|sld_signaltap:auto_signaltap_0                                                                                                                                                                                                                                                                                                       ; work         ;
;       |sld_signaltap_impl:sld_signaltap_body|                                                           ; 410 (0)           ; 759 (0)      ; 96256       ; 0            ; 0       ; 0         ; 0    ; 0            ; |ov5640_lcd|sld_signaltap:auto_signaltap_0|sld_signaltap_impl:sld_signaltap_body                                                                                                                                                                                                                                                                 ; work         ;
;          |sld_signaltap_implb:sld_signaltap_body|                                                       ; 410 (19)          ; 759 (222)    ; 96256       ; 0            ; 0       ; 0         ; 0    ; 0            ; |ov5640_lcd|sld_signaltap:auto_signaltap_0|sld_signaltap_impl:sld_signaltap_body|sld_signaltap_implb:sld_signaltap_body                                                                                                                                                                                                                          ; work         ;
;             |altdpram:\stp_non_zero_ram_gen:attribute_mem_gen:attribute_mem|                            ; 25 (0)            ; 70 (70)      ; 0           ; 0            ; 0       ; 0         ; 0    ; 0            ; |ov5640_lcd|sld_signaltap:auto_signaltap_0|sld_signaltap_impl:sld_signaltap_body|sld_signaltap_implb:sld_signaltap_body|altdpram:\stp_non_zero_ram_gen:attribute_mem_gen:attribute_mem                                                                                                                                                           ; work         ;
;                |lpm_decode:wdecoder|                                                                    ; 2 (0)             ; 0 (0)        ; 0           ; 0            ; 0       ; 0         ; 0    ; 0            ; |ov5640_lcd|sld_signaltap:auto_signaltap_0|sld_signaltap_impl:sld_signaltap_body|sld_signaltap_implb:sld_signaltap_body|altdpram:\stp_non_zero_ram_gen:attribute_mem_gen:attribute_mem|lpm_decode:wdecoder                                                                                                                                       ; work         ;
;                   |decode_dvf:auto_generated|                                                           ; 2 (2)             ; 0 (0)        ; 0           ; 0            ; 0       ; 0         ; 0    ; 0            ; |ov5640_lcd|sld_signaltap:auto_signaltap_0|sld_signaltap_impl:sld_signaltap_body|sld_signaltap_implb:sld_signaltap_body|altdpram:\stp_non_zero_ram_gen:attribute_mem_gen:attribute_mem|lpm_decode:wdecoder|decode_dvf:auto_generated                                                                                                             ; work         ;
;                |lpm_mux:mux|                                                                            ; 23 (0)            ; 0 (0)        ; 0           ; 0            ; 0       ; 0         ; 0    ; 0            ; |ov5640_lcd|sld_signaltap:auto_signaltap_0|sld_signaltap_impl:sld_signaltap_body|sld_signaltap_implb:sld_signaltap_body|altdpram:\stp_non_zero_ram_gen:attribute_mem_gen:attribute_mem|lpm_mux:mux                                                                                                                                               ; work         ;
;                   |mux_rsc:auto_generated|                                                              ; 23 (23)           ; 0 (0)        ; 0           ; 0            ; 0       ; 0         ; 0    ; 0            ; |ov5640_lcd|sld_signaltap:auto_signaltap_0|sld_signaltap_impl:sld_signaltap_body|sld_signaltap_implb:sld_signaltap_body|altdpram:\stp_non_zero_ram_gen:attribute_mem_gen:attribute_mem|lpm_mux:mux|mux_rsc:auto_generated                                                                                                                        ; work         ;
;             |altsyncram:\stp_non_zero_ram_gen:stp_buffer_ram|                                           ; 0 (0)             ; 0 (0)        ; 96256       ; 0            ; 0       ; 0         ; 0    ; 0            ; |ov5640_lcd|sld_signaltap:auto_signaltap_0|sld_signaltap_impl:sld_signaltap_body|sld_signaltap_implb:sld_signaltap_body|altsyncram:\stp_non_zero_ram_gen:stp_buffer_ram                                                                                                                                                                          ; work         ;
;                |altsyncram_d124:auto_generated|                                                         ; 0 (0)             ; 0 (0)        ; 96256       ; 0            ; 0       ; 0         ; 0    ; 0            ; |ov5640_lcd|sld_signaltap:auto_signaltap_0|sld_signaltap_impl:sld_signaltap_body|sld_signaltap_implb:sld_signaltap_body|altsyncram:\stp_non_zero_ram_gen:stp_buffer_ram|altsyncram_d124:auto_generated                                                                                                                                           ; work         ;
;             |lpm_shiftreg:segment_offset_config_deserialize|                                            ; 0 (0)             ; 11 (11)      ; 0           ; 0            ; 0       ; 0         ; 0    ; 0            ; |ov5640_lcd|sld_signaltap:auto_signaltap_0|sld_signaltap_impl:sld_signaltap_body|sld_signaltap_implb:sld_signaltap_body|lpm_shiftreg:segment_offset_config_deserialize                                                                                                                                                                           ; work         ;
;             |lpm_shiftreg:status_register|                                                              ; 17 (17)           ; 17 (17)      ; 0           ; 0            ; 0       ; 0         ; 0    ; 0            ; |ov5640_lcd|sld_signaltap:auto_signaltap_0|sld_signaltap_impl:sld_signaltap_body|sld_signaltap_implb:sld_signaltap_body|lpm_shiftreg:status_register                                                                                                                                                                                             ; work         ;
;             |sld_buffer_manager:sld_buffer_manager_inst|                                                ; 88 (88)           ; 64 (64)      ; 0           ; 0            ; 0       ; 0         ; 0    ; 0            ; |ov5640_lcd|sld_signaltap:auto_signaltap_0|sld_signaltap_impl:sld_signaltap_body|sld_signaltap_implb:sld_signaltap_body|sld_buffer_manager:sld_buffer_manager_inst                                                                                                                                                                               ; work         ;
;             |sld_ela_control:ela_control|                                                               ; 111 (1)           ; 251 (1)      ; 0           ; 0            ; 0       ; 0         ; 0    ; 0            ; |ov5640_lcd|sld_signaltap:auto_signaltap_0|sld_signaltap_impl:sld_signaltap_body|sld_signaltap_implb:sld_signaltap_body|sld_ela_control:ela_control                                                                                                                                                                                              ; work         ;
;                |lpm_shiftreg:trigger_config_deserialize|                                                ; 0 (0)             ; 4 (4)        ; 0           ; 0            ; 0       ; 0         ; 0    ; 0            ; |ov5640_lcd|sld_signaltap:auto_signaltap_0|sld_signaltap_impl:sld_signaltap_body|sld_signaltap_implb:sld_signaltap_body|sld_ela_control:ela_control|lpm_shiftreg:trigger_config_deserialize                                                                                                                                                      ; work         ;
;                |sld_ela_basic_multi_level_trigger:\basic_multi_level_mbpm_trigger_gen:multi_level_mbpm| ; 94 (0)            ; 235 (0)      ; 0           ; 0            ; 0       ; 0         ; 0    ; 0            ; |ov5640_lcd|sld_signaltap:auto_signaltap_0|sld_signaltap_impl:sld_signaltap_body|sld_signaltap_implb:sld_signaltap_body|sld_ela_control:ela_control|sld_ela_basic_multi_level_trigger:\basic_multi_level_mbpm_trigger_gen:multi_level_mbpm                                                                                                       ; work         ;
;                   |lpm_shiftreg:trigger_condition_deserialize|                                          ; 0 (0)             ; 141 (141)    ; 0           ; 0            ; 0       ; 0         ; 0    ; 0            ; |ov5640_lcd|sld_signaltap:auto_signaltap_0|sld_signaltap_impl:sld_signaltap_body|sld_signaltap_implb:sld_signaltap_body|sld_ela_control:ela_control|sld_ela_basic_multi_level_trigger:\basic_multi_level_mbpm_trigger_gen:multi_level_mbpm|lpm_shiftreg:trigger_condition_deserialize                                                            ; work         ;
;                   |sld_mbpmg:\trigger_modules_gen:0:trigger_match|                                      ; 94 (0)            ; 94 (0)       ; 0           ; 0            ; 0       ; 0         ; 0    ; 0            ; |ov5640_lcd|sld_signaltap:auto_signaltap_0|sld_signaltap_impl:sld_signaltap_body|sld_signaltap_implb:sld_signaltap_body|sld_ela_control:ela_control|sld_ela_basic_multi_level_trigger:\basic_multi_level_mbpm_trigger_gen:multi_level_mbpm|sld_mbpmg:\trigger_modules_gen:0:trigger_match                                                        ; work         ;
;                      |sld_sbpmg:\gen_sbpmg_pipeline_less_than_two:sm0:0:sm1|                            ; 2 (2)             ; 2 (2)        ; 0           ; 0            ; 0       ; 0         ; 0    ; 0            ; |ov5640_lcd|sld_signaltap:auto_signaltap_0|sld_signaltap_impl:sld_signaltap_body|sld_signaltap_implb:sld_signaltap_body|sld_ela_control:ela_control|sld_ela_basic_multi_level_trigger:\basic_multi_level_mbpm_trigger_gen:multi_level_mbpm|sld_mbpmg:\trigger_modules_gen:0:trigger_match|sld_sbpmg:\gen_sbpmg_pipeline_less_than_two:sm0:0:sm1  ; work         ;
;                      |sld_sbpmg:\gen_sbpmg_pipeline_less_than_two:sm0:10:sm1|                           ; 2 (2)             ; 2 (2)        ; 0           ; 0            ; 0       ; 0         ; 0    ; 0            ; |ov5640_lcd|sld_signaltap:auto_signaltap_0|sld_signaltap_impl:sld_signaltap_body|sld_signaltap_implb:sld_signaltap_body|sld_ela_control:ela_control|sld_ela_basic_multi_level_trigger:\basic_multi_level_mbpm_trigger_gen:multi_level_mbpm|sld_mbpmg:\trigger_modules_gen:0:trigger_match|sld_sbpmg:\gen_sbpmg_pipeline_less_than_two:sm0:10:sm1 ; work         ;
;                      |sld_sbpmg:\gen_sbpmg_pipeline_less_than_two:sm0:11:sm1|                           ; 2 (2)             ; 2 (2)        ; 0           ; 0            ; 0       ; 0         ; 0    ; 0            ; |ov5640_lcd|sld_signaltap:auto_signaltap_0|sld_signaltap_impl:sld_signaltap_body|sld_signaltap_implb:sld_signaltap_body|sld_ela_control:ela_control|sld_ela_basic_multi_level_trigger:\basic_multi_level_mbpm_trigger_gen:multi_level_mbpm|sld_mbpmg:\trigger_modules_gen:0:trigger_match|sld_sbpmg:\gen_sbpmg_pipeline_less_than_two:sm0:11:sm1 ; work         ;
;                      |sld_sbpmg:\gen_sbpmg_pipeline_less_than_two:sm0:12:sm1|                           ; 2 (2)             ; 2 (2)        ; 0           ; 0            ; 0       ; 0         ; 0    ; 0            ; |ov5640_lcd|sld_signaltap:auto_signaltap_0|sld_signaltap_impl:sld_signaltap_body|sld_signaltap_implb:sld_signaltap_body|sld_ela_control:ela_control|sld_ela_basic_multi_level_trigger:\basic_multi_level_mbpm_trigger_gen:multi_level_mbpm|sld_mbpmg:\trigger_modules_gen:0:trigger_match|sld_sbpmg:\gen_sbpmg_pipeline_less_than_two:sm0:12:sm1 ; work         ;
;                      |sld_sbpmg:\gen_sbpmg_pipeline_less_than_two:sm0:13:sm1|                           ; 2 (2)             ; 2 (2)        ; 0           ; 0            ; 0       ; 0         ; 0    ; 0            ; |ov5640_lcd|sld_signaltap:auto_signaltap_0|sld_signaltap_impl:sld_signaltap_body|sld_signaltap_implb:sld_signaltap_body|sld_ela_control:ela_control|sld_ela_basic_multi_level_trigger:\basic_multi_level_mbpm_trigger_gen:multi_level_mbpm|sld_mbpmg:\trigger_modules_gen:0:trigger_match|sld_sbpmg:\gen_sbpmg_pipeline_less_than_two:sm0:13:sm1 ; work         ;
;                      |sld_sbpmg:\gen_sbpmg_pipeline_less_than_two:sm0:14:sm1|                           ; 2 (2)             ; 2 (2)        ; 0           ; 0            ; 0       ; 0         ; 0    ; 0            ; |ov5640_lcd|sld_signaltap:auto_signaltap_0|sld_signaltap_impl:sld_signaltap_body|sld_signaltap_implb:sld_signaltap_body|sld_ela_control:ela_control|sld_ela_basic_multi_level_trigger:\basic_multi_level_mbpm_trigger_gen:multi_level_mbpm|sld_mbpmg:\trigger_modules_gen:0:trigger_match|sld_sbpmg:\gen_sbpmg_pipeline_less_than_two:sm0:14:sm1 ; work         ;
;                      |sld_sbpmg:\gen_sbpmg_pipeline_less_than_two:sm0:15:sm1|                           ; 2 (2)             ; 2 (2)        ; 0           ; 0            ; 0       ; 0         ; 0    ; 0            ; |ov5640_lcd|sld_signaltap:auto_signaltap_0|sld_signaltap_impl:sld_signaltap_body|sld_signaltap_implb:sld_signaltap_body|sld_ela_control:ela_control|sld_ela_basic_multi_level_trigger:\basic_multi_level_mbpm_trigger_gen:multi_level_mbpm|sld_mbpmg:\trigger_modules_gen:0:trigger_match|sld_sbpmg:\gen_sbpmg_pipeline_less_than_two:sm0:15:sm1 ; work         ;
;                      |sld_sbpmg:\gen_sbpmg_pipeline_less_than_two:sm0:16:sm1|                           ; 2 (2)             ; 2 (2)        ; 0           ; 0            ; 0       ; 0         ; 0    ; 0            ; |ov5640_lcd|sld_signaltap:auto_signaltap_0|sld_signaltap_impl:sld_signaltap_body|sld_signaltap_implb:sld_signaltap_body|sld_ela_control:ela_control|sld_ela_basic_multi_level_trigger:\basic_multi_level_mbpm_trigger_gen:multi_level_mbpm|sld_mbpmg:\trigger_modules_gen:0:trigger_match|sld_sbpmg:\gen_sbpmg_pipeline_less_than_two:sm0:16:sm1 ; work         ;
;                      |sld_sbpmg:\gen_sbpmg_pipeline_less_than_two:sm0:17:sm1|                           ; 2 (2)             ; 2 (2)        ; 0           ; 0            ; 0       ; 0         ; 0    ; 0            ; |ov5640_lcd|sld_signaltap:auto_signaltap_0|sld_signaltap_impl:sld_signaltap_body|sld_signaltap_implb:sld_signaltap_body|sld_ela_control:ela_control|sld_ela_basic_multi_level_trigger:\basic_multi_level_mbpm_trigger_gen:multi_level_mbpm|sld_mbpmg:\trigger_modules_gen:0:trigger_match|sld_sbpmg:\gen_sbpmg_pipeline_less_than_two:sm0:17:sm1 ; work         ;
;                      |sld_sbpmg:\gen_sbpmg_pipeline_less_than_two:sm0:18:sm1|                           ; 2 (2)             ; 2 (2)        ; 0           ; 0            ; 0       ; 0         ; 0    ; 0            ; |ov5640_lcd|sld_signaltap:auto_signaltap_0|sld_signaltap_impl:sld_signaltap_body|sld_signaltap_implb:sld_signaltap_body|sld_ela_control:ela_control|sld_ela_basic_multi_level_trigger:\basic_multi_level_mbpm_trigger_gen:multi_level_mbpm|sld_mbpmg:\trigger_modules_gen:0:trigger_match|sld_sbpmg:\gen_sbpmg_pipeline_less_than_two:sm0:18:sm1 ; work         ;
;                      |sld_sbpmg:\gen_sbpmg_pipeline_less_than_two:sm0:19:sm1|                           ; 2 (2)             ; 2 (2)        ; 0           ; 0            ; 0       ; 0         ; 0    ; 0            ; |ov5640_lcd|sld_signaltap:auto_signaltap_0|sld_signaltap_impl:sld_signaltap_body|sld_signaltap_implb:sld_signaltap_body|sld_ela_control:ela_control|sld_ela_basic_multi_level_trigger:\basic_multi_level_mbpm_trigger_gen:multi_level_mbpm|sld_mbpmg:\trigger_modules_gen:0:trigger_match|sld_sbpmg:\gen_sbpmg_pipeline_less_than_two:sm0:19:sm1 ; work         ;
;                      |sld_sbpmg:\gen_sbpmg_pipeline_less_than_two:sm0:1:sm1|                            ; 2 (2)             ; 2 (2)        ; 0           ; 0            ; 0       ; 0         ; 0    ; 0            ; |ov5640_lcd|sld_signaltap:auto_signaltap_0|sld_signaltap_impl:sld_signaltap_body|sld_signaltap_implb:sld_signaltap_body|sld_ela_control:ela_control|sld_ela_basic_multi_level_trigger:\basic_multi_level_mbpm_trigger_gen:multi_level_mbpm|sld_mbpmg:\trigger_modules_gen:0:trigger_match|sld_sbpmg:\gen_sbpmg_pipeline_less_than_two:sm0:1:sm1  ; work         ;
;                      |sld_sbpmg:\gen_sbpmg_pipeline_less_than_two:sm0:20:sm1|                           ; 2 (2)             ; 2 (2)        ; 0           ; 0            ; 0       ; 0         ; 0    ; 0            ; |ov5640_lcd|sld_signaltap:auto_signaltap_0|sld_signaltap_impl:sld_signaltap_body|sld_signaltap_implb:sld_signaltap_body|sld_ela_control:ela_control|sld_ela_basic_multi_level_trigger:\basic_multi_level_mbpm_trigger_gen:multi_level_mbpm|sld_mbpmg:\trigger_modules_gen:0:trigger_match|sld_sbpmg:\gen_sbpmg_pipeline_less_than_two:sm0:20:sm1 ; work         ;
;                      |sld_sbpmg:\gen_sbpmg_pipeline_less_than_two:sm0:21:sm1|                           ; 2 (2)             ; 2 (2)        ; 0           ; 0            ; 0       ; 0         ; 0    ; 0            ; |ov5640_lcd|sld_signaltap:auto_signaltap_0|sld_signaltap_impl:sld_signaltap_body|sld_signaltap_implb:sld_signaltap_body|sld_ela_control:ela_control|sld_ela_basic_multi_level_trigger:\basic_multi_level_mbpm_trigger_gen:multi_level_mbpm|sld_mbpmg:\trigger_modules_gen:0:trigger_match|sld_sbpmg:\gen_sbpmg_pipeline_less_than_two:sm0:21:sm1 ; work         ;
;                      |sld_sbpmg:\gen_sbpmg_pipeline_less_than_two:sm0:22:sm1|                           ; 2 (2)             ; 2 (2)        ; 0           ; 0            ; 0       ; 0         ; 0    ; 0            ; |ov5640_lcd|sld_signaltap:auto_signaltap_0|sld_signaltap_impl:sld_signaltap_body|sld_signaltap_implb:sld_signaltap_body|sld_ela_control:ela_control|sld_ela_basic_multi_level_trigger:\basic_multi_level_mbpm_trigger_gen:multi_level_mbpm|sld_mbpmg:\trigger_modules_gen:0:trigger_match|sld_sbpmg:\gen_sbpmg_pipeline_less_than_two:sm0:22:sm1 ; work         ;
;                      |sld_sbpmg:\gen_sbpmg_pipeline_less_than_two:sm0:23:sm1|                           ; 2 (2)             ; 2 (2)        ; 0           ; 0            ; 0       ; 0         ; 0    ; 0            ; |ov5640_lcd|sld_signaltap:auto_signaltap_0|sld_signaltap_impl:sld_signaltap_body|sld_signaltap_implb:sld_signaltap_body|sld_ela_control:ela_control|sld_ela_basic_multi_level_trigger:\basic_multi_level_mbpm_trigger_gen:multi_level_mbpm|sld_mbpmg:\trigger_modules_gen:0:trigger_match|sld_sbpmg:\gen_sbpmg_pipeline_less_than_two:sm0:23:sm1 ; work         ;
;                      |sld_sbpmg:\gen_sbpmg_pipeline_less_than_two:sm0:24:sm1|                           ; 2 (2)             ; 2 (2)        ; 0           ; 0            ; 0       ; 0         ; 0    ; 0            ; |ov5640_lcd|sld_signaltap:auto_signaltap_0|sld_signaltap_impl:sld_signaltap_body|sld_signaltap_implb:sld_signaltap_body|sld_ela_control:ela_control|sld_ela_basic_multi_level_trigger:\basic_multi_level_mbpm_trigger_gen:multi_level_mbpm|sld_mbpmg:\trigger_modules_gen:0:trigger_match|sld_sbpmg:\gen_sbpmg_pipeline_less_than_two:sm0:24:sm1 ; work         ;
;                      |sld_sbpmg:\gen_sbpmg_pipeline_less_than_two:sm0:25:sm1|                           ; 2 (2)             ; 2 (2)        ; 0           ; 0            ; 0       ; 0         ; 0    ; 0            ; |ov5640_lcd|sld_signaltap:auto_signaltap_0|sld_signaltap_impl:sld_signaltap_body|sld_signaltap_implb:sld_signaltap_body|sld_ela_control:ela_control|sld_ela_basic_multi_level_trigger:\basic_multi_level_mbpm_trigger_gen:multi_level_mbpm|sld_mbpmg:\trigger_modules_gen:0:trigger_match|sld_sbpmg:\gen_sbpmg_pipeline_less_than_two:sm0:25:sm1 ; work         ;
;                      |sld_sbpmg:\gen_sbpmg_pipeline_less_than_two:sm0:26:sm1|                           ; 2 (2)             ; 2 (2)        ; 0           ; 0            ; 0       ; 0         ; 0    ; 0            ; |ov5640_lcd|sld_signaltap:auto_signaltap_0|sld_signaltap_impl:sld_signaltap_body|sld_signaltap_implb:sld_signaltap_body|sld_ela_control:ela_control|sld_ela_basic_multi_level_trigger:\basic_multi_level_mbpm_trigger_gen:multi_level_mbpm|sld_mbpmg:\trigger_modules_gen:0:trigger_match|sld_sbpmg:\gen_sbpmg_pipeline_less_than_two:sm0:26:sm1 ; work         ;
;                      |sld_sbpmg:\gen_sbpmg_pipeline_less_than_two:sm0:27:sm1|                           ; 2 (2)             ; 2 (2)        ; 0           ; 0            ; 0       ; 0         ; 0    ; 0            ; |ov5640_lcd|sld_signaltap:auto_signaltap_0|sld_signaltap_impl:sld_signaltap_body|sld_signaltap_implb:sld_signaltap_body|sld_ela_control:ela_control|sld_ela_basic_multi_level_trigger:\basic_multi_level_mbpm_trigger_gen:multi_level_mbpm|sld_mbpmg:\trigger_modules_gen:0:trigger_match|sld_sbpmg:\gen_sbpmg_pipeline_less_than_two:sm0:27:sm1 ; work         ;
;                      |sld_sbpmg:\gen_sbpmg_pipeline_less_than_two:sm0:28:sm1|                           ; 2 (2)             ; 2 (2)        ; 0           ; 0            ; 0       ; 0         ; 0    ; 0            ; |ov5640_lcd|sld_signaltap:auto_signaltap_0|sld_signaltap_impl:sld_signaltap_body|sld_signaltap_implb:sld_signaltap_body|sld_ela_control:ela_control|sld_ela_basic_multi_level_trigger:\basic_multi_level_mbpm_trigger_gen:multi_level_mbpm|sld_mbpmg:\trigger_modules_gen:0:trigger_match|sld_sbpmg:\gen_sbpmg_pipeline_less_than_two:sm0:28:sm1 ; work         ;
;                      |sld_sbpmg:\gen_sbpmg_pipeline_less_than_two:sm0:29:sm1|                           ; 2 (2)             ; 2 (2)        ; 0           ; 0            ; 0       ; 0         ; 0    ; 0            ; |ov5640_lcd|sld_signaltap:auto_signaltap_0|sld_signaltap_impl:sld_signaltap_body|sld_signaltap_implb:sld_signaltap_body|sld_ela_control:ela_control|sld_ela_basic_multi_level_trigger:\basic_multi_level_mbpm_trigger_gen:multi_level_mbpm|sld_mbpmg:\trigger_modules_gen:0:trigger_match|sld_sbpmg:\gen_sbpmg_pipeline_less_than_two:sm0:29:sm1 ; work         ;
;                      |sld_sbpmg:\gen_sbpmg_pipeline_less_than_two:sm0:2:sm1|                            ; 2 (2)             ; 2 (2)        ; 0           ; 0            ; 0       ; 0         ; 0    ; 0            ; |ov5640_lcd|sld_signaltap:auto_signaltap_0|sld_signaltap_impl:sld_signaltap_body|sld_signaltap_implb:sld_signaltap_body|sld_ela_control:ela_control|sld_ela_basic_multi_level_trigger:\basic_multi_level_mbpm_trigger_gen:multi_level_mbpm|sld_mbpmg:\trigger_modules_gen:0:trigger_match|sld_sbpmg:\gen_sbpmg_pipeline_less_than_two:sm0:2:sm1  ; work         ;
;                      |sld_sbpmg:\gen_sbpmg_pipeline_less_than_two:sm0:30:sm1|                           ; 2 (2)             ; 2 (2)        ; 0           ; 0            ; 0       ; 0         ; 0    ; 0            ; |ov5640_lcd|sld_signaltap:auto_signaltap_0|sld_signaltap_impl:sld_signaltap_body|sld_signaltap_implb:sld_signaltap_body|sld_ela_control:ela_control|sld_ela_basic_multi_level_trigger:\basic_multi_level_mbpm_trigger_gen:multi_level_mbpm|sld_mbpmg:\trigger_modules_gen:0:trigger_match|sld_sbpmg:\gen_sbpmg_pipeline_less_than_two:sm0:30:sm1 ; work         ;
;                      |sld_sbpmg:\gen_sbpmg_pipeline_less_than_two:sm0:31:sm1|                           ; 2 (2)             ; 2 (2)        ; 0           ; 0            ; 0       ; 0         ; 0    ; 0            ; |ov5640_lcd|sld_signaltap:auto_signaltap_0|sld_signaltap_impl:sld_signaltap_body|sld_signaltap_implb:sld_signaltap_body|sld_ela_control:ela_control|sld_ela_basic_multi_level_trigger:\basic_multi_level_mbpm_trigger_gen:multi_level_mbpm|sld_mbpmg:\trigger_modules_gen:0:trigger_match|sld_sbpmg:\gen_sbpmg_pipeline_less_than_two:sm0:31:sm1 ; work         ;
;                      |sld_sbpmg:\gen_sbpmg_pipeline_less_than_two:sm0:32:sm1|                           ; 2 (2)             ; 2 (2)        ; 0           ; 0            ; 0       ; 0         ; 0    ; 0            ; |ov5640_lcd|sld_signaltap:auto_signaltap_0|sld_signaltap_impl:sld_signaltap_body|sld_signaltap_implb:sld_signaltap_body|sld_ela_control:ela_control|sld_ela_basic_multi_level_trigger:\basic_multi_level_mbpm_trigger_gen:multi_level_mbpm|sld_mbpmg:\trigger_modules_gen:0:trigger_match|sld_sbpmg:\gen_sbpmg_pipeline_less_than_two:sm0:32:sm1 ; work         ;
;                      |sld_sbpmg:\gen_sbpmg_pipeline_less_than_two:sm0:33:sm1|                           ; 2 (2)             ; 2 (2)        ; 0           ; 0            ; 0       ; 0         ; 0    ; 0            ; |ov5640_lcd|sld_signaltap:auto_signaltap_0|sld_signaltap_impl:sld_signaltap_body|sld_signaltap_implb:sld_signaltap_body|sld_ela_control:ela_control|sld_ela_basic_multi_level_trigger:\basic_multi_level_mbpm_trigger_gen:multi_level_mbpm|sld_mbpmg:\trigger_modules_gen:0:trigger_match|sld_sbpmg:\gen_sbpmg_pipeline_less_than_two:sm0:33:sm1 ; work         ;
;                      |sld_sbpmg:\gen_sbpmg_pipeline_less_than_two:sm0:34:sm1|                           ; 2 (2)             ; 2 (2)        ; 0           ; 0            ; 0       ; 0         ; 0    ; 0            ; |ov5640_lcd|sld_signaltap:auto_signaltap_0|sld_signaltap_impl:sld_signaltap_body|sld_signaltap_implb:sld_signaltap_body|sld_ela_control:ela_control|sld_ela_basic_multi_level_trigger:\basic_multi_level_mbpm_trigger_gen:multi_level_mbpm|sld_mbpmg:\trigger_modules_gen:0:trigger_match|sld_sbpmg:\gen_sbpmg_pipeline_less_than_two:sm0:34:sm1 ; work         ;
;                      |sld_sbpmg:\gen_sbpmg_pipeline_less_than_two:sm0:35:sm1|                           ; 2 (2)             ; 2 (2)        ; 0           ; 0            ; 0       ; 0         ; 0    ; 0            ; |ov5640_lcd|sld_signaltap:auto_signaltap_0|sld_signaltap_impl:sld_signaltap_body|sld_signaltap_implb:sld_signaltap_body|sld_ela_control:ela_control|sld_ela_basic_multi_level_trigger:\basic_multi_level_mbpm_trigger_gen:multi_level_mbpm|sld_mbpmg:\trigger_modules_gen:0:trigger_match|sld_sbpmg:\gen_sbpmg_pipeline_less_than_two:sm0:35:sm1 ; work         ;
;                      |sld_sbpmg:\gen_sbpmg_pipeline_less_than_two:sm0:36:sm1|                           ; 2 (2)             ; 2 (2)        ; 0           ; 0            ; 0       ; 0         ; 0    ; 0            ; |ov5640_lcd|sld_signaltap:auto_signaltap_0|sld_signaltap_impl:sld_signaltap_body|sld_signaltap_implb:sld_signaltap_body|sld_ela_control:ela_control|sld_ela_basic_multi_level_trigger:\basic_multi_level_mbpm_trigger_gen:multi_level_mbpm|sld_mbpmg:\trigger_modules_gen:0:trigger_match|sld_sbpmg:\gen_sbpmg_pipeline_less_than_two:sm0:36:sm1 ; work         ;
;                      |sld_sbpmg:\gen_sbpmg_pipeline_less_than_two:sm0:37:sm1|                           ; 2 (2)             ; 2 (2)        ; 0           ; 0            ; 0       ; 0         ; 0    ; 0            ; |ov5640_lcd|sld_signaltap:auto_signaltap_0|sld_signaltap_impl:sld_signaltap_body|sld_signaltap_implb:sld_signaltap_body|sld_ela_control:ela_control|sld_ela_basic_multi_level_trigger:\basic_multi_level_mbpm_trigger_gen:multi_level_mbpm|sld_mbpmg:\trigger_modules_gen:0:trigger_match|sld_sbpmg:\gen_sbpmg_pipeline_less_than_two:sm0:37:sm1 ; work         ;
;                      |sld_sbpmg:\gen_sbpmg_pipeline_less_than_two:sm0:38:sm1|                           ; 2 (2)             ; 2 (2)        ; 0           ; 0            ; 0       ; 0         ; 0    ; 0            ; |ov5640_lcd|sld_signaltap:auto_signaltap_0|sld_signaltap_impl:sld_signaltap_body|sld_signaltap_implb:sld_signaltap_body|sld_ela_control:ela_control|sld_ela_basic_multi_level_trigger:\basic_multi_level_mbpm_trigger_gen:multi_level_mbpm|sld_mbpmg:\trigger_modules_gen:0:trigger_match|sld_sbpmg:\gen_sbpmg_pipeline_less_than_two:sm0:38:sm1 ; work         ;
;                      |sld_sbpmg:\gen_sbpmg_pipeline_less_than_two:sm0:39:sm1|                           ; 2 (2)             ; 2 (2)        ; 0           ; 0            ; 0       ; 0         ; 0    ; 0            ; |ov5640_lcd|sld_signaltap:auto_signaltap_0|sld_signaltap_impl:sld_signaltap_body|sld_signaltap_implb:sld_signaltap_body|sld_ela_control:ela_control|sld_ela_basic_multi_level_trigger:\basic_multi_level_mbpm_trigger_gen:multi_level_mbpm|sld_mbpmg:\trigger_modules_gen:0:trigger_match|sld_sbpmg:\gen_sbpmg_pipeline_less_than_two:sm0:39:sm1 ; work         ;
;                      |sld_sbpmg:\gen_sbpmg_pipeline_less_than_two:sm0:3:sm1|                            ; 2 (2)             ; 2 (2)        ; 0           ; 0            ; 0       ; 0         ; 0    ; 0            ; |ov5640_lcd|sld_signaltap:auto_signaltap_0|sld_signaltap_impl:sld_signaltap_body|sld_signaltap_implb:sld_signaltap_body|sld_ela_control:ela_control|sld_ela_basic_multi_level_trigger:\basic_multi_level_mbpm_trigger_gen:multi_level_mbpm|sld_mbpmg:\trigger_modules_gen:0:trigger_match|sld_sbpmg:\gen_sbpmg_pipeline_less_than_two:sm0:3:sm1  ; work         ;
;                      |sld_sbpmg:\gen_sbpmg_pipeline_less_than_two:sm0:40:sm1|                           ; 2 (2)             ; 2 (2)        ; 0           ; 0            ; 0       ; 0         ; 0    ; 0            ; |ov5640_lcd|sld_signaltap:auto_signaltap_0|sld_signaltap_impl:sld_signaltap_body|sld_signaltap_implb:sld_signaltap_body|sld_ela_control:ela_control|sld_ela_basic_multi_level_trigger:\basic_multi_level_mbpm_trigger_gen:multi_level_mbpm|sld_mbpmg:\trigger_modules_gen:0:trigger_match|sld_sbpmg:\gen_sbpmg_pipeline_less_than_two:sm0:40:sm1 ; work         ;
;                      |sld_sbpmg:\gen_sbpmg_pipeline_less_than_two:sm0:41:sm1|                           ; 2 (2)             ; 2 (2)        ; 0           ; 0            ; 0       ; 0         ; 0    ; 0            ; |ov5640_lcd|sld_signaltap:auto_signaltap_0|sld_signaltap_impl:sld_signaltap_body|sld_signaltap_implb:sld_signaltap_body|sld_ela_control:ela_control|sld_ela_basic_multi_level_trigger:\basic_multi_level_mbpm_trigger_gen:multi_level_mbpm|sld_mbpmg:\trigger_modules_gen:0:trigger_match|sld_sbpmg:\gen_sbpmg_pipeline_less_than_two:sm0:41:sm1 ; work         ;
;                      |sld_sbpmg:\gen_sbpmg_pipeline_less_than_two:sm0:42:sm1|                           ; 2 (2)             ; 2 (2)        ; 0           ; 0            ; 0       ; 0         ; 0    ; 0            ; |ov5640_lcd|sld_signaltap:auto_signaltap_0|sld_signaltap_impl:sld_signaltap_body|sld_signaltap_implb:sld_signaltap_body|sld_ela_control:ela_control|sld_ela_basic_multi_level_trigger:\basic_multi_level_mbpm_trigger_gen:multi_level_mbpm|sld_mbpmg:\trigger_modules_gen:0:trigger_match|sld_sbpmg:\gen_sbpmg_pipeline_less_than_two:sm0:42:sm1 ; work         ;
;                      |sld_sbpmg:\gen_sbpmg_pipeline_less_than_two:sm0:43:sm1|                           ; 2 (2)             ; 2 (2)        ; 0           ; 0            ; 0       ; 0         ; 0    ; 0            ; |ov5640_lcd|sld_signaltap:auto_signaltap_0|sld_signaltap_impl:sld_signaltap_body|sld_signaltap_implb:sld_signaltap_body|sld_ela_control:ela_control|sld_ela_basic_multi_level_trigger:\basic_multi_level_mbpm_trigger_gen:multi_level_mbpm|sld_mbpmg:\trigger_modules_gen:0:trigger_match|sld_sbpmg:\gen_sbpmg_pipeline_less_than_two:sm0:43:sm1 ; work         ;
;                      |sld_sbpmg:\gen_sbpmg_pipeline_less_than_two:sm0:44:sm1|                           ; 2 (2)             ; 2 (2)        ; 0           ; 0            ; 0       ; 0         ; 0    ; 0            ; |ov5640_lcd|sld_signaltap:auto_signaltap_0|sld_signaltap_impl:sld_signaltap_body|sld_signaltap_implb:sld_signaltap_body|sld_ela_control:ela_control|sld_ela_basic_multi_level_trigger:\basic_multi_level_mbpm_trigger_gen:multi_level_mbpm|sld_mbpmg:\trigger_modules_gen:0:trigger_match|sld_sbpmg:\gen_sbpmg_pipeline_less_than_two:sm0:44:sm1 ; work         ;
;                      |sld_sbpmg:\gen_sbpmg_pipeline_less_than_two:sm0:45:sm1|                           ; 2 (2)             ; 2 (2)        ; 0           ; 0            ; 0       ; 0         ; 0    ; 0            ; |ov5640_lcd|sld_signaltap:auto_signaltap_0|sld_signaltap_impl:sld_signaltap_body|sld_signaltap_implb:sld_signaltap_body|sld_ela_control:ela_control|sld_ela_basic_multi_level_trigger:\basic_multi_level_mbpm_trigger_gen:multi_level_mbpm|sld_mbpmg:\trigger_modules_gen:0:trigger_match|sld_sbpmg:\gen_sbpmg_pipeline_less_than_two:sm0:45:sm1 ; work         ;
;                      |sld_sbpmg:\gen_sbpmg_pipeline_less_than_two:sm0:46:sm1|                           ; 2 (2)             ; 2 (2)        ; 0           ; 0            ; 0       ; 0         ; 0    ; 0            ; |ov5640_lcd|sld_signaltap:auto_signaltap_0|sld_signaltap_impl:sld_signaltap_body|sld_signaltap_implb:sld_signaltap_body|sld_ela_control:ela_control|sld_ela_basic_multi_level_trigger:\basic_multi_level_mbpm_trigger_gen:multi_level_mbpm|sld_mbpmg:\trigger_modules_gen:0:trigger_match|sld_sbpmg:\gen_sbpmg_pipeline_less_than_two:sm0:46:sm1 ; work         ;
;                      |sld_sbpmg:\gen_sbpmg_pipeline_less_than_two:sm0:4:sm1|                            ; 2 (2)             ; 2 (2)        ; 0           ; 0            ; 0       ; 0         ; 0    ; 0            ; |ov5640_lcd|sld_signaltap:auto_signaltap_0|sld_signaltap_impl:sld_signaltap_body|sld_signaltap_implb:sld_signaltap_body|sld_ela_control:ela_control|sld_ela_basic_multi_level_trigger:\basic_multi_level_mbpm_trigger_gen:multi_level_mbpm|sld_mbpmg:\trigger_modules_gen:0:trigger_match|sld_sbpmg:\gen_sbpmg_pipeline_less_than_two:sm0:4:sm1  ; work         ;
;                      |sld_sbpmg:\gen_sbpmg_pipeline_less_than_two:sm0:5:sm1|                            ; 2 (2)             ; 2 (2)        ; 0           ; 0            ; 0       ; 0         ; 0    ; 0            ; |ov5640_lcd|sld_signaltap:auto_signaltap_0|sld_signaltap_impl:sld_signaltap_body|sld_signaltap_implb:sld_signaltap_body|sld_ela_control:ela_control|sld_ela_basic_multi_level_trigger:\basic_multi_level_mbpm_trigger_gen:multi_level_mbpm|sld_mbpmg:\trigger_modules_gen:0:trigger_match|sld_sbpmg:\gen_sbpmg_pipeline_less_than_two:sm0:5:sm1  ; work         ;
;                      |sld_sbpmg:\gen_sbpmg_pipeline_less_than_two:sm0:6:sm1|                            ; 2 (2)             ; 2 (2)        ; 0           ; 0            ; 0       ; 0         ; 0    ; 0            ; |ov5640_lcd|sld_signaltap:auto_signaltap_0|sld_signaltap_impl:sld_signaltap_body|sld_signaltap_implb:sld_signaltap_body|sld_ela_control:ela_control|sld_ela_basic_multi_level_trigger:\basic_multi_level_mbpm_trigger_gen:multi_level_mbpm|sld_mbpmg:\trigger_modules_gen:0:trigger_match|sld_sbpmg:\gen_sbpmg_pipeline_less_than_two:sm0:6:sm1  ; work         ;
;                      |sld_sbpmg:\gen_sbpmg_pipeline_less_than_two:sm0:7:sm1|                            ; 2 (2)             ; 2 (2)        ; 0           ; 0            ; 0       ; 0         ; 0    ; 0            ; |ov5640_lcd|sld_signaltap:auto_signaltap_0|sld_signaltap_impl:sld_signaltap_body|sld_signaltap_implb:sld_signaltap_body|sld_ela_control:ela_control|sld_ela_basic_multi_level_trigger:\basic_multi_level_mbpm_trigger_gen:multi_level_mbpm|sld_mbpmg:\trigger_modules_gen:0:trigger_match|sld_sbpmg:\gen_sbpmg_pipeline_less_than_two:sm0:7:sm1  ; work         ;
;                      |sld_sbpmg:\gen_sbpmg_pipeline_less_than_two:sm0:8:sm1|                            ; 2 (2)             ; 2 (2)        ; 0           ; 0            ; 0       ; 0         ; 0    ; 0            ; |ov5640_lcd|sld_signaltap:auto_signaltap_0|sld_signaltap_impl:sld_signaltap_body|sld_signaltap_implb:sld_signaltap_body|sld_ela_control:ela_control|sld_ela_basic_multi_level_trigger:\basic_multi_level_mbpm_trigger_gen:multi_level_mbpm|sld_mbpmg:\trigger_modules_gen:0:trigger_match|sld_sbpmg:\gen_sbpmg_pipeline_less_than_two:sm0:8:sm1  ; work         ;
;                      |sld_sbpmg:\gen_sbpmg_pipeline_less_than_two:sm0:9:sm1|                            ; 2 (2)             ; 2 (2)        ; 0           ; 0            ; 0       ; 0         ; 0    ; 0            ; |ov5640_lcd|sld_signaltap:auto_signaltap_0|sld_signaltap_impl:sld_signaltap_body|sld_signaltap_implb:sld_signaltap_body|sld_ela_control:ela_control|sld_ela_basic_multi_level_trigger:\basic_multi_level_mbpm_trigger_gen:multi_level_mbpm|sld_mbpmg:\trigger_modules_gen:0:trigger_match|sld_sbpmg:\gen_sbpmg_pipeline_less_than_two:sm0:9:sm1  ; work         ;
;                |sld_ela_trigger_flow_mgr:\builtin:ela_trigger_flow_mgr_entity|                          ; 16 (16)           ; 11 (1)       ; 0           ; 0            ; 0       ; 0         ; 0    ; 0            ; |ov5640_lcd|sld_signaltap:auto_signaltap_0|sld_signaltap_impl:sld_signaltap_body|sld_signaltap_implb:sld_signaltap_body|sld_ela_control:ela_control|sld_ela_trigger_flow_mgr:\builtin:ela_trigger_flow_mgr_entity                                                                                                                                ; work         ;
;                   |lpm_shiftreg:trigger_config_deserialize|                                             ; 0 (0)             ; 10 (10)      ; 0           ; 0            ; 0       ; 0         ; 0    ; 0            ; |ov5640_lcd|sld_signaltap:auto_signaltap_0|sld_signaltap_impl:sld_signaltap_body|sld_signaltap_implb:sld_signaltap_body|sld_ela_control:ela_control|sld_ela_trigger_flow_mgr:\builtin:ela_trigger_flow_mgr_entity|lpm_shiftreg:trigger_config_deserialize                                                                                        ; work         ;
;             |sld_offload_buffer_mgr:\stp_non_zero_depth_offload_gen:stp_offload_buff_mgr_inst|          ; 132 (10)          ; 116 (0)      ; 0           ; 0            ; 0       ; 0         ; 0    ; 0            ; |ov5640_lcd|sld_signaltap:auto_signaltap_0|sld_signaltap_impl:sld_signaltap_body|sld_signaltap_implb:sld_signaltap_body|sld_offload_buffer_mgr:\stp_non_zero_depth_offload_gen:stp_offload_buff_mgr_inst                                                                                                                                         ; work         ;
;                |lpm_counter:\adv_point_3_and_more:advance_pointer_counter|                              ; 8 (0)             ; 6 (0)        ; 0           ; 0            ; 0       ; 0         ; 0    ; 0            ; |ov5640_lcd|sld_signaltap:auto_signaltap_0|sld_signaltap_impl:sld_signaltap_body|sld_signaltap_implb:sld_signaltap_body|sld_offload_buffer_mgr:\stp_non_zero_depth_offload_gen:stp_offload_buff_mgr_inst|lpm_counter:\adv_point_3_and_more:advance_pointer_counter                                                                               ; work         ;
;                   |cntr_pgi:auto_generated|                                                             ; 8 (8)             ; 6 (6)        ; 0           ; 0            ; 0       ; 0         ; 0    ; 0            ; |ov5640_lcd|sld_signaltap:auto_signaltap_0|sld_signaltap_impl:sld_signaltap_body|sld_signaltap_implb:sld_signaltap_body|sld_offload_buffer_mgr:\stp_non_zero_depth_offload_gen:stp_offload_buff_mgr_inst|lpm_counter:\adv_point_3_and_more:advance_pointer_counter|cntr_pgi:auto_generated                                                       ; work         ;
;                |lpm_counter:read_pointer_counter|                                                       ; 11 (0)            ; 11 (0)       ; 0           ; 0            ; 0       ; 0         ; 0    ; 0            ; |ov5640_lcd|sld_signaltap:auto_signaltap_0|sld_signaltap_impl:sld_signaltap_body|sld_signaltap_implb:sld_signaltap_body|sld_offload_buffer_mgr:\stp_non_zero_depth_offload_gen:stp_offload_buff_mgr_inst|lpm_counter:read_pointer_counter                                                                                                        ; work         ;
;                   |cntr_g9j:auto_generated|                                                             ; 11 (11)           ; 11 (11)      ; 0           ; 0            ; 0       ; 0         ; 0    ; 0            ; |ov5640_lcd|sld_signaltap:auto_signaltap_0|sld_signaltap_impl:sld_signaltap_body|sld_signaltap_implb:sld_signaltap_body|sld_offload_buffer_mgr:\stp_non_zero_depth_offload_gen:stp_offload_buff_mgr_inst|lpm_counter:read_pointer_counter|cntr_g9j:auto_generated                                                                                ; work         ;
;                |lpm_counter:status_advance_pointer_counter|                                             ; 7 (0)             ; 5 (0)        ; 0           ; 0            ; 0       ; 0         ; 0    ; 0            ; |ov5640_lcd|sld_signaltap:auto_signaltap_0|sld_signaltap_impl:sld_signaltap_body|sld_signaltap_implb:sld_signaltap_body|sld_offload_buffer_mgr:\stp_non_zero_depth_offload_gen:stp_offload_buff_mgr_inst|lpm_counter:status_advance_pointer_counter                                                                                              ; work         ;
;                   |cntr_fgi:auto_generated|                                                             ; 7 (7)             ; 5 (5)        ; 0           ; 0            ; 0       ; 0         ; 0    ; 0            ; |ov5640_lcd|sld_signaltap:auto_signaltap_0|sld_signaltap_impl:sld_signaltap_body|sld_signaltap_implb:sld_signaltap_body|sld_offload_buffer_mgr:\stp_non_zero_depth_offload_gen:stp_offload_buff_mgr_inst|lpm_counter:status_advance_pointer_counter|cntr_fgi:auto_generated                                                                      ; work         ;
;                |lpm_counter:status_read_pointer_counter|                                                ; 3 (0)             ; 1 (0)        ; 0           ; 0            ; 0       ; 0         ; 0    ; 0            ; |ov5640_lcd|sld_signaltap:auto_signaltap_0|sld_signaltap_impl:sld_signaltap_body|sld_signaltap_implb:sld_signaltap_body|sld_offload_buffer_mgr:\stp_non_zero_depth_offload_gen:stp_offload_buff_mgr_inst|lpm_counter:status_read_pointer_counter                                                                                                 ; work         ;
;                   |cntr_23j:auto_generated|                                                             ; 3 (3)             ; 1 (1)        ; 0           ; 0            ; 0       ; 0         ; 0    ; 0            ; |ov5640_lcd|sld_signaltap:auto_signaltap_0|sld_signaltap_impl:sld_signaltap_body|sld_signaltap_implb:sld_signaltap_body|sld_offload_buffer_mgr:\stp_non_zero_depth_offload_gen:stp_offload_buff_mgr_inst|lpm_counter:status_read_pointer_counter|cntr_23j:auto_generated                                                                         ; work         ;
;                |lpm_shiftreg:info_data_shift_out|                                                       ; 23 (23)           ; 23 (23)      ; 0           ; 0            ; 0       ; 0         ; 0    ; 0            ; |ov5640_lcd|sld_signaltap:auto_signaltap_0|sld_signaltap_impl:sld_signaltap_body|sld_signaltap_implb:sld_signaltap_body|sld_offload_buffer_mgr:\stp_non_zero_depth_offload_gen:stp_offload_buff_mgr_inst|lpm_shiftreg:info_data_shift_out                                                                                                        ; work         ;
;                |lpm_shiftreg:ram_data_shift_out|                                                        ; 47 (47)           ; 47 (47)      ; 0           ; 0            ; 0       ; 0         ; 0    ; 0            ; |ov5640_lcd|sld_signaltap:auto_signaltap_0|sld_signaltap_impl:sld_signaltap_body|sld_signaltap_implb:sld_signaltap_body|sld_offload_buffer_mgr:\stp_non_zero_depth_offload_gen:stp_offload_buff_mgr_inst|lpm_shiftreg:ram_data_shift_out                                                                                                         ; work         ;
;                |lpm_shiftreg:status_data_shift_out|                                                     ; 23 (23)           ; 23 (23)      ; 0           ; 0            ; 0       ; 0         ; 0    ; 0            ; |ov5640_lcd|sld_signaltap:auto_signaltap_0|sld_signaltap_impl:sld_signaltap_body|sld_signaltap_implb:sld_signaltap_body|sld_offload_buffer_mgr:\stp_non_zero_depth_offload_gen:stp_offload_buff_mgr_inst|lpm_shiftreg:status_data_shift_out                                                                                                      ; work         ;
;             |sld_rom_sr:crc_rom_sr|                                                                     ; 18 (18)           ; 8 (8)        ; 0           ; 0            ; 0       ; 0         ; 0    ; 0            ; |ov5640_lcd|sld_signaltap:auto_signaltap_0|sld_signaltap_impl:sld_signaltap_body|sld_signaltap_implb:sld_signaltap_body|sld_rom_sr:crc_rom_sr                                                                                                                                                                                                    ; work         ;
;    |to8:u_to8|                                                                                          ; 132 (0)           ; 166 (0)      ; 131072      ; 0            ; 0       ; 0         ; 0    ; 0            ; |ov5640_lcd|to8:u_to8                                                                                                                                                                                                                                                                                                                            ; work         ;
;       |dcfifo_mixed_widths:dcfifo_mixed_widths_component|                                               ; 132 (0)           ; 166 (0)      ; 131072      ; 0            ; 0       ; 0         ; 0    ; 0            ; |ov5640_lcd|to8:u_to8|dcfifo_mixed_widths:dcfifo_mixed_widths_component                                                                                                                                                                                                                                                                          ; work         ;
;          |dcfifo_0bh1:auto_generated|                                                                   ; 132 (17)          ; 166 (42)     ; 131072      ; 0            ; 0       ; 0         ; 0    ; 0            ; |ov5640_lcd|to8:u_to8|dcfifo_mixed_widths:dcfifo_mixed_widths_component|dcfifo_0bh1:auto_generated                                                                                                                                                                                                                                               ; work         ;
;             |a_gray2bin_aib:wrptr_g_gray2bin|                                                           ; 13 (13)           ; 0 (0)        ; 0           ; 0            ; 0       ; 0         ; 0    ; 0            ; |ov5640_lcd|to8:u_to8|dcfifo_mixed_widths:dcfifo_mixed_widths_component|dcfifo_0bh1:auto_generated|a_gray2bin_aib:wrptr_g_gray2bin                                                                                                                                                                                                               ; work         ;
;             |a_gray2bin_aib:ws_dgrp_gray2bin|                                                           ; 13 (13)           ; 0 (0)        ; 0           ; 0            ; 0       ; 0         ; 0    ; 0            ; |ov5640_lcd|to8:u_to8|dcfifo_mixed_widths:dcfifo_mixed_widths_component|dcfifo_0bh1:auto_generated|a_gray2bin_aib:ws_dgrp_gray2bin                                                                                                                                                                                                               ; work         ;
;             |a_graycounter_37c:wrptr_g1p|                                                               ; 27 (27)           ; 19 (19)      ; 0           ; 0            ; 0       ; 0         ; 0    ; 0            ; |ov5640_lcd|to8:u_to8|dcfifo_mixed_widths:dcfifo_mixed_widths_component|dcfifo_0bh1:auto_generated|a_graycounter_37c:wrptr_g1p                                                                                                                                                                                                                   ; work         ;
;             |a_graycounter_6p6:rdptr_g1p|                                                               ; 26 (26)           ; 19 (19)      ; 0           ; 0            ; 0       ; 0         ; 0    ; 0            ; |ov5640_lcd|to8:u_to8|dcfifo_mixed_widths:dcfifo_mixed_widths_component|dcfifo_0bh1:auto_generated|a_graycounter_6p6:rdptr_g1p                                                                                                                                                                                                                   ; work         ;
;             |alt_synch_pipe_k7d:rs_dgwp|                                                                ; 0 (0)             ; 28 (0)       ; 0           ; 0            ; 0       ; 0         ; 0    ; 0            ; |ov5640_lcd|to8:u_to8|dcfifo_mixed_widths:dcfifo_mixed_widths_component|dcfifo_0bh1:auto_generated|alt_synch_pipe_k7d:rs_dgwp                                                                                                                                                                                                                    ; work         ;
;                |dffpipe_l09:dffpipe7|                                                                   ; 0 (0)             ; 28 (28)      ; 0           ; 0            ; 0       ; 0         ; 0    ; 0            ; |ov5640_lcd|to8:u_to8|dcfifo_mixed_widths:dcfifo_mixed_widths_component|dcfifo_0bh1:auto_generated|alt_synch_pipe_k7d:rs_dgwp|dffpipe_l09:dffpipe7                                                                                                                                                                                               ; work         ;
;             |alt_synch_pipe_l7d:ws_dgrp|                                                                ; 0 (0)             ; 28 (0)       ; 0           ; 0            ; 0       ; 0         ; 0    ; 0            ; |ov5640_lcd|to8:u_to8|dcfifo_mixed_widths:dcfifo_mixed_widths_component|dcfifo_0bh1:auto_generated|alt_synch_pipe_l7d:ws_dgrp                                                                                                                                                                                                                    ; work         ;
;                |dffpipe_m09:dffpipe10|                                                                  ; 0 (0)             ; 28 (28)      ; 0           ; 0            ; 0       ; 0         ; 0    ; 0            ; |ov5640_lcd|to8:u_to8|dcfifo_mixed_widths:dcfifo_mixed_widths_component|dcfifo_0bh1:auto_generated|alt_synch_pipe_l7d:ws_dgrp|dffpipe_m09:dffpipe10                                                                                                                                                                                              ; work         ;
;             |altsyncram_i111:fifo_ram|                                                                  ; 11 (1)            ; 3 (3)        ; 131072      ; 0            ; 0       ; 0         ; 0    ; 0            ; |ov5640_lcd|to8:u_to8|dcfifo_mixed_widths:dcfifo_mixed_widths_component|dcfifo_0bh1:auto_generated|altsyncram_i111:fifo_ram                                                                                                                                                                                                                      ; work         ;
;                |decode_a87:wren_decode_a|                                                               ; 2 (2)             ; 0 (0)        ; 0           ; 0            ; 0       ; 0         ; 0    ; 0            ; |ov5640_lcd|to8:u_to8|dcfifo_mixed_widths:dcfifo_mixed_widths_component|dcfifo_0bh1:auto_generated|altsyncram_i111:fifo_ram|decode_a87:wren_decode_a                                                                                                                                                                                             ; work         ;
;                |mux_q28:mux13|                                                                          ; 8 (8)             ; 0 (0)        ; 0           ; 0            ; 0       ; 0         ; 0    ; 0            ; |ov5640_lcd|to8:u_to8|dcfifo_mixed_widths:dcfifo_mixed_widths_component|dcfifo_0bh1:auto_generated|altsyncram_i111:fifo_ram|mux_q28:mux13                                                                                                                                                                                                        ; work         ;
;             |cmpr_r76:rdempty_eq_comp|                                                                  ; 10 (10)           ; 0 (0)        ; 0           ; 0            ; 0       ; 0         ; 0    ; 0            ; |ov5640_lcd|to8:u_to8|dcfifo_mixed_widths:dcfifo_mixed_widths_component|dcfifo_0bh1:auto_generated|cmpr_r76:rdempty_eq_comp                                                                                                                                                                                                                      ; work         ;
;             |cmpr_r76:wrfull_eq_comp|                                                                   ; 11 (11)           ; 0 (0)        ; 0           ; 0            ; 0       ; 0         ; 0    ; 0            ; |ov5640_lcd|to8:u_to8|dcfifo_mixed_widths:dcfifo_mixed_widths_component|dcfifo_0bh1:auto_generated|cmpr_r76:wrfull_eq_comp                                                                                                                                                                                                                       ; work         ;
;             |cntr_old:cntr_b|                                                                           ; 4 (4)             ; 1 (1)        ; 0           ; 0            ; 0       ; 0         ; 0    ; 0            ; |ov5640_lcd|to8:u_to8|dcfifo_mixed_widths:dcfifo_mixed_widths_component|dcfifo_0bh1:auto_generated|cntr_old:cntr_b                                                                                                                                                                                                                               ; work         ;
;             |dffpipe_k09:ws_brp|                                                                        ; 0 (0)             ; 13 (13)      ; 0           ; 0            ; 0       ; 0         ; 0    ; 0            ; |ov5640_lcd|to8:u_to8|dcfifo_mixed_widths:dcfifo_mixed_widths_component|dcfifo_0bh1:auto_generated|dffpipe_k09:ws_brp                                                                                                                                                                                                                            ; work         ;
;             |dffpipe_k09:ws_bwp|                                                                        ; 0 (0)             ; 13 (13)      ; 0           ; 0            ; 0       ; 0         ; 0    ; 0            ; |ov5640_lcd|to8:u_to8|dcfifo_mixed_widths:dcfifo_mixed_widths_component|dcfifo_0bh1:auto_generated|dffpipe_k09:ws_bwp                                                                                                                                                                                                                            ; work         ;
;    |top:u_ch346_top|                                                                                    ; 492 (78)          ; 298 (50)     ; 0           ; 0            ; 0       ; 0         ; 0    ; 0            ; |ov5640_lcd|top:u_ch346_top                                                                                                                                                                                                                                                                                                                      ; work         ;
;       |loop:m_loop|                                                                                     ; 15 (15)           ; 12 (12)      ; 0           ; 0            ; 0       ; 0         ; 0    ; 0            ; |ov5640_lcd|top:u_ch346_top|loop:m_loop                                                                                                                                                                                                                                                                                                          ; work         ;
;       |rd_rst:m_rd_rst|                                                                                 ; 101 (101)         ; 63 (63)      ; 0           ; 0            ; 0       ; 0         ; 0    ; 0            ; |ov5640_lcd|top:u_ch346_top|rd_rst:m_rd_rst                                                                                                                                                                                                                                                                                                      ; work         ;
;       |recv:m_recv|                                                                                     ; 105 (105)         ; 68 (68)      ; 0           ; 0            ; 0       ; 0         ; 0    ; 0            ; |ov5640_lcd|top:u_ch346_top|recv:m_recv                                                                                                                                                                                                                                                                                                          ; work         ;
;       |send:m_send|                                                                                     ; 193 (193)         ; 105 (105)    ; 0           ; 0            ; 0       ; 0         ; 0    ; 0            ; |ov5640_lcd|top:u_ch346_top|send:m_send                                                                                                                                                                                                                                                                                                          ; work         ;
+---------------------------------------------------------------------------------------------------------+-------------------+--------------+-------------+--------------+---------+-----------+------+--------------+--------------------------------------------------------------------------------------------------------------------------------------------------------------------------------------------------------------------------------------------------------------------------------------------------------------------------------------------------+--------------+
Note: For table entries with two numbers listed, the numbers in parentheses indicate the number of resources of the given type used by the specific entity alone. The numbers listed outside of parentheses indicate the total resources of the given type used by the specific entity and all of its sub-entities in the hierarchy.


+-------------------------------------------------------------------------------------------------------------------------------------------------------------------------------------------------------------------------------------------------------------------------------------------------------------+
; Analysis & Synthesis RAM Summary                                                                                                                                                                                                                                                                            ;
+-------------------------------------------------------------------------------------------------------------------------------------------------------------------------------------------------------+------+------------------+--------------+--------------+--------------+--------------+--------+------+
; Name                                                                                                                                                                                                  ; Type ; Mode             ; Port A Depth ; Port A Width ; Port B Depth ; Port B Width ; Size   ; MIF  ;
+-------------------------------------------------------------------------------------------------------------------------------------------------------------------------------------------------------+------+------------------+--------------+--------------+--------------+--------------+--------+------+
; sdram_top:u_sdram_top|sdram_fifo_ctrl:u_sdram_fifo_ctrl|rdfifo:u_rdfifo|dcfifo:dcfifo_component|dcfifo_aol1:auto_generated|altsyncram_em31:fifo_ram|ALTSYNCRAM                                        ; AUTO ; Simple Dual Port ; 1024         ; 16           ; 1024         ; 16           ; 16384  ; None ;
; sdram_top:u_sdram_top|sdram_fifo_ctrl:u_sdram_fifo_ctrl|wrfifo:u_wrfifo|dcfifo:dcfifo_component|dcfifo_nnl1:auto_generated|altsyncram_em31:fifo_ram|ALTSYNCRAM                                        ; AUTO ; Simple Dual Port ; 1024         ; 16           ; 1024         ; 16           ; 16384  ; None ;
; sld_signaltap:auto_signaltap_0|sld_signaltap_impl:sld_signaltap_body|sld_signaltap_implb:sld_signaltap_body|altsyncram:\stp_non_zero_ram_gen:stp_buffer_ram|altsyncram_d124:auto_generated|ALTSYNCRAM ; AUTO ; Simple Dual Port ; 2048         ; 47           ; 2048         ; 47           ; 96256  ; None ;
; to8:u_to8|dcfifo_mixed_widths:dcfifo_mixed_widths_component|dcfifo_0bh1:auto_generated|altsyncram_i111:fifo_ram|ALTSYNCRAM                                                                            ; AUTO ; Simple Dual Port ; 8192         ; 16           ; 16384        ; 8            ; 131072 ; None ;
+-------------------------------------------------------------------------------------------------------------------------------------------------------------------------------------------------------+------+------------------+--------------+--------------+--------------+--------------+--------+------+


+---------------------------------------------------------------------------------------------------------------------------------------------------------------------------------------------------------------------+
; Analysis & Synthesis IP Cores Summary                                                                                                                                                                               ;
+--------+--------------+---------+--------------+--------------+-------------------------------------------------------------------------------------+---------------------------------------------------------------+
; Vendor ; IP Core Name ; Version ; Release Date ; License Type ; Entity Instance                                                                     ; IP Include File                                               ;
+--------+--------------+---------+--------------+--------------+-------------------------------------------------------------------------------------+---------------------------------------------------------------+
; Altera ; ALTPLL       ; 13.0    ; N/A          ; N/A          ; |ov5640_lcd|pll:u_pll                                                               ; C:/Users/28473/Desktop/test8/13_ov5640_lcd/par/ipcore/pll.v   ;
; Altera ; FIFO         ; N/A     ; N/A          ; N/A          ; |ov5640_lcd|sdram_top:u_sdram_top|sdram_fifo_ctrl:u_sdram_fifo_ctrl|rdfifo:u_rdfifo ; C:/Users/28473/Desktop/test8/13_ov5640_lcd/rtl/sdram/rdfifo.v ;
; Altera ; FIFO         ; N/A     ; N/A          ; N/A          ; |ov5640_lcd|sdram_top:u_sdram_top|sdram_fifo_ctrl:u_sdram_fifo_ctrl|wrfifo:u_wrfifo ; C:/Users/28473/Desktop/test8/13_ov5640_lcd/rtl/sdram/wrfifo.v ;
; Altera ; FIFO         ; 13.0    ; N/A          ; N/A          ; |ov5640_lcd|to8:u_to8                                                               ; C:/Users/28473/Desktop/test8/13_ov5640_lcd/par/to8.vhd        ;
+--------+--------------+---------+--------------+--------------+-------------------------------------------------------------------------------------+---------------------------------------------------------------+


Encoding Type:  One-Hot
+---------------------------------------------------------------------------------------------------------------------------------------------------------------------------------------------------------------------------+
; State Machine - |ov5640_lcd|top:u_ch346_top|loop:m_loop|reg_nxt_state                                                                                                                                                     ;
+-------------------------+----------------------+-----------------------+-------------------------+------------------------+----------------------+-------------------------+----------------------+-----------------------+
; Name                    ; reg_nxt_state.ST_END ; reg_nxt_state.ST_DATA ; reg_nxt_state.ST_RD_DLY ; reg_nxt_state.ST_INDEX ; reg_nxt_state.ST_LEN ; reg_nxt_state.ST_OFFSET ; reg_nxt_state.ST_CMD ; reg_nxt_state.ST_IDLE ;
+-------------------------+----------------------+-----------------------+-------------------------+------------------------+----------------------+-------------------------+----------------------+-----------------------+
; reg_nxt_state.ST_IDLE   ; 0                    ; 0                     ; 0                       ; 0                      ; 0                    ; 0                       ; 0                    ; 0                     ;
; reg_nxt_state.ST_CMD    ; 0                    ; 0                     ; 0                       ; 0                      ; 0                    ; 0                       ; 1                    ; 1                     ;
; reg_nxt_state.ST_OFFSET ; 0                    ; 0                     ; 0                       ; 0                      ; 0                    ; 1                       ; 0                    ; 1                     ;
; reg_nxt_state.ST_LEN    ; 0                    ; 0                     ; 0                       ; 0                      ; 1                    ; 0                       ; 0                    ; 1                     ;
; reg_nxt_state.ST_INDEX  ; 0                    ; 0                     ; 0                       ; 1                      ; 0                    ; 0                       ; 0                    ; 1                     ;
; reg_nxt_state.ST_RD_DLY ; 0                    ; 0                     ; 1                       ; 0                      ; 0                    ; 0                       ; 0                    ; 1                     ;
; reg_nxt_state.ST_DATA   ; 0                    ; 1                     ; 0                       ; 0                      ; 0                    ; 0                       ; 0                    ; 1                     ;
; reg_nxt_state.ST_END    ; 1                    ; 0                     ; 0                       ; 0                      ; 0                    ; 0                       ; 0                    ; 1                     ;
+-------------------------+----------------------+-----------------------+-------------------------+------------------------+----------------------+-------------------------+----------------------+-----------------------+


Encoding Type:  One-Hot
+---------------------------------------------------------------------------------------------------------------------------------------------------------------------------------------------------------------------------+
; State Machine - |ov5640_lcd|top:u_ch346_top|loop:m_loop|reg_cur_state                                                                                                                                                     ;
+-------------------------+----------------------+-----------------------+-------------------------+------------------------+----------------------+-------------------------+----------------------+-----------------------+
; Name                    ; reg_cur_state.ST_END ; reg_cur_state.ST_DATA ; reg_cur_state.ST_RD_DLY ; reg_cur_state.ST_INDEX ; reg_cur_state.ST_LEN ; reg_cur_state.ST_OFFSET ; reg_cur_state.ST_CMD ; reg_cur_state.ST_IDLE ;
+-------------------------+----------------------+-----------------------+-------------------------+------------------------+----------------------+-------------------------+----------------------+-----------------------+
; reg_cur_state.ST_IDLE   ; 0                    ; 0                     ; 0                       ; 0                      ; 0                    ; 0                       ; 0                    ; 0                     ;
; reg_cur_state.ST_CMD    ; 0                    ; 0                     ; 0                       ; 0                      ; 0                    ; 0                       ; 1                    ; 1                     ;
; reg_cur_state.ST_OFFSET ; 0                    ; 0                     ; 0                       ; 0                      ; 0                    ; 1                       ; 0                    ; 1                     ;
; reg_cur_state.ST_LEN    ; 0                    ; 0                     ; 0                       ; 0                      ; 1                    ; 0                       ; 0                    ; 1                     ;
; reg_cur_state.ST_INDEX  ; 0                    ; 0                     ; 0                       ; 1                      ; 0                    ; 0                       ; 0                    ; 1                     ;
; reg_cur_state.ST_RD_DLY ; 0                    ; 0                     ; 1                       ; 0                      ; 0                    ; 0                       ; 0                    ; 1                     ;
; reg_cur_state.ST_DATA   ; 0                    ; 1                     ; 0                       ; 0                      ; 0                    ; 0                       ; 0                    ; 1                     ;
; reg_cur_state.ST_END    ; 1                    ; 0                     ; 0                       ; 0                      ; 0                    ; 0                       ; 0                    ; 1                     ;
+-------------------------+----------------------+-----------------------+-------------------------+------------------------+----------------------+-------------------------+----------------------+-----------------------+


Encoding Type:  One-Hot
+---------------------------------------------------------------------------------------------------------------------------------------------------------------------------------------------------------------------------+
; State Machine - |ov5640_lcd|top:u_ch346_top|recv:m_recv|reg_nxt_state                                                                                                                                                     ;
+-------------------------+----------------------+-----------------------+-------------------------+------------------------+----------------------+-------------------------+----------------------+-----------------------+
; Name                    ; reg_nxt_state.ST_END ; reg_nxt_state.ST_DATA ; reg_nxt_state.ST_RD_DLY ; reg_nxt_state.ST_INDEX ; reg_nxt_state.ST_LEN ; reg_nxt_state.ST_OFFSET ; reg_nxt_state.ST_CMD ; reg_nxt_state.ST_IDLE ;
+-------------------------+----------------------+-----------------------+-------------------------+------------------------+----------------------+-------------------------+----------------------+-----------------------+
; reg_nxt_state.ST_IDLE   ; 0                    ; 0                     ; 0                       ; 0                      ; 0                    ; 0                       ; 0                    ; 0                     ;
; reg_nxt_state.ST_CMD    ; 0                    ; 0                     ; 0                       ; 0                      ; 0                    ; 0                       ; 1                    ; 1                     ;
; reg_nxt_state.ST_OFFSET ; 0                    ; 0                     ; 0                       ; 0                      ; 0                    ; 1                       ; 0                    ; 1                     ;
; reg_nxt_state.ST_LEN    ; 0                    ; 0                     ; 0                       ; 0                      ; 1                    ; 0                       ; 0                    ; 1                     ;
; reg_nxt_state.ST_INDEX  ; 0                    ; 0                     ; 0                       ; 1                      ; 0                    ; 0                       ; 0                    ; 1                     ;
; reg_nxt_state.ST_RD_DLY ; 0                    ; 0                     ; 1                       ; 0                      ; 0                    ; 0                       ; 0                    ; 1                     ;
; reg_nxt_state.ST_DATA   ; 0                    ; 1                     ; 0                       ; 0                      ; 0                    ; 0                       ; 0                    ; 1                     ;
; reg_nxt_state.ST_END    ; 1                    ; 0                     ; 0                       ; 0                      ; 0                    ; 0                       ; 0                    ; 1                     ;
+-------------------------+----------------------+-----------------------+-------------------------+------------------------+----------------------+-------------------------+----------------------+-----------------------+


Encoding Type:  One-Hot
+---------------------------------------------------------------------------------------------------------------------------------------------------------------------------------------------------------------------------+
; State Machine - |ov5640_lcd|top:u_ch346_top|recv:m_recv|reg_cur_state                                                                                                                                                     ;
+-------------------------+----------------------+-----------------------+-------------------------+------------------------+----------------------+-------------------------+----------------------+-----------------------+
; Name                    ; reg_cur_state.ST_END ; reg_cur_state.ST_DATA ; reg_cur_state.ST_RD_DLY ; reg_cur_state.ST_INDEX ; reg_cur_state.ST_LEN ; reg_cur_state.ST_OFFSET ; reg_cur_state.ST_CMD ; reg_cur_state.ST_IDLE ;
+-------------------------+----------------------+-----------------------+-------------------------+------------------------+----------------------+-------------------------+----------------------+-----------------------+
; reg_cur_state.ST_IDLE   ; 0                    ; 0                     ; 0                       ; 0                      ; 0                    ; 0                       ; 0                    ; 0                     ;
; reg_cur_state.ST_CMD    ; 0                    ; 0                     ; 0                       ; 0                      ; 0                    ; 0                       ; 1                    ; 1                     ;
; reg_cur_state.ST_OFFSET ; 0                    ; 0                     ; 0                       ; 0                      ; 0                    ; 1                       ; 0                    ; 1                     ;
; reg_cur_state.ST_LEN    ; 0                    ; 0                     ; 0                       ; 0                      ; 1                    ; 0                       ; 0                    ; 1                     ;
; reg_cur_state.ST_INDEX  ; 0                    ; 0                     ; 0                       ; 1                      ; 0                    ; 0                       ; 0                    ; 1                     ;
; reg_cur_state.ST_RD_DLY ; 0                    ; 0                     ; 1                       ; 0                      ; 0                    ; 0                       ; 0                    ; 1                     ;
; reg_cur_state.ST_DATA   ; 0                    ; 1                     ; 0                       ; 0                      ; 0                    ; 0                       ; 0                    ; 1                     ;
; reg_cur_state.ST_END    ; 1                    ; 0                     ; 0                       ; 0                      ; 0                    ; 0                       ; 0                    ; 1                     ;
+-------------------------+----------------------+-----------------------+-------------------------+------------------------+----------------------+-------------------------+----------------------+-----------------------+


Encoding Type:  One-Hot
+---------------------------------------------------------------------------------------------------------------------------------------------------------------------------------------------------------------------------------------------------+
; State Machine - |ov5640_lcd|top:u_ch346_top|send:m_send|reg_nxt_state                                                                                                                                                                             ;
+-------------------------+-----------------------+-----------------------+------------------------+-------------------------+----------------------+-------------------------+----------------------+-----------------------+----------------------+
; Name                    ; reg_nxt_state.ST_DATA ; reg_nxt_state.ST_HEAD ; reg_nxt_state.ST_INDEX ; reg_nxt_state.ST_WR_DLY ; reg_nxt_state.ST_LEN ; reg_nxt_state.ST_OFFSET ; reg_nxt_state.ST_CMD ; reg_nxt_state.ST_IDLE ; reg_nxt_state.ST_END ;
+-------------------------+-----------------------+-----------------------+------------------------+-------------------------+----------------------+-------------------------+----------------------+-----------------------+----------------------+
; reg_nxt_state.ST_IDLE   ; 0                     ; 0                     ; 0                      ; 0                       ; 0                    ; 0                       ; 0                    ; 0                     ; 0                    ;
; reg_nxt_state.ST_CMD    ; 0                     ; 0                     ; 0                      ; 0                       ; 0                    ; 0                       ; 1                    ; 1                     ; 0                    ;
; reg_nxt_state.ST_OFFSET ; 0                     ; 0                     ; 0                      ; 0                       ; 0                    ; 1                       ; 0                    ; 1                     ; 0                    ;
; reg_nxt_state.ST_LEN    ; 0                     ; 0                     ; 0                      ; 0                       ; 1                    ; 0                       ; 0                    ; 1                     ; 0                    ;
; reg_nxt_state.ST_WR_DLY ; 0                     ; 0                     ; 0                      ; 1                       ; 0                    ; 0                       ; 0                    ; 1                     ; 0                    ;
; reg_nxt_state.ST_INDEX  ; 0                     ; 0                     ; 1                      ; 0                       ; 0                    ; 0                       ; 0                    ; 1                     ; 0                    ;
; reg_nxt_state.ST_HEAD   ; 0                     ; 1                     ; 0                      ; 0                       ; 0                    ; 0                       ; 0                    ; 1                     ; 0                    ;
; reg_nxt_state.ST_DATA   ; 1                     ; 0                     ; 0                      ; 0                       ; 0                    ; 0                       ; 0                    ; 1                     ; 0                    ;
; reg_nxt_state.ST_END    ; 0                     ; 0                     ; 0                      ; 0                       ; 0                    ; 0                       ; 0                    ; 1                     ; 1                    ;
+-------------------------+-----------------------+-----------------------+------------------------+-------------------------+----------------------+-------------------------+----------------------+-----------------------+----------------------+


Encoding Type:  One-Hot
+---------------------------------------------------------------------------------------------------------------------------------------------------------------------------------------------------------------------------------------------------+
; State Machine - |ov5640_lcd|top:u_ch346_top|send:m_send|reg_cur_state                                                                                                                                                                             ;
+-------------------------+-----------------------+-----------------------+------------------------+-------------------------+----------------------+-------------------------+----------------------+-----------------------+----------------------+
; Name                    ; reg_cur_state.ST_DATA ; reg_cur_state.ST_HEAD ; reg_cur_state.ST_INDEX ; reg_cur_state.ST_WR_DLY ; reg_cur_state.ST_LEN ; reg_cur_state.ST_OFFSET ; reg_cur_state.ST_CMD ; reg_cur_state.ST_IDLE ; reg_cur_state.ST_END ;
+-------------------------+-----------------------+-----------------------+------------------------+-------------------------+----------------------+-------------------------+----------------------+-----------------------+----------------------+
; reg_cur_state.ST_IDLE   ; 0                     ; 0                     ; 0                      ; 0                       ; 0                    ; 0                       ; 0                    ; 0                     ; 0                    ;
; reg_cur_state.ST_CMD    ; 0                     ; 0                     ; 0                      ; 0                       ; 0                    ; 0                       ; 1                    ; 1                     ; 0                    ;
; reg_cur_state.ST_OFFSET ; 0                     ; 0                     ; 0                      ; 0                       ; 0                    ; 1                       ; 0                    ; 1                     ; 0                    ;
; reg_cur_state.ST_LEN    ; 0                     ; 0                     ; 0                      ; 0                       ; 1                    ; 0                       ; 0                    ; 1                     ; 0                    ;
; reg_cur_state.ST_WR_DLY ; 0                     ; 0                     ; 0                      ; 1                       ; 0                    ; 0                       ; 0                    ; 1                     ; 0                    ;
; reg_cur_state.ST_INDEX  ; 0                     ; 0                     ; 1                      ; 0                       ; 0                    ; 0                       ; 0                    ; 1                     ; 0                    ;
; reg_cur_state.ST_HEAD   ; 0                     ; 1                     ; 0                      ; 0                       ; 0                    ; 0                       ; 0                    ; 1                     ; 0                    ;
; reg_cur_state.ST_DATA   ; 1                     ; 0                     ; 0                      ; 0                       ; 0                    ; 0                       ; 0                    ; 1                     ; 0                    ;
; reg_cur_state.ST_END    ; 0                     ; 0                     ; 0                      ; 0                       ; 0                    ; 0                       ; 0                    ; 1                     ; 1                    ;
+-------------------------+-----------------------+-----------------------+------------------------+-------------------------+----------------------+-------------------------+----------------------+-----------------------+----------------------+


Encoding Type:  One-Hot
+--------------------------------------------------------------------------------------------------------------------------------------------------------------------------------------------------+
; State Machine - |ov5640_lcd|top:u_ch346_top|rd_rst:m_rd_rst|reg_nxt_state                                                                                                                        ;
+-------------------------+----------------------+-----------------------+-------------------------+----------------------+-------------------------+----------------------+-----------------------+
; Name                    ; reg_nxt_state.ST_END ; reg_nxt_state.ST_DATA ; reg_nxt_state.ST_RD_DLY ; reg_nxt_state.ST_LEN ; reg_nxt_state.ST_OFFSET ; reg_nxt_state.ST_CMD ; reg_nxt_state.ST_IDLE ;
+-------------------------+----------------------+-----------------------+-------------------------+----------------------+-------------------------+----------------------+-----------------------+
; reg_nxt_state.ST_IDLE   ; 0                    ; 0                     ; 0                       ; 0                    ; 0                       ; 0                    ; 0                     ;
; reg_nxt_state.ST_CMD    ; 0                    ; 0                     ; 0                       ; 0                    ; 0                       ; 1                    ; 1                     ;
; reg_nxt_state.ST_OFFSET ; 0                    ; 0                     ; 0                       ; 0                    ; 1                       ; 0                    ; 1                     ;
; reg_nxt_state.ST_LEN    ; 0                    ; 0                     ; 0                       ; 1                    ; 0                       ; 0                    ; 1                     ;
; reg_nxt_state.ST_RD_DLY ; 0                    ; 0                     ; 1                       ; 0                    ; 0                       ; 0                    ; 1                     ;
; reg_nxt_state.ST_DATA   ; 0                    ; 1                     ; 0                       ; 0                    ; 0                       ; 0                    ; 1                     ;
; reg_nxt_state.ST_END    ; 1                    ; 0                     ; 0                       ; 0                    ; 0                       ; 0                    ; 1                     ;
+-------------------------+----------------------+-----------------------+-------------------------+----------------------+-------------------------+----------------------+-----------------------+


Encoding Type:  One-Hot
+--------------------------------------------------------------------------------------------------------------------------------------------------------------------------------------------------+
; State Machine - |ov5640_lcd|top:u_ch346_top|rd_rst:m_rd_rst|reg_cur_state                                                                                                                        ;
+-------------------------+----------------------+-----------------------+-------------------------+----------------------+-------------------------+----------------------+-----------------------+
; Name                    ; reg_cur_state.ST_END ; reg_cur_state.ST_DATA ; reg_cur_state.ST_RD_DLY ; reg_cur_state.ST_LEN ; reg_cur_state.ST_OFFSET ; reg_cur_state.ST_CMD ; reg_cur_state.ST_IDLE ;
+-------------------------+----------------------+-----------------------+-------------------------+----------------------+-------------------------+----------------------+-----------------------+
; reg_cur_state.ST_IDLE   ; 0                    ; 0                     ; 0                       ; 0                    ; 0                       ; 0                    ; 0                     ;
; reg_cur_state.ST_CMD    ; 0                    ; 0                     ; 0                       ; 0                    ; 0                       ; 1                    ; 1                     ;
; reg_cur_state.ST_OFFSET ; 0                    ; 0                     ; 0                       ; 0                    ; 1                       ; 0                    ; 1                     ;
; reg_cur_state.ST_LEN    ; 0                    ; 0                     ; 0                       ; 1                    ; 0                       ; 0                    ; 1                     ;
; reg_cur_state.ST_RD_DLY ; 0                    ; 0                     ; 1                       ; 0                    ; 0                       ; 0                    ; 1                     ;
; reg_cur_state.ST_DATA   ; 0                    ; 1                     ; 0                       ; 0                    ; 0                       ; 0                    ; 1                     ;
; reg_cur_state.ST_END    ; 1                    ; 0                     ; 0                       ; 0                    ; 0                       ; 0                    ; 1                     ;
+-------------------------+----------------------+-----------------------+-------------------------+----------------------+-------------------------+----------------------+-----------------------+


Encoding Type:  One-Hot
+-------------------------------------------------------------------------------------------------+
; State Machine - |ov5640_lcd|cmos_capture_data:u_cmos_capture_data|frame_state                   ;
+--------------------------+------------------+--------------------------+------------------------+
; Name                     ; frame_state.IDLE ; frame_state.FRAME_OUTPUT ; frame_state.WAIT_VSYNC ;
+--------------------------+------------------+--------------------------+------------------------+
; frame_state.IDLE         ; 0                ; 0                        ; 0                      ;
; frame_state.WAIT_VSYNC   ; 1                ; 0                        ; 1                      ;
; frame_state.FRAME_OUTPUT ; 1                ; 1                        ; 0                      ;
+--------------------------+------------------+--------------------------+------------------------+


Encoding Type:  One-Hot
+----------------------------------------------------------------------------------------------------------------------------------------------------------------------------------------------------+
; State Machine - |ov5640_lcd|i2c_dri:u_i2c_dr|cur_state                                                                                                                                             ;
+----------------------+-------------------+----------------------+----------------------+----------------------+--------------------+---------------------+---------------------+-------------------+
; Name                 ; cur_state.st_stop ; cur_state.st_data_rd ; cur_state.st_addr_rd ; cur_state.st_data_wr ; cur_state.st_addr8 ; cur_state.st_addr16 ; cur_state.st_sladdr ; cur_state.st_idle ;
+----------------------+-------------------+----------------------+----------------------+----------------------+--------------------+---------------------+---------------------+-------------------+
; cur_state.st_idle    ; 0                 ; 0                    ; 0                    ; 0                    ; 0                  ; 0                   ; 0                   ; 0                 ;
; cur_state.st_sladdr  ; 0                 ; 0                    ; 0                    ; 0                    ; 0                  ; 0                   ; 1                   ; 1                 ;
; cur_state.st_addr16  ; 0                 ; 0                    ; 0                    ; 0                    ; 0                  ; 1                   ; 0                   ; 1                 ;
; cur_state.st_addr8   ; 0                 ; 0                    ; 0                    ; 0                    ; 1                  ; 0                   ; 0                   ; 1                 ;
; cur_state.st_data_wr ; 0                 ; 0                    ; 0                    ; 1                    ; 0                  ; 0                   ; 0                   ; 1                 ;
; cur_state.st_addr_rd ; 0                 ; 0                    ; 1                    ; 0                    ; 0                  ; 0                   ; 0                   ; 1                 ;
; cur_state.st_data_rd ; 0                 ; 1                    ; 0                    ; 0                    ; 0                  ; 0                   ; 0                   ; 1                 ;
; cur_state.st_stop    ; 1                 ; 0                    ; 0                    ; 0                    ; 0                  ; 0                   ; 0                   ; 1                 ;
+----------------------+-------------------+----------------------+----------------------+----------------------+--------------------+---------------------+---------------------+-------------------+


+--------------------------------------------------------------------------------------------------------------------------------------------------------------------------------------------------------------------------------------------------+
; Registers Removed During Synthesis                                                                                                                                                                                                               ;
+-----------------------------------------------------------------------------------------------------------------------------------------------------------+--------------------------------------------------------------------------------------+
; Register name                                                                                                                                             ; Reason for Removal                                                                   ;
+-----------------------------------------------------------------------------------------------------------------------------------------------------------+--------------------------------------------------------------------------------------+
; loop_en                                                                                                                                                   ; Stuck at GND due to stuck port data_in                                               ;
; spd_sel[1]                                                                                                                                                ; Stuck at GND due to stuck port data_in                                               ;
; spd_sel[0]                                                                                                                                                ; Stuck at VCC due to stuck port data_in                                               ;
; top:u_ch346_top|reg_spd_sel[0]                                                                                                                            ; Stuck at VCC due to stuck port data_in                                               ;
; top:u_ch346_top|reg_spd_sel[1]                                                                                                                            ; Stuck at GND due to stuck port data_in                                               ;
; top:u_ch346_top|reg_data_len[0,1]                                                                                                                         ; Stuck at GND due to stuck port data_in                                               ;
; top:u_ch346_top|reg_loop_en                                                                                                                               ; Stuck at GND due to stuck port data_in                                               ;
; top:u_ch346_top|loop:m_loop|reg_data_len[0]                                                                                                               ; Stuck at GND due to stuck port data_in                                               ;
; top:u_ch346_top|loop:m_loop|reg_burst_num[0]                                                                                                              ; Stuck at GND due to stuck port data_in                                               ;
; top:u_ch346_top|loop:m_loop|reg_offset_addr[0,1]                                                                                                          ; Stuck at GND due to stuck port data_in                                               ;
; top:u_ch346_top|loop:m_loop|reg_arb                                                                                                                       ; Stuck at GND due to stuck port data_in                                               ;
; top:u_ch346_top|loop:m_loop|reg_offset_addr[7,8,14,15]                                                                                                    ; Stuck at GND due to stuck port data_in                                               ;
; top:u_ch346_top|loop:m_loop|reg_burst_num[2,3]                                                                                                            ; Stuck at GND due to stuck port data_in                                               ;
; top:u_ch346_top|loop:m_loop|reg_data_len[1]                                                                                                               ; Stuck at GND due to stuck port data_in                                               ;
; top:u_ch346_top|loop:m_loop|reg_data_len[2]                                                                                                               ; Stuck at VCC due to stuck port data_in                                               ;
; top:u_ch346_top|loop:m_loop|reg_data_len[3..8]                                                                                                            ; Stuck at GND due to stuck port data_in                                               ;
; top:u_ch346_top|loop:m_loop|reg_data_len[9]                                                                                                               ; Stuck at VCC due to stuck port data_in                                               ;
; top:u_ch346_top|loop:m_loop|reg_data_len[10..15]                                                                                                          ; Stuck at GND due to stuck port data_in                                               ;
; top:u_ch346_top|recv:m_recv|reg_data_len[0]                                                                                                               ; Stuck at GND due to stuck port data_in                                               ;
; top:u_ch346_top|recv:m_recv|reg_burst_num[0]                                                                                                              ; Stuck at GND due to stuck port data_in                                               ;
; top:u_ch346_top|recv:m_recv|reg_offset_addr[0,1,7,8,14,15]                                                                                                ; Stuck at GND due to stuck port data_in                                               ;
; top:u_ch346_top|recv:m_recv|reg_burst_num[2,3]                                                                                                            ; Stuck at GND due to stuck port data_in                                               ;
; top:u_ch346_top|recv:m_recv|reg_data_len[1]                                                                                                               ; Stuck at GND due to stuck port data_in                                               ;
; top:u_ch346_top|recv:m_recv|reg_data_len[2]                                                                                                               ; Stuck at VCC due to stuck port data_in                                               ;
; top:u_ch346_top|recv:m_recv|reg_data_len[3..8]                                                                                                            ; Stuck at GND due to stuck port data_in                                               ;
; top:u_ch346_top|recv:m_recv|reg_data_len[9]                                                                                                               ; Stuck at VCC due to stuck port data_in                                               ;
; top:u_ch346_top|recv:m_recv|reg_data_len[10..15]                                                                                                          ; Stuck at GND due to stuck port data_in                                               ;
; top:u_ch346_top|send:m_send|reg_data_len[0]                                                                                                               ; Stuck at GND due to stuck port data_in                                               ;
; top:u_ch346_top|send:m_send|reg_burst_num[0]                                                                                                              ; Stuck at GND due to stuck port data_in                                               ;
; top:u_ch346_top|send:m_send|reg_offset_addr[0,1]                                                                                                          ; Stuck at GND due to stuck port data_in                                               ;
; top:u_ch346_top|send:m_send|reg_rd                                                                                                                        ; Stuck at GND due to stuck port data_in                                               ;
; top:u_ch346_top|send:m_send|reg_offset_addr[7,8,14,15]                                                                                                    ; Stuck at GND due to stuck port data_in                                               ;
; top:u_ch346_top|send:m_send|reg_burst_num[2,3]                                                                                                            ; Stuck at GND due to stuck port data_in                                               ;
; top:u_ch346_top|send:m_send|reg_data_len[1]                                                                                                               ; Stuck at GND due to stuck port data_in                                               ;
; top:u_ch346_top|send:m_send|reg_data_len[2]                                                                                                               ; Stuck at VCC due to stuck port data_in                                               ;
; top:u_ch346_top|send:m_send|reg_data_len[3..8]                                                                                                            ; Stuck at GND due to stuck port data_in                                               ;
; top:u_ch346_top|send:m_send|reg_data_len[9]                                                                                                               ; Stuck at VCC due to stuck port data_in                                               ;
; top:u_ch346_top|send:m_send|reg_data_len[10..15]                                                                                                          ; Stuck at GND due to stuck port data_in                                               ;
; top:u_ch346_top|rd_rst:m_rd_rst|reg_data_len[0]                                                                                                           ; Stuck at VCC due to stuck port data_in                                               ;
; top:u_ch346_top|rd_rst:m_rd_rst|reg_offset_addr[0..15]                                                                                                    ; Stuck at GND due to stuck port data_in                                               ;
; top:u_ch346_top|rd_rst:m_rd_rst|reg_data_len[1..15]                                                                                                       ; Stuck at GND due to stuck port data_in                                               ;
; sdram_top:u_sdram_top|sdram_controller:u_sdram_controller|sdram_ctrl:u_sdram_ctrl|init_state[3,4]                                                         ; Stuck at GND due to stuck port data_in                                               ;
; i2c_ov5640_rgb565_cfg:u_i2c_cfg|i2c_data[14,23]                                                                                                           ; Stuck at GND due to stuck port data_in                                               ;
; top:u_ch346_top|loop:m_loop|reg_burst_cnt[0..4]                                                                                                           ; Stuck at GND due to stuck port clock_enable                                          ;
; top:u_ch346_top|loop:m_loop|reg_burst_num[1,4]                                                                                                            ; Lost fanout                                                                          ;
; top:u_ch346_top|loop:m_loop|reg_offset_addr[2..6,9..13]                                                                                                   ; Stuck at GND due to stuck port data_in                                               ;
; lcd:u_lcd|clk_div:u_clk_div|clk_50m                                                                                                                       ; Lost fanout                                                                          ;
; i2c_dri:u_i2c_dr|addr_t[6,15]                                                                                                                             ; Stuck at GND due to stuck port data_in                                               ;
; to8:u_to8|dcfifo_mixed_widths:dcfifo_mixed_widths_component|dcfifo_0bh1:auto_generated|dffpipe_k09:ws_bwp|dffe6a[13]                                      ; Lost fanout                                                                          ;
; to8:u_to8|dcfifo_mixed_widths:dcfifo_mixed_widths_component|dcfifo_0bh1:auto_generated|dffpipe_k09:ws_brp|dffe6a[13]                                      ; Lost fanout                                                                          ;
; sdram_top:u_sdram_top|sdram_fifo_ctrl:u_sdram_fifo_ctrl|rdfifo:u_rdfifo|dcfifo:dcfifo_component|dcfifo_aol1:auto_generated|dffpipe_pe9:ws_bwp|dffe10a[10] ; Lost fanout                                                                          ;
; sdram_top:u_sdram_top|sdram_fifo_ctrl:u_sdram_fifo_ctrl|rdfifo:u_rdfifo|dcfifo:dcfifo_component|dcfifo_aol1:auto_generated|dffpipe_pe9:ws_brp|dffe10a[10] ; Lost fanout                                                                          ;
; sdram_top:u_sdram_top|sdram_fifo_ctrl:u_sdram_fifo_ctrl|wrfifo:u_wrfifo|dcfifo:dcfifo_component|dcfifo_nnl1:auto_generated|dffpipe_pe9:rs_bwp|dffe10a[10] ; Lost fanout                                                                          ;
; sdram_top:u_sdram_top|sdram_fifo_ctrl:u_sdram_fifo_ctrl|wrfifo:u_wrfifo|dcfifo:dcfifo_component|dcfifo_nnl1:auto_generated|dffpipe_pe9:rs_brp|dffe10a[10] ; Lost fanout                                                                          ;
; top:u_ch346_top|recv:m_recv|reg_offset_addr[9]                                                                                                            ; Merged with top:u_ch346_top|recv:m_recv|reg_offset_addr[2]                           ;
; top:u_ch346_top|recv:m_recv|reg_offset_addr[10]                                                                                                           ; Merged with top:u_ch346_top|recv:m_recv|reg_offset_addr[3]                           ;
; top:u_ch346_top|recv:m_recv|reg_offset_addr[11]                                                                                                           ; Merged with top:u_ch346_top|recv:m_recv|reg_offset_addr[4]                           ;
; top:u_ch346_top|recv:m_recv|reg_offset_addr[12]                                                                                                           ; Merged with top:u_ch346_top|recv:m_recv|reg_offset_addr[5]                           ;
; top:u_ch346_top|recv:m_recv|reg_offset_addr[13]                                                                                                           ; Merged with top:u_ch346_top|recv:m_recv|reg_offset_addr[6]                           ;
; top:u_ch346_top|send:m_send|reg_offset_addr[9]                                                                                                            ; Merged with top:u_ch346_top|send:m_send|reg_offset_addr[2]                           ;
; top:u_ch346_top|send:m_send|reg_offset_addr[10]                                                                                                           ; Merged with top:u_ch346_top|send:m_send|reg_offset_addr[3]                           ;
; top:u_ch346_top|send:m_send|reg_offset_addr[11]                                                                                                           ; Merged with top:u_ch346_top|send:m_send|reg_offset_addr[4]                           ;
; top:u_ch346_top|send:m_send|reg_offset_addr[12]                                                                                                           ; Merged with top:u_ch346_top|send:m_send|reg_offset_addr[5]                           ;
; top:u_ch346_top|send:m_send|reg_offset_addr[13]                                                                                                           ; Merged with top:u_ch346_top|send:m_send|reg_offset_addr[6]                           ;
; sdram_top:u_sdram_top|sdram_fifo_ctrl:u_sdram_fifo_ctrl|sdram_wr_addr[0..7]                                                                               ; Merged with sdram_top:u_sdram_top|sdram_fifo_ctrl:u_sdram_fifo_ctrl|sdram_wr_addr[8] ;
; sdram_top:u_sdram_top|sdram_fifo_ctrl:u_sdram_fifo_ctrl|sdram_rd_addr[0..7]                                                                               ; Merged with sdram_top:u_sdram_top|sdram_fifo_ctrl:u_sdram_fifo_ctrl|sdram_rd_addr[8] ;
; top:u_ch346_top|loop:m_loop|reg_data[3..5,7]                                                                                                              ; Merged with top:u_ch346_top|loop:m_loop|reg_data[0]                                  ;
; top:u_ch346_top|recv:m_recv|reg_data[7]                                                                                                                   ; Merged with top:u_ch346_top|recv:m_recv|reg_data[0]                                  ;
; top:u_ch346_top|send:m_send|reg_burst_num[1]                                                                                                              ; Merged with top:u_ch346_top|recv:m_recv|reg_burst_num[1]                             ;
; top:u_ch346_top|rd_rst:m_rd_rst|reg_data[3..5,7]                                                                                                          ; Merged with top:u_ch346_top|rd_rst:m_rd_rst|reg_data[1]                              ;
; top:u_ch346_top|rd_rst:m_rd_rst|reg_data[6]                                                                                                               ; Merged with top:u_ch346_top|rd_rst:m_rd_rst|reg_data[2]                              ;
; sdram_top:u_sdram_top|sdram_fifo_ctrl:u_sdram_fifo_ctrl|wr_load_r1                                                                                        ; Merged with sdram_top:u_sdram_top|sdram_fifo_ctrl:u_sdram_fifo_ctrl|rd_load_r1       ;
; sdram_top:u_sdram_top|sdram_fifo_ctrl:u_sdram_fifo_ctrl|wr_load_r2                                                                                        ; Merged with sdram_top:u_sdram_top|sdram_fifo_ctrl:u_sdram_fifo_ctrl|rd_load_r2       ;
; top:u_ch346_top|send:m_send|reg_burst_num[4]                                                                                                              ; Merged with top:u_ch346_top|recv:m_recv|reg_burst_num[4]                             ;
; sdram_top:u_sdram_top|sdram_fifo_ctrl:u_sdram_fifo_ctrl|sdram_wr_addr[8]                                                                                  ; Stuck at GND due to stuck port data_in                                               ;
; sdram_top:u_sdram_top|sdram_fifo_ctrl:u_sdram_fifo_ctrl|sdram_rd_addr[8]                                                                                  ; Stuck at GND due to stuck port data_in                                               ;
; top:u_ch346_top|recv:m_recv|reg_burst_num[1,4]                                                                                                            ; Stuck at GND due to stuck port data_in                                               ;
; top:u_ch346_top|loop:m_loop|reg_data[6]                                                                                                                   ; Stuck at GND due to stuck port data_in                                               ;
; top:u_ch346_top|rd_rst:m_rd_rst|reg_data[2]                                                                                                               ; Stuck at GND due to stuck port data_in                                               ;
; lcd:u_lcd|clk_div:u_clk_div|cnt_10m[0..2]                                                                                                                 ; Lost fanout                                                                          ;
; lcd:u_lcd|clk_div:u_clk_div|clk_10m                                                                                                                       ; Lost fanout                                                                          ;
; top:u_ch346_top|send:m_send|reg_clk_cnt[2]                                                                                                                ; Stuck at GND due to stuck port data_in                                               ;
; top:u_ch346_top|loop:m_loop|reg_clk_cnt[2]                                                                                                                ; Stuck at GND due to stuck port data_in                                               ;
; top:u_ch346_top|recv:m_recv|reg_clk_cnt[2]                                                                                                                ; Stuck at GND due to stuck port data_in                                               ;
; top:u_ch346_top|rd_rst:m_rd_rst|reg_clk_cnt[2]                                                                                                            ; Stuck at GND due to stuck port data_in                                               ;
; sdram_top:u_sdram_top|sdram_fifo_ctrl:u_sdram_fifo_ctrl|rd_load_r1                                                                                        ; Stuck at GND due to stuck port data_in                                               ;
; sdram_top:u_sdram_top|sdram_fifo_ctrl:u_sdram_fifo_ctrl|rd_load_r2                                                                                        ; Stuck at GND due to stuck port data_in                                               ;
; top:u_ch346_top|loop:m_loop|reg_nxt_state~4                                                                                                               ; Lost fanout                                                                          ;
; top:u_ch346_top|loop:m_loop|reg_nxt_state~5                                                                                                               ; Lost fanout                                                                          ;
; top:u_ch346_top|loop:m_loop|reg_nxt_state~6                                                                                                               ; Lost fanout                                                                          ;
; top:u_ch346_top|loop:m_loop|reg_cur_state~4                                                                                                               ; Lost fanout                                                                          ;
; top:u_ch346_top|loop:m_loop|reg_cur_state~5                                                                                                               ; Lost fanout                                                                          ;
; top:u_ch346_top|loop:m_loop|reg_cur_state~6                                                                                                               ; Lost fanout                                                                          ;
; top:u_ch346_top|recv:m_recv|reg_nxt_state~4                                                                                                               ; Lost fanout                                                                          ;
; top:u_ch346_top|recv:m_recv|reg_nxt_state~5                                                                                                               ; Lost fanout                                                                          ;
; top:u_ch346_top|recv:m_recv|reg_nxt_state~6                                                                                                               ; Lost fanout                                                                          ;
; top:u_ch346_top|recv:m_recv|reg_cur_state~4                                                                                                               ; Lost fanout                                                                          ;
; top:u_ch346_top|recv:m_recv|reg_cur_state~5                                                                                                               ; Lost fanout                                                                          ;
; top:u_ch346_top|recv:m_recv|reg_cur_state~6                                                                                                               ; Lost fanout                                                                          ;
; top:u_ch346_top|send:m_send|reg_nxt_state~4                                                                                                               ; Lost fanout                                                                          ;
; top:u_ch346_top|send:m_send|reg_nxt_state~5                                                                                                               ; Lost fanout                                                                          ;
; top:u_ch346_top|send:m_send|reg_nxt_state~6                                                                                                               ; Lost fanout                                                                          ;
; top:u_ch346_top|send:m_send|reg_cur_state~4                                                                                                               ; Lost fanout                                                                          ;
; top:u_ch346_top|send:m_send|reg_cur_state~5                                                                                                               ; Lost fanout                                                                          ;
; top:u_ch346_top|send:m_send|reg_cur_state~6                                                                                                               ; Lost fanout                                                                          ;
; top:u_ch346_top|rd_rst:m_rd_rst|reg_nxt_state~4                                                                                                           ; Lost fanout                                                                          ;
; top:u_ch346_top|rd_rst:m_rd_rst|reg_nxt_state~5                                                                                                           ; Lost fanout                                                                          ;
; top:u_ch346_top|rd_rst:m_rd_rst|reg_nxt_state~6                                                                                                           ; Lost fanout                                                                          ;
; top:u_ch346_top|rd_rst:m_rd_rst|reg_cur_state~4                                                                                                           ; Lost fanout                                                                          ;
; top:u_ch346_top|rd_rst:m_rd_rst|reg_cur_state~5                                                                                                           ; Lost fanout                                                                          ;
; top:u_ch346_top|rd_rst:m_rd_rst|reg_cur_state~6                                                                                                           ; Lost fanout                                                                          ;
; top:u_ch346_top|loop:m_loop|reg_nxt_state.ST_CMD                                                                                                          ; Stuck at GND due to stuck port data_in                                               ;
; top:u_ch346_top|loop:m_loop|reg_cur_state.ST_CMD                                                                                                          ; Stuck at GND due to stuck port data_in                                               ;
; top:u_ch346_top|loop:m_loop|reg_cs                                                                                                                        ; Stuck at GND due to stuck port data_in                                               ;
; top:u_ch346_top|loop:m_loop|reg_addr                                                                                                                      ; Stuck at GND due to stuck port data_in                                               ;
; top:u_ch346_top|loop:m_loop|reg_cmd_dly_cnt[0..2]                                                                                                         ; Stuck at GND due to stuck port data_in                                               ;
; top:u_ch346_top|loop:m_loop|reg_data[0]                                                                                                                   ; Stuck at GND due to stuck port data_in                                               ;
; top:u_ch346_top|loop:m_loop|reg_nxt_state.ST_OFFSET                                                                                                       ; Stuck at GND due to stuck port data_in                                               ;
; top:u_ch346_top|loop:m_loop|reg_cur_state.ST_OFFSET                                                                                                       ; Stuck at GND due to stuck port data_in                                               ;
; top:u_ch346_top|loop:m_loop|reg_offset_cnt[0,1]                                                                                                           ; Lost fanout                                                                          ;
; top:u_ch346_top|loop:m_loop|reg_nxt_state.ST_LEN                                                                                                          ; Stuck at GND due to stuck port data_in                                               ;
; top:u_ch346_top|loop:m_loop|reg_cur_state.ST_LEN                                                                                                          ; Stuck at GND due to stuck port data_in                                               ;
; top:u_ch346_top|loop:m_loop|reg_wr                                                                                                                        ; Stuck at GND due to stuck port data_in                                               ;
; top:u_ch346_top|loop:m_loop|reg_len_cnt[0,1]                                                                                                              ; Lost fanout                                                                          ;
; top:u_ch346_top|loop:m_loop|reg_nxt_state.ST_RD_DLY                                                                                                       ; Stuck at GND due to stuck port data_in                                               ;
; top:u_ch346_top|loop:m_loop|reg_cur_state.ST_RD_DLY                                                                                                       ; Stuck at GND due to stuck port data_in                                               ;
; top:u_ch346_top|loop:m_loop|reg_data[1,2]                                                                                                                 ; Stuck at GND due to stuck port data_in                                               ;
; top:u_ch346_top|loop:m_loop|reg_nxt_state.ST_INDEX                                                                                                        ; Stuck at GND due to stuck port data_in                                               ;
; top:u_ch346_top|loop:m_loop|reg_cur_state.ST_INDEX                                                                                                        ; Stuck at GND due to stuck port data_in                                               ;
; top:u_ch346_top|loop:m_loop|reg_index_cnt[0,1]                                                                                                            ; Lost fanout                                                                          ;
; top:u_ch346_top|loop:m_loop|reg_nxt_state.ST_DATA                                                                                                         ; Stuck at GND due to stuck port data_in                                               ;
; top:u_ch346_top|loop:m_loop|reg_cur_state.ST_DATA                                                                                                         ; Stuck at GND due to stuck port data_in                                               ;
; top:u_ch346_top|loop:m_loop|reg_rd                                                                                                                        ; Stuck at GND due to stuck port data_in                                               ;
; top:u_ch346_top|loop:m_loop|reg_data_cnt[0..15]                                                                                                           ; Stuck at GND due to stuck port data_in                                               ;
; Total Number of Removed Registers = 271                                                                                                                   ;                                                                                      ;
+-----------------------------------------------------------------------------------------------------------------------------------------------------------+--------------------------------------------------------------------------------------+


+---------------------------------------------------------------------------------------------------------------------------------------------------------------------------------------------------------------------------------------+
; Removed Registers Triggering Further Register Optimizations                                                                                                                                                                           ;
+----------------------------------------------------------------------------------------------------------------------+---------------------------+------------------------------------------------------------------------------------+
; Register name                                                                                                        ; Reason for Removal        ; Registers Removed due to This Register                                             ;
+----------------------------------------------------------------------------------------------------------------------+---------------------------+------------------------------------------------------------------------------------+
; spd_sel[0]                                                                                                           ; Stuck at VCC              ; top:u_ch346_top|reg_spd_sel[0], top:u_ch346_top|send:m_send|reg_clk_cnt[2],        ;
;                                                                                                                      ; due to stuck port data_in ; top:u_ch346_top|loop:m_loop|reg_clk_cnt[2],                                        ;
;                                                                                                                      ;                           ; top:u_ch346_top|recv:m_recv|reg_clk_cnt[2],                                        ;
;                                                                                                                      ;                           ; top:u_ch346_top|rd_rst:m_rd_rst|reg_clk_cnt[2],                                    ;
;                                                                                                                      ;                           ; top:u_ch346_top|loop:m_loop|reg_addr,                                              ;
;                                                                                                                      ;                           ; top:u_ch346_top|loop:m_loop|reg_offset_cnt[1],                                     ;
;                                                                                                                      ;                           ; top:u_ch346_top|loop:m_loop|reg_offset_cnt[0], top:u_ch346_top|loop:m_loop|reg_wr, ;
;                                                                                                                      ;                           ; top:u_ch346_top|loop:m_loop|reg_len_cnt[0],                                        ;
;                                                                                                                      ;                           ; top:u_ch346_top|loop:m_loop|reg_index_cnt[1],                                      ;
;                                                                                                                      ;                           ; top:u_ch346_top|loop:m_loop|reg_index_cnt[0], top:u_ch346_top|loop:m_loop|reg_rd,  ;
;                                                                                                                      ;                           ; top:u_ch346_top|loop:m_loop|reg_data_cnt[0],                                       ;
;                                                                                                                      ;                           ; top:u_ch346_top|loop:m_loop|reg_data_cnt[1],                                       ;
;                                                                                                                      ;                           ; top:u_ch346_top|loop:m_loop|reg_data_cnt[2],                                       ;
;                                                                                                                      ;                           ; top:u_ch346_top|loop:m_loop|reg_data_cnt[3],                                       ;
;                                                                                                                      ;                           ; top:u_ch346_top|loop:m_loop|reg_data_cnt[4],                                       ;
;                                                                                                                      ;                           ; top:u_ch346_top|loop:m_loop|reg_data_cnt[5],                                       ;
;                                                                                                                      ;                           ; top:u_ch346_top|loop:m_loop|reg_data_cnt[6],                                       ;
;                                                                                                                      ;                           ; top:u_ch346_top|loop:m_loop|reg_data_cnt[7],                                       ;
;                                                                                                                      ;                           ; top:u_ch346_top|loop:m_loop|reg_data_cnt[8],                                       ;
;                                                                                                                      ;                           ; top:u_ch346_top|loop:m_loop|reg_data_cnt[9],                                       ;
;                                                                                                                      ;                           ; top:u_ch346_top|loop:m_loop|reg_data_cnt[10],                                      ;
;                                                                                                                      ;                           ; top:u_ch346_top|loop:m_loop|reg_data_cnt[11],                                      ;
;                                                                                                                      ;                           ; top:u_ch346_top|loop:m_loop|reg_data_cnt[12],                                      ;
;                                                                                                                      ;                           ; top:u_ch346_top|loop:m_loop|reg_data_cnt[13],                                      ;
;                                                                                                                      ;                           ; top:u_ch346_top|loop:m_loop|reg_data_cnt[14],                                      ;
;                                                                                                                      ;                           ; top:u_ch346_top|loop:m_loop|reg_data_cnt[15]                                       ;
; top:u_ch346_top|loop:m_loop|reg_burst_num[0]                                                                         ; Stuck at GND              ; top:u_ch346_top|loop:m_loop|reg_burst_cnt[4],                                      ;
;                                                                                                                      ; due to stuck port data_in ; top:u_ch346_top|loop:m_loop|reg_burst_cnt[3],                                      ;
;                                                                                                                      ;                           ; top:u_ch346_top|loop:m_loop|reg_burst_cnt[2],                                      ;
;                                                                                                                      ;                           ; top:u_ch346_top|loop:m_loop|reg_burst_cnt[1],                                      ;
;                                                                                                                      ;                           ; top:u_ch346_top|loop:m_loop|reg_burst_cnt[0],                                      ;
;                                                                                                                      ;                           ; top:u_ch346_top|loop:m_loop|reg_burst_num[4],                                      ;
;                                                                                                                      ;                           ; top:u_ch346_top|loop:m_loop|reg_offset_addr[2],                                    ;
;                                                                                                                      ;                           ; top:u_ch346_top|loop:m_loop|reg_offset_addr[3],                                    ;
;                                                                                                                      ;                           ; top:u_ch346_top|loop:m_loop|reg_offset_addr[4],                                    ;
;                                                                                                                      ;                           ; top:u_ch346_top|loop:m_loop|reg_offset_addr[5],                                    ;
;                                                                                                                      ;                           ; top:u_ch346_top|loop:m_loop|reg_offset_addr[6],                                    ;
;                                                                                                                      ;                           ; top:u_ch346_top|loop:m_loop|reg_offset_addr[9],                                    ;
;                                                                                                                      ;                           ; top:u_ch346_top|loop:m_loop|reg_offset_addr[10],                                   ;
;                                                                                                                      ;                           ; top:u_ch346_top|loop:m_loop|reg_offset_addr[11],                                   ;
;                                                                                                                      ;                           ; top:u_ch346_top|loop:m_loop|reg_offset_addr[12],                                   ;
;                                                                                                                      ;                           ; top:u_ch346_top|loop:m_loop|reg_offset_addr[13]                                    ;
; top:u_ch346_top|reg_data_len[0]                                                                                      ; Stuck at GND              ; top:u_ch346_top|loop:m_loop|reg_burst_num[2],                                      ;
;                                                                                                                      ; due to stuck port data_in ; top:u_ch346_top|loop:m_loop|reg_burst_num[3],                                      ;
;                                                                                                                      ;                           ; top:u_ch346_top|recv:m_recv|reg_burst_num[2],                                      ;
;                                                                                                                      ;                           ; top:u_ch346_top|recv:m_recv|reg_burst_num[3],                                      ;
;                                                                                                                      ;                           ; top:u_ch346_top|send:m_send|reg_burst_num[2],                                      ;
;                                                                                                                      ;                           ; top:u_ch346_top|send:m_send|reg_burst_num[3],                                      ;
;                                                                                                                      ;                           ; top:u_ch346_top|recv:m_recv|reg_burst_num[1],                                      ;
;                                                                                                                      ;                           ; top:u_ch346_top|recv:m_recv|reg_burst_num[4]                                       ;
; top:u_ch346_top|loop:m_loop|reg_cur_state.ST_CMD                                                                     ; Stuck at GND              ; top:u_ch346_top|loop:m_loop|reg_cs,                                                ;
;                                                                                                                      ; due to stuck port data_in ; top:u_ch346_top|loop:m_loop|reg_nxt_state.ST_OFFSET,                               ;
;                                                                                                                      ;                           ; top:u_ch346_top|loop:m_loop|reg_nxt_state.ST_LEN,                                  ;
;                                                                                                                      ;                           ; top:u_ch346_top|loop:m_loop|reg_len_cnt[1],                                        ;
;                                                                                                                      ;                           ; top:u_ch346_top|loop:m_loop|reg_nxt_state.ST_INDEX                                 ;
; loop_en                                                                                                              ; Stuck at GND              ; top:u_ch346_top|reg_loop_en                                                        ;
;                                                                                                                      ; due to stuck port data_in ;                                                                                    ;
; spd_sel[1]                                                                                                           ; Stuck at GND              ; top:u_ch346_top|reg_spd_sel[1]                                                     ;
;                                                                                                                      ; due to stuck port data_in ;                                                                                    ;
; top:u_ch346_top|loop:m_loop|reg_data_len[0]                                                                          ; Stuck at GND              ; top:u_ch346_top|loop:m_loop|reg_data[0]                                            ;
;                                                                                                                      ; due to stuck port data_in ;                                                                                    ;
; top:u_ch346_top|loop:m_loop|reg_offset_addr[1]                                                                       ; Stuck at GND              ; top:u_ch346_top|loop:m_loop|reg_data[1]                                            ;
;                                                                                                                      ; due to stuck port data_in ;                                                                                    ;
; top:u_ch346_top|loop:m_loop|reg_offset_addr[14]                                                                      ; Stuck at GND              ; top:u_ch346_top|loop:m_loop|reg_data[6]                                            ;
;                                                                                                                      ; due to stuck port data_in ;                                                                                    ;
; top:u_ch346_top|loop:m_loop|reg_data_len[2]                                                                          ; Stuck at VCC              ; top:u_ch346_top|loop:m_loop|reg_data[2]                                            ;
;                                                                                                                      ; due to stuck port data_in ;                                                                                    ;
; top:u_ch346_top|rd_rst:m_rd_rst|reg_offset_addr[2]                                                                   ; Stuck at GND              ; top:u_ch346_top|rd_rst:m_rd_rst|reg_data[2]                                        ;
;                                                                                                                      ; due to stuck port data_in ;                                                                                    ;
; i2c_ov5640_rgb565_cfg:u_i2c_cfg|i2c_data[23]                                                                         ; Stuck at GND              ; i2c_dri:u_i2c_dr|addr_t[15]                                                        ;
;                                                                                                                      ; due to stuck port data_in ;                                                                                    ;
; i2c_ov5640_rgb565_cfg:u_i2c_cfg|i2c_data[14]                                                                         ; Stuck at GND              ; i2c_dri:u_i2c_dr|addr_t[6]                                                         ;
;                                                                                                                      ; due to stuck port data_in ;                                                                                    ;
; to8:u_to8|dcfifo_mixed_widths:dcfifo_mixed_widths_component|dcfifo_0bh1:auto_generated|dffpipe_k09:ws_bwp|dffe6a[13] ; Lost Fanouts              ; lcd:u_lcd|clk_div:u_clk_div|clk_10m                                                ;
; sdram_top:u_sdram_top|sdram_fifo_ctrl:u_sdram_fifo_ctrl|rd_load_r1                                                   ; Stuck at GND              ; sdram_top:u_sdram_top|sdram_fifo_ctrl:u_sdram_fifo_ctrl|rd_load_r2                 ;
;                                                                                                                      ; due to stuck port data_in ;                                                                                    ;
+----------------------------------------------------------------------------------------------------------------------+---------------------------+------------------------------------------------------------------------------------+


+------------------------------------------------------+
; General Register Statistics                          ;
+----------------------------------------------+-------+
; Statistic                                    ; Value ;
+----------------------------------------------+-------+
; Total registers                              ; 1925  ;
; Number of registers using Synchronous Clear  ; 94    ;
; Number of registers using Synchronous Load   ; 65    ;
; Number of registers using Asynchronous Clear ; 1148  ;
; Number of registers using Asynchronous Load  ; 0     ;
; Number of registers using Clock Enable       ; 774   ;
; Number of registers using Preset             ; 0     ;
+----------------------------------------------+-------+


+------------------------------------------------------------------------------------------------------------------------------------------------------------------------------------------+
; Inverted Register Statistics                                                                                                                                                             ;
+--------------------------------------------------------------------------------------------------------------------------------------------------------------------------------+---------+
; Inverted Register                                                                                                                                                              ; Fan out ;
+--------------------------------------------------------------------------------------------------------------------------------------------------------------------------------+---------+
; i2c_dri:u_i2c_dr|scl                                                                                                                                                           ; 3       ;
; sdram_top:u_sdram_top|sdram_controller:u_sdram_controller|sdram_cmd:u_sdram_cmd|sdram_cmd_r[3]                                                                                 ; 1       ;
; sdram_top:u_sdram_top|sdram_controller:u_sdram_controller|sdram_cmd:u_sdram_cmd|sdram_cmd_r[2]                                                                                 ; 1       ;
; sdram_top:u_sdram_top|sdram_controller:u_sdram_controller|sdram_cmd:u_sdram_cmd|sdram_cmd_r[1]                                                                                 ; 1       ;
; sdram_top:u_sdram_top|sdram_controller:u_sdram_controller|sdram_cmd:u_sdram_cmd|sdram_cmd_r[0]                                                                                 ; 1       ;
; sdram_top:u_sdram_top|sdram_controller:u_sdram_controller|sdram_cmd:u_sdram_cmd|sdram_ba[0]                                                                                    ; 1       ;
; sdram_top:u_sdram_top|sdram_controller:u_sdram_controller|sdram_cmd:u_sdram_cmd|sdram_ba[1]                                                                                    ; 1       ;
; sdram_top:u_sdram_top|sdram_controller:u_sdram_controller|sdram_cmd:u_sdram_cmd|sdram_addr[0]                                                                                  ; 1       ;
; sdram_top:u_sdram_top|sdram_controller:u_sdram_controller|sdram_cmd:u_sdram_cmd|sdram_addr[1]                                                                                  ; 1       ;
; sdram_top:u_sdram_top|sdram_controller:u_sdram_controller|sdram_cmd:u_sdram_cmd|sdram_addr[2]                                                                                  ; 1       ;
; sdram_top:u_sdram_top|sdram_controller:u_sdram_controller|sdram_cmd:u_sdram_cmd|sdram_addr[3]                                                                                  ; 1       ;
; sdram_top:u_sdram_top|sdram_controller:u_sdram_controller|sdram_cmd:u_sdram_cmd|sdram_addr[4]                                                                                  ; 1       ;
; sdram_top:u_sdram_top|sdram_controller:u_sdram_controller|sdram_cmd:u_sdram_cmd|sdram_addr[5]                                                                                  ; 1       ;
; sdram_top:u_sdram_top|sdram_controller:u_sdram_controller|sdram_cmd:u_sdram_cmd|sdram_addr[6]                                                                                  ; 1       ;
; sdram_top:u_sdram_top|sdram_controller:u_sdram_controller|sdram_cmd:u_sdram_cmd|sdram_addr[7]                                                                                  ; 1       ;
; sdram_top:u_sdram_top|sdram_controller:u_sdram_controller|sdram_cmd:u_sdram_cmd|sdram_addr[8]                                                                                  ; 1       ;
; sdram_top:u_sdram_top|sdram_controller:u_sdram_controller|sdram_cmd:u_sdram_cmd|sdram_addr[9]                                                                                  ; 1       ;
; sdram_top:u_sdram_top|sdram_controller:u_sdram_controller|sdram_cmd:u_sdram_cmd|sdram_addr[10]                                                                                 ; 1       ;
; sdram_top:u_sdram_top|sdram_controller:u_sdram_controller|sdram_cmd:u_sdram_cmd|sdram_addr[11]                                                                                 ; 1       ;
; sdram_top:u_sdram_top|sdram_controller:u_sdram_controller|sdram_cmd:u_sdram_cmd|sdram_addr[12]                                                                                 ; 1       ;
; i2c_dri:u_i2c_dr|dri_clk                                                                                                                                                       ; 90      ;
; to8:u_to8|dcfifo_mixed_widths:dcfifo_mixed_widths_component|dcfifo_0bh1:auto_generated|a_graycounter_37c:wrptr_g1p|counter8a0                                                  ; 6       ;
; sdram_top:u_sdram_top|sdram_fifo_ctrl:u_sdram_fifo_ctrl|rdfifo:u_rdfifo|dcfifo:dcfifo_component|dcfifo_aol1:auto_generated|a_graycounter_2lc:wrptr_g1p|counter6a0              ; 7       ;
; sdram_top:u_sdram_top|sdram_fifo_ctrl:u_sdram_fifo_ctrl|wrfifo:u_wrfifo|dcfifo:dcfifo_component|dcfifo_nnl1:auto_generated|a_graycounter_677:rdptr_g1p|counter3a0              ; 8       ;
; sdram_top:u_sdram_top|sdram_fifo_ctrl:u_sdram_fifo_ctrl|wrfifo:u_wrfifo|dcfifo:dcfifo_component|dcfifo_nnl1:auto_generated|rdemp_eq_comp_lsb_aeb                               ; 1       ;
; sdram_top:u_sdram_top|sdram_fifo_ctrl:u_sdram_fifo_ctrl|wrfifo:u_wrfifo|dcfifo:dcfifo_component|dcfifo_nnl1:auto_generated|rdemp_eq_comp_msb_aeb                               ; 1       ;
; to8:u_to8|dcfifo_mixed_widths:dcfifo_mixed_widths_component|dcfifo_0bh1:auto_generated|cntr_old:cntr_b|counter_reg_bit0                                                        ; 2       ;
; to8:u_to8|dcfifo_mixed_widths:dcfifo_mixed_widths_component|dcfifo_0bh1:auto_generated|a_graycounter_37c:wrptr_g1p|parity9                                                     ; 4       ;
; i2c_dri:u_i2c_dr|sda_out                                                                                                                                                       ; 12      ;
; i2c_dri:u_i2c_dr|sda_dir                                                                                                                                                       ; 2       ;
; i2c_ov5640_rgb565_cfg:u_i2c_cfg|i2c_rh_wl                                                                                                                                      ; 2       ;
; sdram_top:u_sdram_top|sdram_fifo_ctrl:u_sdram_fifo_ctrl|rdfifo:u_rdfifo|dcfifo:dcfifo_component|dcfifo_aol1:auto_generated|a_graycounter_2lc:wrptr_g1p|parity7                 ; 4       ;
; sdram_top:u_sdram_top|sdram_fifo_ctrl:u_sdram_fifo_ctrl|rdfifo:u_rdfifo|dcfifo:dcfifo_component|dcfifo_aol1:auto_generated|rdemp_eq_comp_lsb_aeb                               ; 1       ;
; sdram_top:u_sdram_top|sdram_fifo_ctrl:u_sdram_fifo_ctrl|rdfifo:u_rdfifo|dcfifo:dcfifo_component|dcfifo_aol1:auto_generated|rdemp_eq_comp_msb_aeb                               ; 1       ;
; sdram_top:u_sdram_top|sdram_fifo_ctrl:u_sdram_fifo_ctrl|rdfifo:u_rdfifo|dcfifo:dcfifo_component|dcfifo_aol1:auto_generated|a_graycounter_677:rdptr_g1p|counter3a0              ; 8       ;
; sdram_top:u_sdram_top|sdram_fifo_ctrl:u_sdram_fifo_ctrl|wrfifo:u_wrfifo|dcfifo:dcfifo_component|dcfifo_nnl1:auto_generated|a_graycounter_677:rdptr_g1p|parity4                 ; 4       ;
; to8:u_to8|dcfifo_mixed_widths:dcfifo_mixed_widths_component|dcfifo_0bh1:auto_generated|a_graycounter_6p6:rdptr_g1p|sub_parity6a0                                               ; 1       ;
; sdram_top:u_sdram_top|sdram_fifo_ctrl:u_sdram_fifo_ctrl|rdfifo:u_rdfifo|dcfifo:dcfifo_component|dcfifo_aol1:auto_generated|a_graycounter_677:rdptr_g1p|parity4                 ; 4       ;
; sdram_top:u_sdram_top|sdram_fifo_ctrl:u_sdram_fifo_ctrl|wrfifo:u_wrfifo|dcfifo:dcfifo_component|dcfifo_nnl1:auto_generated|a_graycounter_2lc:wrptr_g1p|counter6a0              ; 8       ;
; sdram_top:u_sdram_top|sdram_fifo_ctrl:u_sdram_fifo_ctrl|wrfifo:u_wrfifo|dcfifo:dcfifo_component|dcfifo_nnl1:auto_generated|a_graycounter_2lc:wrptr_g1p|parity7                 ; 5       ;
; sld_hub:auto_hub|sld_jtag_hub:\jtag_hub_gen:sld_jtag_hub_inst|tdo                                                                                                              ; 1       ;
; sld_hub:auto_hub|sld_jtag_hub:\jtag_hub_gen:sld_jtag_hub_inst|jtag_ir_reg[2]                                                                                                   ; 2       ;
; sld_hub:auto_hub|sld_jtag_hub:\jtag_hub_gen:sld_jtag_hub_inst|jtag_ir_reg[1]                                                                                                   ; 3       ;
; sld_signaltap:auto_signaltap_0|sld_signaltap_impl:sld_signaltap_body|sld_signaltap_implb:sld_signaltap_body|sld_buffer_manager:sld_buffer_manager_inst|modified_post_count[1]  ; 1       ;
; sld_signaltap:auto_signaltap_0|sld_signaltap_impl:sld_signaltap_body|sld_signaltap_implb:sld_signaltap_body|sld_buffer_manager:sld_buffer_manager_inst|modified_post_count[2]  ; 1       ;
; sld_signaltap:auto_signaltap_0|sld_signaltap_impl:sld_signaltap_body|sld_signaltap_implb:sld_signaltap_body|sld_buffer_manager:sld_buffer_manager_inst|modified_post_count[3]  ; 1       ;
; sld_signaltap:auto_signaltap_0|sld_signaltap_impl:sld_signaltap_body|sld_signaltap_implb:sld_signaltap_body|sld_buffer_manager:sld_buffer_manager_inst|modified_post_count[4]  ; 1       ;
; sld_signaltap:auto_signaltap_0|sld_signaltap_impl:sld_signaltap_body|sld_signaltap_implb:sld_signaltap_body|sld_buffer_manager:sld_buffer_manager_inst|modified_post_count[5]  ; 1       ;
; sld_signaltap:auto_signaltap_0|sld_signaltap_impl:sld_signaltap_body|sld_signaltap_implb:sld_signaltap_body|sld_buffer_manager:sld_buffer_manager_inst|modified_post_count[6]  ; 1       ;
; sld_signaltap:auto_signaltap_0|sld_signaltap_impl:sld_signaltap_body|sld_signaltap_implb:sld_signaltap_body|sld_buffer_manager:sld_buffer_manager_inst|modified_post_count[7]  ; 1       ;
; sld_signaltap:auto_signaltap_0|sld_signaltap_impl:sld_signaltap_body|sld_signaltap_implb:sld_signaltap_body|sld_buffer_manager:sld_buffer_manager_inst|modified_post_count[8]  ; 1       ;
; sld_signaltap:auto_signaltap_0|sld_signaltap_impl:sld_signaltap_body|sld_signaltap_implb:sld_signaltap_body|sld_buffer_manager:sld_buffer_manager_inst|modified_post_count[9]  ; 1       ;
; sld_signaltap:auto_signaltap_0|sld_signaltap_impl:sld_signaltap_body|sld_signaltap_implb:sld_signaltap_body|sld_buffer_manager:sld_buffer_manager_inst|modified_post_count[10] ; 1       ;
; sld_signaltap:auto_signaltap_0|sld_signaltap_impl:sld_signaltap_body|sld_signaltap_implb:sld_signaltap_body|sld_buffer_manager:sld_buffer_manager_inst|modified_post_count[11] ; 1       ;
; sld_signaltap:auto_signaltap_0|sld_signaltap_impl:sld_signaltap_body|sld_signaltap_implb:sld_signaltap_body|trigger_out_mode_ff                                                ; 2       ;
; sld_signaltap:auto_signaltap_0|sld_signaltap_impl:sld_signaltap_body|sld_signaltap_implb:sld_signaltap_body|sld_buffer_manager:sld_buffer_manager_inst|modified_post_count[0]  ; 1       ;
; Total number of inverted registers = 56                                                                                                                                        ;         ;
+--------------------------------------------------------------------------------------------------------------------------------------------------------------------------------+---------+


+---------------------------------------------------------------------------------------------------------------------------------------------------------------------------------------------------------------------------------+
; Multiplexer Restructuring Statistics (Restructuring Performed)                                                                                                                                                                  ;
+--------------------+-----------+---------------+----------------------+------------------------+------------+-------------------------------------------------------------------------------------------------------------------+
; Multiplexer Inputs ; Bus Width ; Baseline Area ; Area if Restructured ; Saving if Restructured ; Registered ; Example Multiplexer Output                                                                                        ;
+--------------------+-----------+---------------+----------------------+------------------------+------------+-------------------------------------------------------------------------------------------------------------------+
; 3:1                ; 4 bits    ; 8 LEs         ; 4 LEs                ; 4 LEs                  ; Yes        ; |ov5640_lcd|sdram_top:u_sdram_top|sdram_controller:u_sdram_controller|sdram_ctrl:u_sdram_ctrl|init_ar_cnt[0]      ;
; 4:1                ; 14 bits   ; 28 LEs        ; 14 LEs               ; 14 LEs                 ; Yes        ; |ov5640_lcd|sdram_top:u_sdram_top|sdram_fifo_ctrl:u_sdram_fifo_ctrl|sdram_rd_addr[18]                             ;
; 4:1                ; 3 bits    ; 6 LEs         ; 3 LEs                ; 3 LEs                  ; Yes        ; |ov5640_lcd|top:u_ch346_top|recv:m_recv|reg_clk_cnt[2]                                                            ;
; 4:1                ; 3 bits    ; 6 LEs         ; 3 LEs                ; 3 LEs                  ; Yes        ; |ov5640_lcd|top:u_ch346_top|send:m_send|reg_clk_cnt[0]                                                            ;
; 4:1                ; 3 bits    ; 6 LEs         ; 3 LEs                ; 3 LEs                  ; Yes        ; |ov5640_lcd|top:u_ch346_top|loop:m_loop|reg_clk_cnt[0]                                                            ;
; 4:1                ; 3 bits    ; 6 LEs         ; 3 LEs                ; 3 LEs                  ; Yes        ; |ov5640_lcd|top:u_ch346_top|rd_rst:m_rd_rst|reg_clk_cnt[2]                                                        ;
; 9:1                ; 2 bits    ; 12 LEs        ; 10 LEs               ; 2 LEs                  ; Yes        ; |ov5640_lcd|sdram_top:u_sdram_top|sdram_controller:u_sdram_controller|sdram_ctrl:u_sdram_ctrl|init_state[1]       ;
; 6:1                ; 14 bits   ; 56 LEs        ; 14 LEs               ; 42 LEs                 ; Yes        ; |ov5640_lcd|sdram_top:u_sdram_top|sdram_fifo_ctrl:u_sdram_fifo_ctrl|sdram_wr_addr[16]                             ;
; 4:1                ; 4 bits    ; 8 LEs         ; 4 LEs                ; 4 LEs                  ; Yes        ; |ov5640_lcd|top:u_ch346_top|send:m_send|reg_dly_cnt[1]                                                            ;
; 4:1                ; 16 bits   ; 32 LEs        ; 16 LEs               ; 16 LEs                 ; Yes        ; |ov5640_lcd|top:u_ch346_top|loop:m_loop|reg_data_cnt[13]                                                          ;
; 4:1                ; 6 bits    ; 12 LEs        ; 6 LEs                ; 6 LEs                  ; Yes        ; |ov5640_lcd|top:u_ch346_top|loop:m_loop|reg_dly_cnt[0]                                                            ;
; 4:1                ; 16 bits   ; 32 LEs        ; 16 LEs               ; 16 LEs                 ; Yes        ; |ov5640_lcd|top:u_ch346_top|recv:m_recv|reg_data_cnt[6]                                                           ;
; 4:1                ; 4 bits    ; 8 LEs         ; 4 LEs                ; 4 LEs                  ; Yes        ; |ov5640_lcd|top:u_ch346_top|recv:m_recv|reg_dly_cnt[2]                                                            ;
; 4:1                ; 4 bits    ; 8 LEs         ; 4 LEs                ; 4 LEs                  ; Yes        ; |ov5640_lcd|top:u_ch346_top|rd_rst:m_rd_rst|reg_dly_cnt[1]                                                        ;
; 6:1                ; 3 bits    ; 12 LEs        ; 9 LEs                ; 3 LEs                  ; Yes        ; |ov5640_lcd|top:u_ch346_top|recv:m_recv|reg_data[5]                                                               ;
; 11:1               ; 2 bits    ; 14 LEs        ; 12 LEs               ; 2 LEs                  ; Yes        ; |ov5640_lcd|top:u_ch346_top|send:m_send|reg_data[3]                                                               ;
; 7:1                ; 7 bits    ; 28 LEs        ; 7 LEs                ; 21 LEs                 ; Yes        ; |ov5640_lcd|i2c_dri:u_i2c_dr|cnt[6]                                                                               ;
; 8:1                ; 2 bits    ; 10 LEs        ; 6 LEs                ; 4 LEs                  ; Yes        ; |ov5640_lcd|sdram_top:u_sdram_top|sdram_controller:u_sdram_controller|sdram_cmd:u_sdram_cmd|sdram_cmd_r[2]        ;
; 20:1               ; 5 bits    ; 65 LEs        ; 40 LEs               ; 25 LEs                 ; Yes        ; |ov5640_lcd|sdram_top:u_sdram_top|sdram_controller:u_sdram_controller|sdram_cmd:u_sdram_cmd|sdram_addr[0]         ;
; 23:1               ; 2 bits    ; 30 LEs        ; 8 LEs                ; 22 LEs                 ; Yes        ; |ov5640_lcd|sdram_top:u_sdram_top|sdram_controller:u_sdram_controller|sdram_cmd:u_sdram_cmd|sdram_ba[1]           ;
; 26:1               ; 8 bits    ; 136 LEs       ; 80 LEs               ; 56 LEs                 ; Yes        ; |ov5640_lcd|sdram_top:u_sdram_top|sdram_controller:u_sdram_controller|sdram_cmd:u_sdram_cmd|sdram_addr[12]        ;
; 4:1                ; 8 bits    ; 16 LEs        ; 16 LEs               ; 0 LEs                  ; No         ; |ov5640_lcd|top:u_ch346_top|wr_n                                                                                  ;
; 7:1                ; 3 bits    ; 12 LEs        ; 6 LEs                ; 6 LEs                  ; No         ; |ov5640_lcd|cmos_capture_data:u_cmos_capture_data|Selector2                                                       ;
; 14:1               ; 7 bits    ; 63 LEs        ; 35 LEs               ; 28 LEs                 ; No         ; |ov5640_lcd|top:u_ch346_top|rd_rst:m_rd_rst|Selector3                                                             ;
; 15:1               ; 8 bits    ; 80 LEs        ; 40 LEs               ; 40 LEs                 ; No         ; |ov5640_lcd|top:u_ch346_top|loop:m_loop|Selector7                                                                 ;
; 16:1               ; 8 bits    ; 80 LEs        ; 48 LEs               ; 32 LEs                 ; No         ; |ov5640_lcd|top:u_ch346_top|recv:m_recv|Selector6                                                                 ;
; 18:1               ; 9 bits    ; 108 LEs       ; 54 LEs               ; 54 LEs                 ; No         ; |ov5640_lcd|top:u_ch346_top|send:m_send|Selector1                                                                 ;
; 3:1                ; 4 bits    ; 8 LEs         ; 4 LEs                ; 4 LEs                  ; Yes        ; |ov5640_lcd|sld_hub:auto_hub|sld_jtag_hub:\jtag_hub_gen:sld_jtag_hub_inst|hub_minor_ver_reg[0]                    ;
; 4:1                ; 5 bits    ; 10 LEs        ; 5 LEs                ; 5 LEs                  ; Yes        ; |ov5640_lcd|sld_hub:auto_hub|sld_jtag_hub:\jtag_hub_gen:sld_jtag_hub_inst|mixer_addr_reg[4]                       ;
; 5:1                ; 5 bits    ; 15 LEs        ; 5 LEs                ; 10 LEs                 ; Yes        ; |ov5640_lcd|sld_hub:auto_hub|sld_jtag_hub:\jtag_hub_gen:sld_jtag_hub_inst|sld_rom_sr:hub_info_reg|word_counter[0] ;
; 6:1                ; 7 bits    ; 28 LEs        ; 7 LEs                ; 21 LEs                 ; Yes        ; |ov5640_lcd|sld_hub:auto_hub|sld_jtag_hub:\jtag_hub_gen:sld_jtag_hub_inst|irsr_reg[2]                             ;
; 34:1               ; 4 bits    ; 88 LEs        ; 56 LEs               ; 32 LEs                 ; Yes        ; |ov5640_lcd|sld_hub:auto_hub|sld_jtag_hub:\jtag_hub_gen:sld_jtag_hub_inst|design_hash_reg[3]                      ;
; 20:1               ; 4 bits    ; 52 LEs        ; 36 LEs               ; 16 LEs                 ; Yes        ; |ov5640_lcd|sld_hub:auto_hub|sld_jtag_hub:\jtag_hub_gen:sld_jtag_hub_inst|sld_rom_sr:hub_info_reg|WORD_SR[0]      ;
+--------------------+-----------+---------------+----------------------+------------------------+------------+-------------------------------------------------------------------------------------------------------------------+


+------------------------------------------------------------------------------------------------------------------------+
; Source assignments for sdram_top:u_sdram_top|sdram_fifo_ctrl:u_sdram_fifo_ctrl|wrfifo:u_wrfifo|dcfifo:dcfifo_component ;
+---------------------------------+-------+------+-----------------------------------------------------------------------+
; Assignment                      ; Value ; From ; To                                                                    ;
+---------------------------------+-------+------+-----------------------------------------------------------------------+
; AUTO_SHIFT_REGISTER_RECOGNITION ; OFF   ; -    ; -                                                                     ;
+---------------------------------+-------+------+-----------------------------------------------------------------------+


+---------------------------------------------------------------------------------------------------------------------------------------------------+
; Source assignments for sdram_top:u_sdram_top|sdram_fifo_ctrl:u_sdram_fifo_ctrl|wrfifo:u_wrfifo|dcfifo:dcfifo_component|dcfifo_nnl1:auto_generated ;
+---------------------------------------+-------+------+--------------------------------------------------------------------------------------------+
; Assignment                            ; Value ; From ; To                                                                                         ;
+---------------------------------------+-------+------+--------------------------------------------------------------------------------------------+
; AUTO_SHIFT_REGISTER_RECOGNITION       ; OFF   ; -    ; -                                                                                          ;
; REMOVE_DUPLICATE_REGISTERS            ; OFF   ; -    ; -                                                                                          ;
; SYNCHRONIZER_IDENTIFICATION           ; OFF   ; -    ; -                                                                                          ;
; SYNCHRONIZATION_REGISTER_CHAIN_LENGTH ; 1     ; -    ; -                                                                                          ;
; POWER_UP_LEVEL                        ; HIGH  ; -    ; rdemp_eq_comp_lsb_aeb                                                                      ;
; POWER_UP_LEVEL                        ; HIGH  ; -    ; rdemp_eq_comp_msb_aeb                                                                      ;
; POWER_UP_LEVEL                        ; LOW   ; -    ; wrptr_g                                                                                    ;
+---------------------------------------+-------+------+--------------------------------------------------------------------------------------------+


+-------------------------------------------------------------------------------------------------------------------------------------------------------------------------------+
; Source assignments for sdram_top:u_sdram_top|sdram_fifo_ctrl:u_sdram_fifo_ctrl|wrfifo:u_wrfifo|dcfifo:dcfifo_component|dcfifo_nnl1:auto_generated|a_graycounter_677:rdptr_g1p ;
+----------------+-------+------+-----------------------------------------------------------------------------------------------------------------------------------------------+
; Assignment     ; Value ; From ; To                                                                                                                                            ;
+----------------+-------+------+-----------------------------------------------------------------------------------------------------------------------------------------------+
; POWER_UP_LEVEL ; HIGH  ; -    ; counter3a0                                                                                                                                    ;
; POWER_UP_LEVEL ; HIGH  ; -    ; parity4                                                                                                                                       ;
+----------------+-------+------+-----------------------------------------------------------------------------------------------------------------------------------------------+


+-------------------------------------------------------------------------------------------------------------------------------------------------------------------------------+
; Source assignments for sdram_top:u_sdram_top|sdram_fifo_ctrl:u_sdram_fifo_ctrl|wrfifo:u_wrfifo|dcfifo:dcfifo_component|dcfifo_nnl1:auto_generated|a_graycounter_2lc:wrptr_g1p ;
+----------------+-------+------+-----------------------------------------------------------------------------------------------------------------------------------------------+
; Assignment     ; Value ; From ; To                                                                                                                                            ;
+----------------+-------+------+-----------------------------------------------------------------------------------------------------------------------------------------------+
; POWER_UP_LEVEL ; HIGH  ; -    ; counter6a0                                                                                                                                    ;
; POWER_UP_LEVEL ; HIGH  ; -    ; parity7                                                                                                                                       ;
+----------------+-------+------+-----------------------------------------------------------------------------------------------------------------------------------------------+


+----------------------------------------------------------------------------------------------------------------------------------------------------------------------------+
; Source assignments for sdram_top:u_sdram_top|sdram_fifo_ctrl:u_sdram_fifo_ctrl|wrfifo:u_wrfifo|dcfifo:dcfifo_component|dcfifo_nnl1:auto_generated|altsyncram_em31:fifo_ram ;
+---------------------------------+--------------------+------+--------------------------------------------------------------------------------------------------------------+
; Assignment                      ; Value              ; From ; To                                                                                                           ;
+---------------------------------+--------------------+------+--------------------------------------------------------------------------------------------------------------+
; OPTIMIZE_POWER_DURING_SYNTHESIS ; NORMAL_COMPILATION ; -    ; -                                                                                                            ;
+---------------------------------+--------------------+------+--------------------------------------------------------------------------------------------------------------+


+----------------------------------------------------------------------------------------------------------------------------------------------------------------------+
; Source assignments for sdram_top:u_sdram_top|sdram_fifo_ctrl:u_sdram_fifo_ctrl|wrfifo:u_wrfifo|dcfifo:dcfifo_component|dcfifo_nnl1:auto_generated|dffpipe_pe9:rs_brp ;
+---------------------------------+-------+------+---------------------------------------------------------------------------------------------------------------------+
; Assignment                      ; Value ; From ; To                                                                                                                  ;
+---------------------------------+-------+------+---------------------------------------------------------------------------------------------------------------------+
; AUTO_SHIFT_REGISTER_RECOGNITION ; OFF   ; -    ; -                                                                                                                   ;
+---------------------------------+-------+------+---------------------------------------------------------------------------------------------------------------------+


+----------------------------------------------------------------------------------------------------------------------------------------------------------------------+
; Source assignments for sdram_top:u_sdram_top|sdram_fifo_ctrl:u_sdram_fifo_ctrl|wrfifo:u_wrfifo|dcfifo:dcfifo_component|dcfifo_nnl1:auto_generated|dffpipe_pe9:rs_bwp ;
+---------------------------------+-------+------+---------------------------------------------------------------------------------------------------------------------+
; Assignment                      ; Value ; From ; To                                                                                                                  ;
+---------------------------------+-------+------+---------------------------------------------------------------------------------------------------------------------+
; AUTO_SHIFT_REGISTER_RECOGNITION ; OFF   ; -    ; -                                                                                                                   ;
+---------------------------------+-------+------+---------------------------------------------------------------------------------------------------------------------+


+------------------------------------------------------------------------------------------------------------------------------------------------------------------------------+
; Source assignments for sdram_top:u_sdram_top|sdram_fifo_ctrl:u_sdram_fifo_ctrl|wrfifo:u_wrfifo|dcfifo:dcfifo_component|dcfifo_nnl1:auto_generated|alt_synch_pipe_vd8:rs_dgwp ;
+-----------------------+-------+------+---------------------------------------------------------------------------------------------------------------------------------------+
; Assignment            ; Value ; From ; To                                                                                                                                    ;
+-----------------------+-------+------+---------------------------------------------------------------------------------------------------------------------------------------+
; X_ON_VIOLATION_OPTION ; OFF   ; -    ; -                                                                                                                                     ;
+-----------------------+-------+------+---------------------------------------------------------------------------------------------------------------------------------------+


+----------------------------------------------------------------------------------------------------------------------------------------------------------------------------------------------------+
; Source assignments for sdram_top:u_sdram_top|sdram_fifo_ctrl:u_sdram_fifo_ctrl|wrfifo:u_wrfifo|dcfifo:dcfifo_component|dcfifo_nnl1:auto_generated|alt_synch_pipe_vd8:rs_dgwp|dffpipe_qe9:dffpipe11 ;
+---------------------------------+-------+------+---------------------------------------------------------------------------------------------------------------------------------------------------+
; Assignment                      ; Value ; From ; To                                                                                                                                                ;
+---------------------------------+-------+------+---------------------------------------------------------------------------------------------------------------------------------------------------+
; AUTO_SHIFT_REGISTER_RECOGNITION ; OFF   ; -    ; -                                                                                                                                                 ;
+---------------------------------+-------+------+---------------------------------------------------------------------------------------------------------------------------------------------------+


+------------------------------------------------------------------------------------------------------------------------------------------------------------------------------+
; Source assignments for sdram_top:u_sdram_top|sdram_fifo_ctrl:u_sdram_fifo_ctrl|wrfifo:u_wrfifo|dcfifo:dcfifo_component|dcfifo_nnl1:auto_generated|alt_synch_pipe_vd8:ws_dgrp ;
+-----------------------+-------+------+---------------------------------------------------------------------------------------------------------------------------------------+
; Assignment            ; Value ; From ; To                                                                                                                                    ;
+-----------------------+-------+------+---------------------------------------------------------------------------------------------------------------------------------------+
; X_ON_VIOLATION_OPTION ; OFF   ; -    ; -                                                                                                                                     ;
+-----------------------+-------+------+---------------------------------------------------------------------------------------------------------------------------------------+


+----------------------------------------------------------------------------------------------------------------------------------------------------------------------------------------------------+
; Source assignments for sdram_top:u_sdram_top|sdram_fifo_ctrl:u_sdram_fifo_ctrl|wrfifo:u_wrfifo|dcfifo:dcfifo_component|dcfifo_nnl1:auto_generated|alt_synch_pipe_vd8:ws_dgrp|dffpipe_qe9:dffpipe11 ;
+---------------------------------+-------+------+---------------------------------------------------------------------------------------------------------------------------------------------------+
; Assignment                      ; Value ; From ; To                                                                                                                                                ;
+---------------------------------+-------+------+---------------------------------------------------------------------------------------------------------------------------------------------------+
; AUTO_SHIFT_REGISTER_RECOGNITION ; OFF   ; -    ; -                                                                                                                                                 ;
+---------------------------------+-------+------+---------------------------------------------------------------------------------------------------------------------------------------------------+


+------------------------------------------------------------------------------------------------------------------------+
; Source assignments for sdram_top:u_sdram_top|sdram_fifo_ctrl:u_sdram_fifo_ctrl|rdfifo:u_rdfifo|dcfifo:dcfifo_component ;
+---------------------------------+-------+------+-----------------------------------------------------------------------+
; Assignment                      ; Value ; From ; To                                                                    ;
+---------------------------------+-------+------+-----------------------------------------------------------------------+
; AUTO_SHIFT_REGISTER_RECOGNITION ; OFF   ; -    ; -                                                                     ;
+---------------------------------+-------+------+-----------------------------------------------------------------------+


+---------------------------------------------------------------------------------------------------------------------------------------------------+
; Source assignments for sdram_top:u_sdram_top|sdram_fifo_ctrl:u_sdram_fifo_ctrl|rdfifo:u_rdfifo|dcfifo:dcfifo_component|dcfifo_aol1:auto_generated ;
+---------------------------------------+-------+------+--------------------------------------------------------------------------------------------+
; Assignment                            ; Value ; From ; To                                                                                         ;
+---------------------------------------+-------+------+--------------------------------------------------------------------------------------------+
; AUTO_SHIFT_REGISTER_RECOGNITION       ; OFF   ; -    ; -                                                                                          ;
; REMOVE_DUPLICATE_REGISTERS            ; OFF   ; -    ; -                                                                                          ;
; SYNCHRONIZER_IDENTIFICATION           ; OFF   ; -    ; -                                                                                          ;
; SYNCHRONIZATION_REGISTER_CHAIN_LENGTH ; 1     ; -    ; -                                                                                          ;
; POWER_UP_LEVEL                        ; HIGH  ; -    ; rdemp_eq_comp_lsb_aeb                                                                      ;
; POWER_UP_LEVEL                        ; HIGH  ; -    ; rdemp_eq_comp_msb_aeb                                                                      ;
; POWER_UP_LEVEL                        ; LOW   ; -    ; wrptr_g                                                                                    ;
+---------------------------------------+-------+------+--------------------------------------------------------------------------------------------+


+-------------------------------------------------------------------------------------------------------------------------------------------------------------------------------+
; Source assignments for sdram_top:u_sdram_top|sdram_fifo_ctrl:u_sdram_fifo_ctrl|rdfifo:u_rdfifo|dcfifo:dcfifo_component|dcfifo_aol1:auto_generated|a_graycounter_677:rdptr_g1p ;
+----------------+-------+------+-----------------------------------------------------------------------------------------------------------------------------------------------+
; Assignment     ; Value ; From ; To                                                                                                                                            ;
+----------------+-------+------+-----------------------------------------------------------------------------------------------------------------------------------------------+
; POWER_UP_LEVEL ; HIGH  ; -    ; counter3a0                                                                                                                                    ;
; POWER_UP_LEVEL ; HIGH  ; -    ; parity4                                                                                                                                       ;
+----------------+-------+------+-----------------------------------------------------------------------------------------------------------------------------------------------+


+-------------------------------------------------------------------------------------------------------------------------------------------------------------------------------+
; Source assignments for sdram_top:u_sdram_top|sdram_fifo_ctrl:u_sdram_fifo_ctrl|rdfifo:u_rdfifo|dcfifo:dcfifo_component|dcfifo_aol1:auto_generated|a_graycounter_2lc:wrptr_g1p ;
+----------------+-------+------+-----------------------------------------------------------------------------------------------------------------------------------------------+
; Assignment     ; Value ; From ; To                                                                                                                                            ;
+----------------+-------+------+-----------------------------------------------------------------------------------------------------------------------------------------------+
; POWER_UP_LEVEL ; HIGH  ; -    ; counter6a0                                                                                                                                    ;
; POWER_UP_LEVEL ; HIGH  ; -    ; parity7                                                                                                                                       ;
+----------------+-------+------+-----------------------------------------------------------------------------------------------------------------------------------------------+


+----------------------------------------------------------------------------------------------------------------------------------------------------------------------------+
; Source assignments for sdram_top:u_sdram_top|sdram_fifo_ctrl:u_sdram_fifo_ctrl|rdfifo:u_rdfifo|dcfifo:dcfifo_component|dcfifo_aol1:auto_generated|altsyncram_em31:fifo_ram ;
+---------------------------------+--------------------+------+--------------------------------------------------------------------------------------------------------------+
; Assignment                      ; Value              ; From ; To                                                                                                           ;
+---------------------------------+--------------------+------+--------------------------------------------------------------------------------------------------------------+
; OPTIMIZE_POWER_DURING_SYNTHESIS ; NORMAL_COMPILATION ; -    ; -                                                                                                            ;
+---------------------------------+--------------------+------+--------------------------------------------------------------------------------------------------------------+


+------------------------------------------------------------------------------------------------------------------------------------------------------------------------------+
; Source assignments for sdram_top:u_sdram_top|sdram_fifo_ctrl:u_sdram_fifo_ctrl|rdfifo:u_rdfifo|dcfifo:dcfifo_component|dcfifo_aol1:auto_generated|alt_synch_pipe_e98:rs_dgwp ;
+-----------------------+-------+------+---------------------------------------------------------------------------------------------------------------------------------------+
; Assignment            ; Value ; From ; To                                                                                                                                    ;
+-----------------------+-------+------+---------------------------------------------------------------------------------------------------------------------------------------+
; X_ON_VIOLATION_OPTION ; OFF   ; -    ; -                                                                                                                                     ;
+-----------------------+-------+------+---------------------------------------------------------------------------------------------------------------------------------------+


+---------------------------------------------------------------------------------------------------------------------------------------------------------------------------------------------------+
; Source assignments for sdram_top:u_sdram_top|sdram_fifo_ctrl:u_sdram_fifo_ctrl|rdfifo:u_rdfifo|dcfifo:dcfifo_component|dcfifo_aol1:auto_generated|alt_synch_pipe_e98:rs_dgwp|dffpipe_pe9:dffpipe3 ;
+---------------------------------+-------+------+--------------------------------------------------------------------------------------------------------------------------------------------------+
; Assignment                      ; Value ; From ; To                                                                                                                                               ;
+---------------------------------+-------+------+--------------------------------------------------------------------------------------------------------------------------------------------------+
; AUTO_SHIFT_REGISTER_RECOGNITION ; OFF   ; -    ; -                                                                                                                                                ;
+---------------------------------+-------+------+--------------------------------------------------------------------------------------------------------------------------------------------------+


+----------------------------------------------------------------------------------------------------------------------------------------------------------------------+
; Source assignments for sdram_top:u_sdram_top|sdram_fifo_ctrl:u_sdram_fifo_ctrl|rdfifo:u_rdfifo|dcfifo:dcfifo_component|dcfifo_aol1:auto_generated|dffpipe_pe9:ws_brp ;
+---------------------------------+-------+------+---------------------------------------------------------------------------------------------------------------------+
; Assignment                      ; Value ; From ; To                                                                                                                  ;
+---------------------------------+-------+------+---------------------------------------------------------------------------------------------------------------------+
; AUTO_SHIFT_REGISTER_RECOGNITION ; OFF   ; -    ; -                                                                                                                   ;
+---------------------------------+-------+------+---------------------------------------------------------------------------------------------------------------------+


+----------------------------------------------------------------------------------------------------------------------------------------------------------------------+
; Source assignments for sdram_top:u_sdram_top|sdram_fifo_ctrl:u_sdram_fifo_ctrl|rdfifo:u_rdfifo|dcfifo:dcfifo_component|dcfifo_aol1:auto_generated|dffpipe_pe9:ws_bwp ;
+---------------------------------+-------+------+---------------------------------------------------------------------------------------------------------------------+
; Assignment                      ; Value ; From ; To                                                                                                                  ;
+---------------------------------+-------+------+---------------------------------------------------------------------------------------------------------------------+
; AUTO_SHIFT_REGISTER_RECOGNITION ; OFF   ; -    ; -                                                                                                                   ;
+---------------------------------+-------+------+---------------------------------------------------------------------------------------------------------------------+


+------------------------------------------------------------------------------------------------------------------------------------------------------------------------------+
; Source assignments for sdram_top:u_sdram_top|sdram_fifo_ctrl:u_sdram_fifo_ctrl|rdfifo:u_rdfifo|dcfifo:dcfifo_component|dcfifo_aol1:auto_generated|alt_synch_pipe_0e8:ws_dgrp ;
+-----------------------+-------+------+---------------------------------------------------------------------------------------------------------------------------------------+
; Assignment            ; Value ; From ; To                                                                                                                                    ;
+-----------------------+-------+------+---------------------------------------------------------------------------------------------------------------------------------------+
; X_ON_VIOLATION_OPTION ; OFF   ; -    ; -                                                                                                                                     ;
+-----------------------+-------+------+---------------------------------------------------------------------------------------------------------------------------------------+


+---------------------------------------------------------------------------------------------------------------------------------------------------------------------------------------------------+
; Source assignments for sdram_top:u_sdram_top|sdram_fifo_ctrl:u_sdram_fifo_ctrl|rdfifo:u_rdfifo|dcfifo:dcfifo_component|dcfifo_aol1:auto_generated|alt_synch_pipe_0e8:ws_dgrp|dffpipe_re9:dffpipe4 ;
+---------------------------------+-------+------+--------------------------------------------------------------------------------------------------------------------------------------------------+
; Assignment                      ; Value ; From ; To                                                                                                                                               ;
+---------------------------------+-------+------+--------------------------------------------------------------------------------------------------------------------------------------------------+
; AUTO_SHIFT_REGISTER_RECOGNITION ; OFF   ; -    ; -                                                                                                                                                ;
+---------------------------------+-------+------+--------------------------------------------------------------------------------------------------------------------------------------------------+


+---------------------------------------------------------------------------------------------------------------+
; Source assignments for to8:u_to8|dcfifo_mixed_widths:dcfifo_mixed_widths_component|dcfifo_0bh1:auto_generated ;
+---------------------------------------+-------+------+--------------------------------------------------------+
; Assignment                            ; Value ; From ; To                                                     ;
+---------------------------------------+-------+------+--------------------------------------------------------+
; AUTO_SHIFT_REGISTER_RECOGNITION       ; OFF   ; -    ; -                                                      ;
; REMOVE_DUPLICATE_REGISTERS            ; OFF   ; -    ; -                                                      ;
; SYNCHRONIZER_IDENTIFICATION           ; OFF   ; -    ; -                                                      ;
; SYNCHRONIZATION_REGISTER_CHAIN_LENGTH ; 2     ; -    ; -                                                      ;
+---------------------------------------+-------+------+--------------------------------------------------------+


+-------------------------------------------------------------------------------------------------------------------------------------------+
; Source assignments for to8:u_to8|dcfifo_mixed_widths:dcfifo_mixed_widths_component|dcfifo_0bh1:auto_generated|a_graycounter_6p6:rdptr_g1p ;
+----------------+-------+------+-----------------------------------------------------------------------------------------------------------+
; Assignment     ; Value ; From ; To                                                                                                        ;
+----------------+-------+------+-----------------------------------------------------------------------------------------------------------+
; POWER_UP_LEVEL ; HIGH  ; -    ; sub_parity6a0                                                                                             ;
; POWER_UP_LEVEL ; LOW   ; -    ; parity5                                                                                                   ;
+----------------+-------+------+-----------------------------------------------------------------------------------------------------------+


+-------------------------------------------------------------------------------------------------------------------------------------------+
; Source assignments for to8:u_to8|dcfifo_mixed_widths:dcfifo_mixed_widths_component|dcfifo_0bh1:auto_generated|a_graycounter_37c:wrptr_g1p ;
+----------------+-------+------+-----------------------------------------------------------------------------------------------------------+
; Assignment     ; Value ; From ; To                                                                                                        ;
+----------------+-------+------+-----------------------------------------------------------------------------------------------------------+
; POWER_UP_LEVEL ; HIGH  ; -    ; counter8a0                                                                                                ;
; POWER_UP_LEVEL ; HIGH  ; -    ; parity9                                                                                                   ;
+----------------+-------+------+-----------------------------------------------------------------------------------------------------------+


+----------------------------------------------------------------------------------------------------------------------------------------+
; Source assignments for to8:u_to8|dcfifo_mixed_widths:dcfifo_mixed_widths_component|dcfifo_0bh1:auto_generated|altsyncram_i111:fifo_ram ;
+---------------------------------+--------------------+------+--------------------------------------------------------------------------+
; Assignment                      ; Value              ; From ; To                                                                       ;
+---------------------------------+--------------------+------+--------------------------------------------------------------------------+
; OPTIMIZE_POWER_DURING_SYNTHESIS ; NORMAL_COMPILATION ; -    ; -                                                                        ;
+---------------------------------+--------------------+------+--------------------------------------------------------------------------+


+----------------------------------------------------------------------------------------------------------------------------------+
; Source assignments for to8:u_to8|dcfifo_mixed_widths:dcfifo_mixed_widths_component|dcfifo_0bh1:auto_generated|dffpipe_j09:rs_brp ;
+---------------------------------+-------+------+---------------------------------------------------------------------------------+
; Assignment                      ; Value ; From ; To                                                                              ;
+---------------------------------+-------+------+---------------------------------------------------------------------------------+
; AUTO_SHIFT_REGISTER_RECOGNITION ; OFF   ; -    ; -                                                                               ;
+---------------------------------+-------+------+---------------------------------------------------------------------------------+


+----------------------------------------------------------------------------------------------------------------------------------+
; Source assignments for to8:u_to8|dcfifo_mixed_widths:dcfifo_mixed_widths_component|dcfifo_0bh1:auto_generated|dffpipe_k09:rs_bwp ;
+---------------------------------+-------+------+---------------------------------------------------------------------------------+
; Assignment                      ; Value ; From ; To                                                                              ;
+---------------------------------+-------+------+---------------------------------------------------------------------------------+
; AUTO_SHIFT_REGISTER_RECOGNITION ; OFF   ; -    ; -                                                                               ;
+---------------------------------+-------+------+---------------------------------------------------------------------------------+


+------------------------------------------------------------------------------------------------------------------------------------------+
; Source assignments for to8:u_to8|dcfifo_mixed_widths:dcfifo_mixed_widths_component|dcfifo_0bh1:auto_generated|alt_synch_pipe_k7d:rs_dgwp ;
+-----------------------------+------------------------+------+----------------------------------------------------------------------------+
; Assignment                  ; Value                  ; From ; To                                                                         ;
+-----------------------------+------------------------+------+----------------------------------------------------------------------------+
; X_ON_VIOLATION_OPTION       ; OFF                    ; -    ; -                                                                          ;
; SYNCHRONIZER_IDENTIFICATION ; FORCED_IF_ASYNCHRONOUS ; -    ; -                                                                          ;
+-----------------------------+------------------------+------+----------------------------------------------------------------------------+


+---------------------------------------------------------------------------------------------------------------------------------------------------------------+
; Source assignments for to8:u_to8|dcfifo_mixed_widths:dcfifo_mixed_widths_component|dcfifo_0bh1:auto_generated|alt_synch_pipe_k7d:rs_dgwp|dffpipe_l09:dffpipe7 ;
+---------------------------------+-------+------+--------------------------------------------------------------------------------------------------------------+
; Assignment                      ; Value ; From ; To                                                                                                           ;
+---------------------------------+-------+------+--------------------------------------------------------------------------------------------------------------+
; AUTO_SHIFT_REGISTER_RECOGNITION ; OFF   ; -    ; -                                                                                                            ;
+---------------------------------+-------+------+--------------------------------------------------------------------------------------------------------------+


+----------------------------------------------------------------------------------------------------------------------------------+
; Source assignments for to8:u_to8|dcfifo_mixed_widths:dcfifo_mixed_widths_component|dcfifo_0bh1:auto_generated|dffpipe_k09:ws_brp ;
+---------------------------------+-------+------+---------------------------------------------------------------------------------+
; Assignment                      ; Value ; From ; To                                                                              ;
+---------------------------------+-------+------+---------------------------------------------------------------------------------+
; AUTO_SHIFT_REGISTER_RECOGNITION ; OFF   ; -    ; -                                                                               ;
+---------------------------------+-------+------+---------------------------------------------------------------------------------+


+----------------------------------------------------------------------------------------------------------------------------------+
; Source assignments for to8:u_to8|dcfifo_mixed_widths:dcfifo_mixed_widths_component|dcfifo_0bh1:auto_generated|dffpipe_k09:ws_bwp ;
+---------------------------------+-------+------+---------------------------------------------------------------------------------+
; Assignment                      ; Value ; From ; To                                                                              ;
+---------------------------------+-------+------+---------------------------------------------------------------------------------+
; AUTO_SHIFT_REGISTER_RECOGNITION ; OFF   ; -    ; -                                                                               ;
+---------------------------------+-------+------+---------------------------------------------------------------------------------+


+------------------------------------------------------------------------------------------------------------------------------------------+
; Source assignments for to8:u_to8|dcfifo_mixed_widths:dcfifo_mixed_widths_component|dcfifo_0bh1:auto_generated|alt_synch_pipe_l7d:ws_dgrp ;
+-----------------------------+------------------------+------+----------------------------------------------------------------------------+
; Assignment                  ; Value                  ; From ; To                                                                         ;
+-----------------------------+------------------------+------+----------------------------------------------------------------------------+
; X_ON_VIOLATION_OPTION       ; OFF                    ; -    ; -                                                                          ;
; SYNCHRONIZER_IDENTIFICATION ; FORCED_IF_ASYNCHRONOUS ; -    ; -                                                                          ;
+-----------------------------+------------------------+------+----------------------------------------------------------------------------+


+----------------------------------------------------------------------------------------------------------------------------------------------------------------+
; Source assignments for to8:u_to8|dcfifo_mixed_widths:dcfifo_mixed_widths_component|dcfifo_0bh1:auto_generated|alt_synch_pipe_l7d:ws_dgrp|dffpipe_m09:dffpipe10 ;
+---------------------------------+-------+------+---------------------------------------------------------------------------------------------------------------+
; Assignment                      ; Value ; From ; To                                                                                                            ;
+---------------------------------+-------+------+---------------------------------------------------------------------------------------------------------------+
; AUTO_SHIFT_REGISTER_RECOGNITION ; OFF   ; -    ; -                                                                                                             ;
+---------------------------------+-------+------+---------------------------------------------------------------------------------------------------------------+


+-------------------------------------------------------------------------------------------------------------------------------+
; Source assignments for to8:u_to8|dcfifo_mixed_widths:dcfifo_mixed_widths_component|dcfifo_0bh1:auto_generated|cntr_old:cntr_b ;
+----------------+-------+------+-----------------------------------------------------------------------------------------------+
; Assignment     ; Value ; From ; To                                                                                            ;
+----------------+-------+------+-----------------------------------------------------------------------------------------------+
; POWER_UP_LEVEL ; HIGH  ; -    ; counter_reg_bit0                                                                              ;
+----------------+-------+------+-----------------------------------------------------------------------------------------------+


+----------------------------------------------------------------------------+
; Parameter Settings for User Entity Instance: Top-level Entity: |ov5640_lcd ;
+----------------+-----------------------------+-----------------------------+
; Parameter Name ; Value                       ; Type                        ;
+----------------+-----------------------------+-----------------------------+
; SLAVE_ADDR     ; 0111100                     ; Unsigned Binary             ;
; BIT_CTRL       ; 1                           ; Unsigned Binary             ;
; CLK_FREQ       ; 101111101011110000100000000 ; Unsigned Binary             ;
; I2C_FREQ       ; 111101000010010000          ; Unsigned Binary             ;
+----------------+-----------------------------+-----------------------------+
Note: In order to hide this table in the UI and the text report file, please set the "Show Parameter Settings in Synthesis Report" option in "Analysis and Synthesis Settings -> More Settings" to "Off".


+--------------------------------------------------------------------------------+
; Parameter Settings for User Entity Instance: pll:u_pll|altpll:altpll_component ;
+-------------------------------+-----------------------+------------------------+
; Parameter Name                ; Value                 ; Type                   ;
+-------------------------------+-----------------------+------------------------+
; OPERATION_MODE                ; NORMAL                ; Untyped                ;
; PLL_TYPE                      ; AUTO                  ; Untyped                ;
; LPM_HINT                      ; CBX_MODULE_PREFIX=pll ; Untyped                ;
; QUALIFY_CONF_DONE             ; OFF                   ; Untyped                ;
; COMPENSATE_CLOCK              ; CLK0                  ; Untyped                ;
; SCAN_CHAIN                    ; LONG                  ; Untyped                ;
; PRIMARY_CLOCK                 ; INCLK0                ; Untyped                ;
; INCLK0_INPUT_FREQUENCY        ; 20000                 ; Signed Integer         ;
; INCLK1_INPUT_FREQUENCY        ; 0                     ; Untyped                ;
; GATE_LOCK_SIGNAL              ; NO                    ; Untyped                ;
; GATE_LOCK_COUNTER             ; 0                     ; Untyped                ;
; LOCK_HIGH                     ; 1                     ; Untyped                ;
; LOCK_LOW                      ; 1                     ; Untyped                ;
; VALID_LOCK_MULTIPLIER         ; 1                     ; Untyped                ;
; INVALID_LOCK_MULTIPLIER       ; 5                     ; Untyped                ;
; SWITCH_OVER_ON_LOSSCLK        ; OFF                   ; Untyped                ;
; SWITCH_OVER_ON_GATED_LOCK     ; OFF                   ; Untyped                ;
; ENABLE_SWITCH_OVER_COUNTER    ; OFF                   ; Untyped                ;
; SKIP_VCO                      ; OFF                   ; Untyped                ;
; SWITCH_OVER_COUNTER           ; 0                     ; Untyped                ;
; SWITCH_OVER_TYPE              ; AUTO                  ; Untyped                ;
; FEEDBACK_SOURCE               ; EXTCLK0               ; Untyped                ;
; BANDWIDTH                     ; 0                     ; Untyped                ;
; BANDWIDTH_TYPE                ; AUTO                  ; Untyped                ;
; SPREAD_FREQUENCY              ; 0                     ; Untyped                ;
; DOWN_SPREAD                   ; 0                     ; Untyped                ;
; SELF_RESET_ON_GATED_LOSS_LOCK ; OFF                   ; Untyped                ;
; SELF_RESET_ON_LOSS_LOCK       ; OFF                   ; Untyped                ;
; CLK9_MULTIPLY_BY              ; 0                     ; Untyped                ;
; CLK8_MULTIPLY_BY              ; 0                     ; Untyped                ;
; CLK7_MULTIPLY_BY              ; 0                     ; Untyped                ;
; CLK6_MULTIPLY_BY              ; 0                     ; Untyped                ;
; CLK5_MULTIPLY_BY              ; 1                     ; Untyped                ;
; CLK4_MULTIPLY_BY              ; 1                     ; Untyped                ;
; CLK3_MULTIPLY_BY              ; 8                     ; Signed Integer         ;
; CLK2_MULTIPLY_BY              ; 2                     ; Signed Integer         ;
; CLK1_MULTIPLY_BY              ; 2                     ; Signed Integer         ;
; CLK0_MULTIPLY_BY              ; 2                     ; Signed Integer         ;
; CLK9_DIVIDE_BY                ; 0                     ; Untyped                ;
; CLK8_DIVIDE_BY                ; 0                     ; Untyped                ;
; CLK7_DIVIDE_BY                ; 0                     ; Untyped                ;
; CLK6_DIVIDE_BY                ; 0                     ; Untyped                ;
; CLK5_DIVIDE_BY                ; 1                     ; Untyped                ;
; CLK4_DIVIDE_BY                ; 1                     ; Untyped                ;
; CLK3_DIVIDE_BY                ; 5                     ; Signed Integer         ;
; CLK2_DIVIDE_BY                ; 1                     ; Signed Integer         ;
; CLK1_DIVIDE_BY                ; 1                     ; Signed Integer         ;
; CLK0_DIVIDE_BY                ; 1                     ; Signed Integer         ;
; CLK9_PHASE_SHIFT              ; 0                     ; Untyped                ;
; CLK8_PHASE_SHIFT              ; 0                     ; Untyped                ;
; CLK7_PHASE_SHIFT              ; 0                     ; Untyped                ;
; CLK6_PHASE_SHIFT              ; 0                     ; Untyped                ;
; CLK5_PHASE_SHIFT              ; 0                     ; Untyped                ;
; CLK4_PHASE_SHIFT              ; 0                     ; Untyped                ;
; CLK3_PHASE_SHIFT              ; 0                     ; Untyped                ;
; CLK2_PHASE_SHIFT              ; 0                     ; Untyped                ;
; CLK1_PHASE_SHIFT              ; -2083                 ; Untyped                ;
; CLK0_PHASE_SHIFT              ; 0                     ; Untyped                ;
; CLK5_TIME_DELAY               ; 0                     ; Untyped                ;
; CLK4_TIME_DELAY               ; 0                     ; Untyped                ;
; CLK3_TIME_DELAY               ; 0                     ; Untyped                ;
; CLK2_TIME_DELAY               ; 0                     ; Untyped                ;
; CLK1_TIME_DELAY               ; 0                     ; Untyped                ;
; CLK0_TIME_DELAY               ; 0                     ; Untyped                ;
; CLK9_DUTY_CYCLE               ; 50                    ; Untyped                ;
; CLK8_DUTY_CYCLE               ; 50                    ; Untyped                ;
; CLK7_DUTY_CYCLE               ; 50                    ; Untyped                ;
; CLK6_DUTY_CYCLE               ; 50                    ; Untyped                ;
; CLK5_DUTY_CYCLE               ; 50                    ; Untyped                ;
; CLK4_DUTY_CYCLE               ; 50                    ; Untyped                ;
; CLK3_DUTY_CYCLE               ; 50                    ; Signed Integer         ;
; CLK2_DUTY_CYCLE               ; 50                    ; Signed Integer         ;
; CLK1_DUTY_CYCLE               ; 50                    ; Signed Integer         ;
; CLK0_DUTY_CYCLE               ; 50                    ; Signed Integer         ;
; CLK9_USE_EVEN_COUNTER_MODE    ; OFF                   ; Untyped                ;
; CLK8_USE_EVEN_COUNTER_MODE    ; OFF                   ; Untyped                ;
; CLK7_USE_EVEN_COUNTER_MODE    ; OFF                   ; Untyped                ;
; CLK6_USE_EVEN_COUNTER_MODE    ; OFF                   ; Untyped                ;
; CLK5_USE_EVEN_COUNTER_MODE    ; OFF                   ; Untyped                ;
; CLK4_USE_EVEN_COUNTER_MODE    ; OFF                   ; Untyped                ;
; CLK3_USE_EVEN_COUNTER_MODE    ; OFF                   ; Untyped                ;
; CLK2_USE_EVEN_COUNTER_MODE    ; OFF                   ; Untyped                ;
; CLK1_USE_EVEN_COUNTER_MODE    ; OFF                   ; Untyped                ;
; CLK0_USE_EVEN_COUNTER_MODE    ; OFF                   ; Untyped                ;
; CLK9_USE_EVEN_COUNTER_VALUE   ; OFF                   ; Untyped                ;
; CLK8_USE_EVEN_COUNTER_VALUE   ; OFF                   ; Untyped                ;
; CLK7_USE_EVEN_COUNTER_VALUE   ; OFF                   ; Untyped                ;
; CLK6_USE_EVEN_COUNTER_VALUE   ; OFF                   ; Untyped                ;
; CLK5_USE_EVEN_COUNTER_VALUE   ; OFF                   ; Untyped                ;
; CLK4_USE_EVEN_COUNTER_VALUE   ; OFF                   ; Untyped                ;
; CLK3_USE_EVEN_COUNTER_VALUE   ; OFF                   ; Untyped                ;
; CLK2_USE_EVEN_COUNTER_VALUE   ; OFF                   ; Untyped                ;
; CLK1_USE_EVEN_COUNTER_VALUE   ; OFF                   ; Untyped                ;
; CLK0_USE_EVEN_COUNTER_VALUE   ; OFF                   ; Untyped                ;
; LOCK_WINDOW_UI                ;  0.05                 ; Untyped                ;
; LOCK_WINDOW_UI_BITS           ; UNUSED                ; Untyped                ;
; VCO_RANGE_DETECTOR_LOW_BITS   ; UNUSED                ; Untyped                ;
; VCO_RANGE_DETECTOR_HIGH_BITS  ; UNUSED                ; Untyped                ;
; DPA_MULTIPLY_BY               ; 0                     ; Untyped                ;
; DPA_DIVIDE_BY                 ; 1                     ; Untyped                ;
; DPA_DIVIDER                   ; 0                     ; Untyped                ;
; EXTCLK3_MULTIPLY_BY           ; 1                     ; Untyped                ;
; EXTCLK2_MULTIPLY_BY           ; 1                     ; Untyped                ;
; EXTCLK1_MULTIPLY_BY           ; 1                     ; Untyped                ;
; EXTCLK0_MULTIPLY_BY           ; 1                     ; Untyped                ;
; EXTCLK3_DIVIDE_BY             ; 1                     ; Untyped                ;
; EXTCLK2_DIVIDE_BY             ; 1                     ; Untyped                ;
; EXTCLK1_DIVIDE_BY             ; 1                     ; Untyped                ;
; EXTCLK0_DIVIDE_BY             ; 1                     ; Untyped                ;
; EXTCLK3_PHASE_SHIFT           ; 0                     ; Untyped                ;
; EXTCLK2_PHASE_SHIFT           ; 0                     ; Untyped                ;
; EXTCLK1_PHASE_SHIFT           ; 0                     ; Untyped                ;
; EXTCLK0_PHASE_SHIFT           ; 0                     ; Untyped                ;
; EXTCLK3_TIME_DELAY            ; 0                     ; Untyped                ;
; EXTCLK2_TIME_DELAY            ; 0                     ; Untyped                ;
; EXTCLK1_TIME_DELAY            ; 0                     ; Untyped                ;
; EXTCLK0_TIME_DELAY            ; 0                     ; Untyped                ;
; EXTCLK3_DUTY_CYCLE            ; 50                    ; Untyped                ;
; EXTCLK2_DUTY_CYCLE            ; 50                    ; Untyped                ;
; EXTCLK1_DUTY_CYCLE            ; 50                    ; Untyped                ;
; EXTCLK0_DUTY_CYCLE            ; 50                    ; Untyped                ;
; VCO_MULTIPLY_BY               ; 0                     ; Untyped                ;
; VCO_DIVIDE_BY                 ; 0                     ; Untyped                ;
; SCLKOUT0_PHASE_SHIFT          ; 0                     ; Untyped                ;
; SCLKOUT1_PHASE_SHIFT          ; 0                     ; Untyped                ;
; VCO_MIN                       ; 0                     ; Untyped                ;
; VCO_MAX                       ; 0                     ; Untyped                ;
; VCO_CENTER                    ; 0                     ; Untyped                ;
; PFD_MIN                       ; 0                     ; Untyped                ;
; PFD_MAX                       ; 0                     ; Untyped                ;
; M_INITIAL                     ; 0                     ; Untyped                ;
; M                             ; 0                     ; Untyped                ;
; N                             ; 1                     ; Untyped                ;
; M2                            ; 1                     ; Untyped                ;
; N2                            ; 1                     ; Untyped                ;
; SS                            ; 1                     ; Untyped                ;
; C0_HIGH                       ; 0                     ; Untyped                ;
; C1_HIGH                       ; 0                     ; Untyped                ;
; C2_HIGH                       ; 0                     ; Untyped                ;
; C3_HIGH                       ; 0                     ; Untyped                ;
; C4_HIGH                       ; 0                     ; Untyped                ;
; C5_HIGH                       ; 0                     ; Untyped                ;
; C6_HIGH                       ; 0                     ; Untyped                ;
; C7_HIGH                       ; 0                     ; Untyped                ;
; C8_HIGH                       ; 0                     ; Untyped                ;
; C9_HIGH                       ; 0                     ; Untyped                ;
; C0_LOW                        ; 0                     ; Untyped                ;
; C1_LOW                        ; 0                     ; Untyped                ;
; C2_LOW                        ; 0                     ; Untyped                ;
; C3_LOW                        ; 0                     ; Untyped                ;
; C4_LOW                        ; 0                     ; Untyped                ;
; C5_LOW                        ; 0                     ; Untyped                ;
; C6_LOW                        ; 0                     ; Untyped                ;
; C7_LOW                        ; 0                     ; Untyped                ;
; C8_LOW                        ; 0                     ; Untyped                ;
; C9_LOW                        ; 0                     ; Untyped                ;
; C0_INITIAL                    ; 0                     ; Untyped                ;
; C1_INITIAL                    ; 0                     ; Untyped                ;
; C2_INITIAL                    ; 0                     ; Untyped                ;
; C3_INITIAL                    ; 0                     ; Untyped                ;
; C4_INITIAL                    ; 0                     ; Untyped                ;
; C5_INITIAL                    ; 0                     ; Untyped                ;
; C6_INITIAL                    ; 0                     ; Untyped                ;
; C7_INITIAL                    ; 0                     ; Untyped                ;
; C8_INITIAL                    ; 0                     ; Untyped                ;
; C9_INITIAL                    ; 0                     ; Untyped                ;
; C0_MODE                       ; BYPASS                ; Untyped                ;
; C1_MODE                       ; BYPASS                ; Untyped                ;
; C2_MODE                       ; BYPASS                ; Untyped                ;
; C3_MODE                       ; BYPASS                ; Untyped                ;
; C4_MODE                       ; BYPASS                ; Untyped                ;
; C5_MODE                       ; BYPASS                ; Untyped                ;
; C6_MODE                       ; BYPASS                ; Untyped                ;
; C7_MODE                       ; BYPASS                ; Untyped                ;
; C8_MODE                       ; BYPASS                ; Untyped                ;
; C9_MODE                       ; BYPASS                ; Untyped                ;
; C0_PH                         ; 0                     ; Untyped                ;
; C1_PH                         ; 0                     ; Untyped                ;
; C2_PH                         ; 0                     ; Untyped                ;
; C3_PH                         ; 0                     ; Untyped                ;
; C4_PH                         ; 0                     ; Untyped                ;
; C5_PH                         ; 0                     ; Untyped                ;
; C6_PH                         ; 0                     ; Untyped                ;
; C7_PH                         ; 0                     ; Untyped                ;
; C8_PH                         ; 0                     ; Untyped                ;
; C9_PH                         ; 0                     ; Untyped                ;
; L0_HIGH                       ; 1                     ; Untyped                ;
; L1_HIGH                       ; 1                     ; Untyped                ;
; G0_HIGH                       ; 1                     ; Untyped                ;
; G1_HIGH                       ; 1                     ; Untyped                ;
; G2_HIGH                       ; 1                     ; Untyped                ;
; G3_HIGH                       ; 1                     ; Untyped                ;
; E0_HIGH                       ; 1                     ; Untyped                ;
; E1_HIGH                       ; 1                     ; Untyped                ;
; E2_HIGH                       ; 1                     ; Untyped                ;
; E3_HIGH                       ; 1                     ; Untyped                ;
; L0_LOW                        ; 1                     ; Untyped                ;
; L1_LOW                        ; 1                     ; Untyped                ;
; G0_LOW                        ; 1                     ; Untyped                ;
; G1_LOW                        ; 1                     ; Untyped                ;
; G2_LOW                        ; 1                     ; Untyped                ;
; G3_LOW                        ; 1                     ; Untyped                ;
; E0_LOW                        ; 1                     ; Untyped                ;
; E1_LOW                        ; 1                     ; Untyped                ;
; E2_LOW                        ; 1                     ; Untyped                ;
; E3_LOW                        ; 1                     ; Untyped                ;
; L0_INITIAL                    ; 1                     ; Untyped                ;
; L1_INITIAL                    ; 1                     ; Untyped                ;
; G0_INITIAL                    ; 1                     ; Untyped                ;
; G1_INITIAL                    ; 1                     ; Untyped                ;
; G2_INITIAL                    ; 1                     ; Untyped                ;
; G3_INITIAL                    ; 1                     ; Untyped                ;
; E0_INITIAL                    ; 1                     ; Untyped                ;
; E1_INITIAL                    ; 1                     ; Untyped                ;
; E2_INITIAL                    ; 1                     ; Untyped                ;
; E3_INITIAL                    ; 1                     ; Untyped                ;
; L0_MODE                       ; BYPASS                ; Untyped                ;
; L1_MODE                       ; BYPASS                ; Untyped                ;
; G0_MODE                       ; BYPASS                ; Untyped                ;
; G1_MODE                       ; BYPASS                ; Untyped                ;
; G2_MODE                       ; BYPASS                ; Untyped                ;
; G3_MODE                       ; BYPASS                ; Untyped                ;
; E0_MODE                       ; BYPASS                ; Untyped                ;
; E1_MODE                       ; BYPASS                ; Untyped                ;
; E2_MODE                       ; BYPASS                ; Untyped                ;
; E3_MODE                       ; BYPASS                ; Untyped                ;
; L0_PH                         ; 0                     ; Untyped                ;
; L1_PH                         ; 0                     ; Untyped                ;
; G0_PH                         ; 0                     ; Untyped                ;
; G1_PH                         ; 0                     ; Untyped                ;
; G2_PH                         ; 0                     ; Untyped                ;
; G3_PH                         ; 0                     ; Untyped                ;
; E0_PH                         ; 0                     ; Untyped                ;
; E1_PH                         ; 0                     ; Untyped                ;
; E2_PH                         ; 0                     ; Untyped                ;
; E3_PH                         ; 0                     ; Untyped                ;
; M_PH                          ; 0                     ; Untyped                ;
; C1_USE_CASC_IN                ; OFF                   ; Untyped                ;
; C2_USE_CASC_IN                ; OFF                   ; Untyped                ;
; C3_USE_CASC_IN                ; OFF                   ; Untyped                ;
; C4_USE_CASC_IN                ; OFF                   ; Untyped                ;
; C5_USE_CASC_IN                ; OFF                   ; Untyped                ;
; C6_USE_CASC_IN                ; OFF                   ; Untyped                ;
; C7_USE_CASC_IN                ; OFF                   ; Untyped                ;
; C8_USE_CASC_IN                ; OFF                   ; Untyped                ;
; C9_USE_CASC_IN                ; OFF                   ; Untyped                ;
; CLK0_COUNTER                  ; G0                    ; Untyped                ;
; CLK1_COUNTER                  ; G0                    ; Untyped                ;
; CLK2_COUNTER                  ; G0                    ; Untyped                ;
; CLK3_COUNTER                  ; G0                    ; Untyped                ;
; CLK4_COUNTER                  ; G0                    ; Untyped                ;
; CLK5_COUNTER                  ; G0                    ; Untyped                ;
; CLK6_COUNTER                  ; E0                    ; Untyped                ;
; CLK7_COUNTER                  ; E1                    ; Untyped                ;
; CLK8_COUNTER                  ; E2                    ; Untyped                ;
; CLK9_COUNTER                  ; E3                    ; Untyped                ;
; L0_TIME_DELAY                 ; 0                     ; Untyped                ;
; L1_TIME_DELAY                 ; 0                     ; Untyped                ;
; G0_TIME_DELAY                 ; 0                     ; Untyped                ;
; G1_TIME_DELAY                 ; 0                     ; Untyped                ;
; G2_TIME_DELAY                 ; 0                     ; Untyped                ;
; G3_TIME_DELAY                 ; 0                     ; Untyped                ;
; E0_TIME_DELAY                 ; 0                     ; Untyped                ;
; E1_TIME_DELAY                 ; 0                     ; Untyped                ;
; E2_TIME_DELAY                 ; 0                     ; Untyped                ;
; E3_TIME_DELAY                 ; 0                     ; Untyped                ;
; M_TIME_DELAY                  ; 0                     ; Untyped                ;
; N_TIME_DELAY                  ; 0                     ; Untyped                ;
; EXTCLK3_COUNTER               ; E3                    ; Untyped                ;
; EXTCLK2_COUNTER               ; E2                    ; Untyped                ;
; EXTCLK1_COUNTER               ; E1                    ; Untyped                ;
; EXTCLK0_COUNTER               ; E0                    ; Untyped                ;
; ENABLE0_COUNTER               ; L0                    ; Untyped                ;
; ENABLE1_COUNTER               ; L0                    ; Untyped                ;
; CHARGE_PUMP_CURRENT           ; 2                     ; Untyped                ;
; LOOP_FILTER_R                 ;  1.000000             ; Untyped                ;
; LOOP_FILTER_C                 ; 5                     ; Untyped                ;
; CHARGE_PUMP_CURRENT_BITS      ; 9999                  ; Untyped                ;
; LOOP_FILTER_R_BITS            ; 9999                  ; Untyped                ;
; LOOP_FILTER_C_BITS            ; 9999                  ; Untyped                ;
; VCO_POST_SCALE                ; 0                     ; Untyped                ;
; CLK2_OUTPUT_FREQUENCY         ; 0                     ; Untyped                ;
; CLK1_OUTPUT_FREQUENCY         ; 0                     ; Untyped                ;
; CLK0_OUTPUT_FREQUENCY         ; 0                     ; Untyped                ;
; INTENDED_DEVICE_FAMILY        ; Cyclone IV E          ; Untyped                ;
; PORT_CLKENA0                  ; PORT_UNUSED           ; Untyped                ;
; PORT_CLKENA1                  ; PORT_UNUSED           ; Untyped                ;
; PORT_CLKENA2                  ; PORT_UNUSED           ; Untyped                ;
; PORT_CLKENA3                  ; PORT_UNUSED           ; Untyped                ;
; PORT_CLKENA4                  ; PORT_UNUSED           ; Untyped                ;
; PORT_CLKENA5                  ; PORT_UNUSED           ; Untyped                ;
; PORT_EXTCLKENA0               ; PORT_CONNECTIVITY     ; Untyped                ;
; PORT_EXTCLKENA1               ; PORT_CONNECTIVITY     ; Untyped                ;
; PORT_EXTCLKENA2               ; PORT_CONNECTIVITY     ; Untyped                ;
; PORT_EXTCLKENA3               ; PORT_CONNECTIVITY     ; Untyped                ;
; PORT_EXTCLK0                  ; PORT_UNUSED           ; Untyped                ;
; PORT_EXTCLK1                  ; PORT_UNUSED           ; Untyped                ;
; PORT_EXTCLK2                  ; PORT_UNUSED           ; Untyped                ;
; PORT_EXTCLK3                  ; PORT_UNUSED           ; Untyped                ;
; PORT_CLKBAD0                  ; PORT_UNUSED           ; Untyped                ;
; PORT_CLKBAD1                  ; PORT_UNUSED           ; Untyped                ;
; PORT_CLK0                     ; PORT_USED             ; Untyped                ;
; PORT_CLK1                     ; PORT_USED             ; Untyped                ;
; PORT_CLK2                     ; PORT_USED             ; Untyped                ;
; PORT_CLK3                     ; PORT_USED             ; Untyped                ;
; PORT_CLK4                     ; PORT_UNUSED           ; Untyped                ;
; PORT_CLK5                     ; PORT_UNUSED           ; Untyped                ;
; PORT_CLK6                     ; PORT_UNUSED           ; Untyped                ;
; PORT_CLK7                     ; PORT_UNUSED           ; Untyped                ;
; PORT_CLK8                     ; PORT_UNUSED           ; Untyped                ;
; PORT_CLK9                     ; PORT_UNUSED           ; Untyped                ;
; PORT_SCANDATA                 ; PORT_UNUSED           ; Untyped                ;
; PORT_SCANDATAOUT              ; PORT_UNUSED           ; Untyped                ;
; PORT_SCANDONE                 ; PORT_UNUSED           ; Untyped                ;
; PORT_SCLKOUT1                 ; PORT_CONNECTIVITY     ; Untyped                ;
; PORT_SCLKOUT0                 ; PORT_CONNECTIVITY     ; Untyped                ;
; PORT_ACTIVECLOCK              ; PORT_UNUSED           ; Untyped                ;
; PORT_CLKLOSS                  ; PORT_UNUSED           ; Untyped                ;
; PORT_INCLK1                   ; PORT_UNUSED           ; Untyped                ;
; PORT_INCLK0                   ; PORT_USED             ; Untyped                ;
; PORT_FBIN                     ; PORT_UNUSED           ; Untyped                ;
; PORT_PLLENA                   ; PORT_UNUSED           ; Untyped                ;
; PORT_CLKSWITCH                ; PORT_UNUSED           ; Untyped                ;
; PORT_ARESET                   ; PORT_USED             ; Untyped                ;
; PORT_PFDENA                   ; PORT_UNUSED           ; Untyped                ;
; PORT_SCANCLK                  ; PORT_UNUSED           ; Untyped                ;
; PORT_SCANACLR                 ; PORT_UNUSED           ; Untyped                ;
; PORT_SCANREAD                 ; PORT_UNUSED           ; Untyped                ;
; PORT_SCANWRITE                ; PORT_UNUSED           ; Untyped                ;
; PORT_ENABLE0                  ; PORT_CONNECTIVITY     ; Untyped                ;
; PORT_ENABLE1                  ; PORT_CONNECTIVITY     ; Untyped                ;
; PORT_LOCKED                   ; PORT_USED             ; Untyped                ;
; PORT_CONFIGUPDATE             ; PORT_UNUSED           ; Untyped                ;
; PORT_FBOUT                    ; PORT_CONNECTIVITY     ; Untyped                ;
; PORT_PHASEDONE                ; PORT_UNUSED           ; Untyped                ;
; PORT_PHASESTEP                ; PORT_UNUSED           ; Untyped                ;
; PORT_PHASEUPDOWN              ; PORT_UNUSED           ; Untyped                ;
; PORT_SCANCLKENA               ; PORT_UNUSED           ; Untyped                ;
; PORT_PHASECOUNTERSELECT       ; PORT_UNUSED           ; Untyped                ;
; PORT_VCOOVERRANGE             ; PORT_CONNECTIVITY     ; Untyped                ;
; PORT_VCOUNDERRANGE            ; PORT_CONNECTIVITY     ; Untyped                ;
; M_TEST_SOURCE                 ; 5                     ; Untyped                ;
; C0_TEST_SOURCE                ; 5                     ; Untyped                ;
; C1_TEST_SOURCE                ; 5                     ; Untyped                ;
; C2_TEST_SOURCE                ; 5                     ; Untyped                ;
; C3_TEST_SOURCE                ; 5                     ; Untyped                ;
; C4_TEST_SOURCE                ; 5                     ; Untyped                ;
; C5_TEST_SOURCE                ; 5                     ; Untyped                ;
; C6_TEST_SOURCE                ; 5                     ; Untyped                ;
; C7_TEST_SOURCE                ; 5                     ; Untyped                ;
; C8_TEST_SOURCE                ; 5                     ; Untyped                ;
; C9_TEST_SOURCE                ; 5                     ; Untyped                ;
; CBXI_PARAMETER                ; pll_altpll            ; Untyped                ;
; VCO_FREQUENCY_CONTROL         ; AUTO                  ; Untyped                ;
; VCO_PHASE_SHIFT_STEP          ; 0                     ; Untyped                ;
; WIDTH_CLOCK                   ; 5                     ; Signed Integer         ;
; WIDTH_PHASECOUNTERSELECT      ; 4                     ; Untyped                ;
; USING_FBMIMICBIDIR_PORT       ; OFF                   ; Untyped                ;
; DEVICE_FAMILY                 ; Cyclone IV E          ; Untyped                ;
; SCAN_CHAIN_MIF_FILE           ; UNUSED                ; Untyped                ;
; SIM_GATE_LOCK_DEVICE_BEHAVIOR ; OFF                   ; Untyped                ;
; AUTO_CARRY_CHAINS             ; ON                    ; AUTO_CARRY             ;
; IGNORE_CARRY_BUFFERS          ; OFF                   ; IGNORE_CARRY           ;
; AUTO_CASCADE_CHAINS           ; ON                    ; AUTO_CASCADE           ;
; IGNORE_CASCADE_BUFFERS        ; OFF                   ; IGNORE_CASCADE         ;
+-------------------------------+-----------------------+------------------------+
Note: In order to hide this table in the UI and the text report file, please set the "Show Parameter Settings in Synthesis Report" option in "Analysis and Synthesis Settings -> More Settings" to "Off".


+--------------------------------------------------------------------------+
; Parameter Settings for User Entity Instance: lcd:u_lcd|clk_div:u_clk_div ;
+----------------+-------+-------------------------------------------------+
; Parameter Name ; Value ; Type                                            ;
+----------------+-------+-------------------------------------------------+
; ID_4342        ; 0     ; Signed Integer                                  ;
; ID_7084        ; 1     ; Signed Integer                                  ;
; ID_7016        ; 2     ; Signed Integer                                  ;
; ID_1018        ; 5     ; Signed Integer                                  ;
+----------------+-------+-------------------------------------------------+
Note: In order to hide this table in the UI and the text report file, please set the "Show Parameter Settings in Synthesis Report" option in "Analysis and Synthesis Settings -> More Settings" to "Off".


+--------------------------------------------------------------------------------+
; Parameter Settings for User Entity Instance: lcd:u_lcd|lcd_driver:u_lcd_driver ;
+----------------+-------------+-------------------------------------------------+
; Parameter Name ; Value       ; Type                                            ;
+----------------+-------------+-------------------------------------------------+
; H_SYNC_4342    ; 00000101001 ; Unsigned Binary                                 ;
; H_BACK_4342    ; 00000000010 ; Unsigned Binary                                 ;
; H_DISP_4342    ; 00111100000 ; Unsigned Binary                                 ;
; H_FRONT_4342   ; 00000000010 ; Unsigned Binary                                 ;
; H_TOTAL_4342   ; 01000001101 ; Unsigned Binary                                 ;
; V_SYNC_4342    ; 00000001010 ; Unsigned Binary                                 ;
; V_BACK_4342    ; 00000000010 ; Unsigned Binary                                 ;
; V_DISP_4342    ; 00100010000 ; Unsigned Binary                                 ;
; V_FRONT_4342   ; 00000000010 ; Unsigned Binary                                 ;
; V_TOTAL_4342   ; 00100011110 ; Unsigned Binary                                 ;
; H_SYNC_7084    ; 00010000000 ; Unsigned Binary                                 ;
; H_BACK_7084    ; 00001011000 ; Unsigned Binary                                 ;
; H_DISP_7084    ; 01100100000 ; Unsigned Binary                                 ;
; H_FRONT_7084   ; 00000101000 ; Unsigned Binary                                 ;
; H_TOTAL_7084   ; 10000100000 ; Unsigned Binary                                 ;
; V_SYNC_7084    ; 00000000010 ; Unsigned Binary                                 ;
; V_BACK_7084    ; 00000100001 ; Unsigned Binary                                 ;
; V_DISP_7084    ; 00111100000 ; Unsigned Binary                                 ;
; V_FRONT_7084   ; 00000001010 ; Unsigned Binary                                 ;
; V_TOTAL_7084   ; 01000001101 ; Unsigned Binary                                 ;
; H_SYNC_7016    ; 00000010100 ; Unsigned Binary                                 ;
; H_BACK_7016    ; 00010001100 ; Unsigned Binary                                 ;
; H_DISP_7016    ; 10000000000 ; Unsigned Binary                                 ;
; H_FRONT_7016   ; 00010100000 ; Unsigned Binary                                 ;
; H_TOTAL_7016   ; 10101000000 ; Unsigned Binary                                 ;
; V_SYNC_7016    ; 00000000011 ; Unsigned Binary                                 ;
; V_BACK_7016    ; 00000010100 ; Unsigned Binary                                 ;
; V_DISP_7016    ; 01001011000 ; Unsigned Binary                                 ;
; V_FRONT_7016   ; 00000001100 ; Unsigned Binary                                 ;
; V_TOTAL_7016   ; 01001111011 ; Unsigned Binary                                 ;
; H_SYNC_1018    ; 00000001010 ; Unsigned Binary                                 ;
; H_BACK_1018    ; 00001010000 ; Unsigned Binary                                 ;
; H_DISP_1018    ; 10100000000 ; Unsigned Binary                                 ;
; H_FRONT_1018   ; 00001000110 ; Unsigned Binary                                 ;
; H_TOTAL_1018   ; 10110100000 ; Unsigned Binary                                 ;
; V_SYNC_1018    ; 00000000011 ; Unsigned Binary                                 ;
; V_BACK_1018    ; 00000001010 ; Unsigned Binary                                 ;
; V_DISP_1018    ; 01100100000 ; Unsigned Binary                                 ;
; V_FRONT_1018   ; 00000001010 ; Unsigned Binary                                 ;
; V_TOTAL_1018   ; 01100110111 ; Unsigned Binary                                 ;
; ID_4342        ; 0           ; Signed Integer                                  ;
; ID_7084        ; 1           ; Signed Integer                                  ;
; ID_7016        ; 2           ; Signed Integer                                  ;
; ID_1018        ; 5           ; Signed Integer                                  ;
+----------------+-------------+-------------------------------------------------+
Note: In order to hide this table in the UI and the text report file, please set the "Show Parameter Settings in Synthesis Report" option in "Analysis and Synthesis Settings -> More Settings" to "Off".


+--------------------------------------------------------------------------+
; Parameter Settings for User Entity Instance: picture_size:u_picture_size ;
+----------------+-------+-------------------------------------------------+
; Parameter Name ; Value ; Type                                            ;
+----------------+-------+-------------------------------------------------+
; ID_4342        ; 0     ; Signed Integer                                  ;
; ID_7084        ; 1     ; Signed Integer                                  ;
; ID_7016        ; 2     ; Signed Integer                                  ;
; ID_1018        ; 5     ; Signed Integer                                  ;
+----------------+-------+-------------------------------------------------+
Note: In order to hide this table in the UI and the text report file, please set the "Show Parameter Settings in Synthesis Report" option in "Analysis and Synthesis Settings -> More Settings" to "Off".


+----------------------------------------------------------------+
; Parameter Settings for User Entity Instance: i2c_dri:u_i2c_dr  ;
+----------------+-----------------------------+-----------------+
; Parameter Name ; Value                       ; Type            ;
+----------------+-----------------------------+-----------------+
; SLAVE_ADDR     ; 0111100                     ; Unsigned Binary ;
; CLK_FREQ       ; 101111101011110000100000000 ; Unsigned Binary ;
; I2C_FREQ       ; 111101000010010000          ; Unsigned Binary ;
+----------------+-----------------------------+-----------------+
Note: In order to hide this table in the UI and the text report file, please set the "Show Parameter Settings in Synthesis Report" option in "Analysis and Synthesis Settings -> More Settings" to "Off".


+------------------------------------------------------------------------------------+
; Parameter Settings for User Entity Instance: cmos_capture_data:u_cmos_capture_data ;
+----------------+--------+----------------------------------------------------------+
; Parameter Name ; Value  ; Type                                                     ;
+----------------+--------+----------------------------------------------------------+
; WAIT_FRAME     ; 1010   ; Unsigned Binary                                          ;
; FRAME_PIXELS   ; 384000 ; Signed Integer                                           ;
+----------------+--------+----------------------------------------------------------+
Note: In order to hide this table in the UI and the text report file, please set the "Show Parameter Settings in Synthesis Report" option in "Analysis and Synthesis Settings -> More Settings" to "Off".


+----------------------------------------------------------------------------------------------------------------------------------------------+
; Parameter Settings for User Entity Instance: sdram_top:u_sdram_top|sdram_fifo_ctrl:u_sdram_fifo_ctrl|wrfifo:u_wrfifo|dcfifo:dcfifo_component ;
+-------------------------+--------------+-----------------------------------------------------------------------------------------------------+
; Parameter Name          ; Value        ; Type                                                                                                ;
+-------------------------+--------------+-----------------------------------------------------------------------------------------------------+
; WIDTH_BYTEENA           ; 1            ; Untyped                                                                                             ;
; AUTO_CARRY_CHAINS       ; ON           ; AUTO_CARRY                                                                                          ;
; IGNORE_CARRY_BUFFERS    ; OFF          ; IGNORE_CARRY                                                                                        ;
; AUTO_CASCADE_CHAINS     ; ON           ; AUTO_CASCADE                                                                                        ;
; IGNORE_CASCADE_BUFFERS  ; OFF          ; IGNORE_CASCADE                                                                                      ;
; LPM_WIDTH               ; 16           ; Signed Integer                                                                                      ;
; LPM_NUMWORDS            ; 1024         ; Signed Integer                                                                                      ;
; LPM_WIDTHU              ; 10           ; Signed Integer                                                                                      ;
; LPM_SHOWAHEAD           ; OFF          ; Untyped                                                                                             ;
; UNDERFLOW_CHECKING      ; ON           ; Untyped                                                                                             ;
; OVERFLOW_CHECKING       ; ON           ; Untyped                                                                                             ;
; USE_EAB                 ; ON           ; Untyped                                                                                             ;
; ADD_RAM_OUTPUT_REGISTER ; OFF          ; Untyped                                                                                             ;
; DELAY_RDUSEDW           ; 1            ; Untyped                                                                                             ;
; DELAY_WRUSEDW           ; 1            ; Untyped                                                                                             ;
; RDSYNC_DELAYPIPE        ; 3            ; Signed Integer                                                                                      ;
; WRSYNC_DELAYPIPE        ; 3            ; Signed Integer                                                                                      ;
; CLOCKS_ARE_SYNCHRONIZED ; FALSE        ; Untyped                                                                                             ;
; MAXIMIZE_SPEED          ; 5            ; Untyped                                                                                             ;
; DEVICE_FAMILY           ; Cyclone IV E ; Untyped                                                                                             ;
; ADD_USEDW_MSB_BIT       ; OFF          ; Untyped                                                                                             ;
; WRITE_ACLR_SYNCH        ; OFF          ; Untyped                                                                                             ;
; READ_ACLR_SYNCH         ; OFF          ; Untyped                                                                                             ;
; CBXI_PARAMETER          ; dcfifo_nnl1  ; Untyped                                                                                             ;
+-------------------------+--------------+-----------------------------------------------------------------------------------------------------+
Note: In order to hide this table in the UI and the text report file, please set the "Show Parameter Settings in Synthesis Report" option in "Analysis and Synthesis Settings -> More Settings" to "Off".


+----------------------------------------------------------------------------------------------------------------------------------------------+
; Parameter Settings for User Entity Instance: sdram_top:u_sdram_top|sdram_fifo_ctrl:u_sdram_fifo_ctrl|rdfifo:u_rdfifo|dcfifo:dcfifo_component ;
+-------------------------+--------------+-----------------------------------------------------------------------------------------------------+
; Parameter Name          ; Value        ; Type                                                                                                ;
+-------------------------+--------------+-----------------------------------------------------------------------------------------------------+
; WIDTH_BYTEENA           ; 1            ; Untyped                                                                                             ;
; AUTO_CARRY_CHAINS       ; ON           ; AUTO_CARRY                                                                                          ;
; IGNORE_CARRY_BUFFERS    ; OFF          ; IGNORE_CARRY                                                                                        ;
; AUTO_CASCADE_CHAINS     ; ON           ; AUTO_CASCADE                                                                                        ;
; IGNORE_CASCADE_BUFFERS  ; OFF          ; IGNORE_CASCADE                                                                                      ;
; LPM_WIDTH               ; 16           ; Signed Integer                                                                                      ;
; LPM_NUMWORDS            ; 1024         ; Signed Integer                                                                                      ;
; LPM_WIDTHU              ; 10           ; Signed Integer                                                                                      ;
; LPM_SHOWAHEAD           ; OFF          ; Untyped                                                                                             ;
; UNDERFLOW_CHECKING      ; ON           ; Untyped                                                                                             ;
; OVERFLOW_CHECKING       ; ON           ; Untyped                                                                                             ;
; USE_EAB                 ; ON           ; Untyped                                                                                             ;
; ADD_RAM_OUTPUT_REGISTER ; OFF          ; Untyped                                                                                             ;
; DELAY_RDUSEDW           ; 1            ; Untyped                                                                                             ;
; DELAY_WRUSEDW           ; 1            ; Untyped                                                                                             ;
; RDSYNC_DELAYPIPE        ; 3            ; Signed Integer                                                                                      ;
; WRSYNC_DELAYPIPE        ; 3            ; Signed Integer                                                                                      ;
; CLOCKS_ARE_SYNCHRONIZED ; FALSE        ; Untyped                                                                                             ;
; MAXIMIZE_SPEED          ; 5            ; Untyped                                                                                             ;
; DEVICE_FAMILY           ; Cyclone IV E ; Untyped                                                                                             ;
; ADD_USEDW_MSB_BIT       ; OFF          ; Untyped                                                                                             ;
; WRITE_ACLR_SYNCH        ; OFF          ; Untyped                                                                                             ;
; READ_ACLR_SYNCH         ; OFF          ; Untyped                                                                                             ;
; CBXI_PARAMETER          ; dcfifo_aol1  ; Untyped                                                                                             ;
+-------------------------+--------------+-----------------------------------------------------------------------------------------------------+
Note: In order to hide this table in the UI and the text report file, please set the "Show Parameter Settings in Synthesis Report" option in "Analysis and Synthesis Settings -> More Settings" to "Off".


+--------------------------------------------------------------------------------------------------------------------------------+
; Parameter Settings for User Entity Instance: sdram_top:u_sdram_top|sdram_controller:u_sdram_controller|sdram_ctrl:u_sdram_ctrl ;
+----------------+------------+--------------------------------------------------------------------------------------------------+
; Parameter Name ; Value      ; Type                                                                                             ;
+----------------+------------+--------------------------------------------------------------------------------------------------+
; TRP_CLK        ; 0000000100 ; Unsigned Binary                                                                                  ;
; TRC_CLK        ; 0000000110 ; Unsigned Binary                                                                                  ;
; TRSC_CLK       ; 0000000110 ; Unsigned Binary                                                                                  ;
; TRCD_CLK       ; 0000000010 ; Unsigned Binary                                                                                  ;
; TCL_CLK        ; 0000000011 ; Unsigned Binary                                                                                  ;
; TWR_CLK        ; 0000000010 ; Unsigned Binary                                                                                  ;
+----------------+------------+--------------------------------------------------------------------------------------------------+
Note: In order to hide this table in the UI and the text report file, please set the "Show Parameter Settings in Synthesis Report" option in "Analysis and Synthesis Settings -> More Settings" to "Off".


+----------------------------------------------------------------------------------------------------------+
; Parameter Settings for User Entity Instance: to8:u_to8|dcfifo_mixed_widths:dcfifo_mixed_widths_component ;
+--------------------------+-------------+-----------------------------------------------------------------+
; Parameter Name           ; Value       ; Type                                                            ;
+--------------------------+-------------+-----------------------------------------------------------------+
; ACF_DISABLE_MLAB_RAM_USE ; FALSE       ; Untyped                                                         ;
; ADD_RAM_OUTPUT_REGISTER  ; OFF         ; Untyped                                                         ;
; ADD_USEDW_MSB_BIT        ; OFF         ; Untyped                                                         ;
; CLOCKS_ARE_SYNCHRONIZED  ; FALSE       ; Untyped                                                         ;
; DELAY_RDUSEDW            ; 1           ; Untyped                                                         ;
; DELAY_WRUSEDW            ; 1           ; Untyped                                                         ;
; LPM_NUMWORDS             ; 8192        ; Signed Integer                                                  ;
; LPM_SHOWAHEAD            ; OFF         ; Untyped                                                         ;
; LPM_WIDTH                ; 16          ; Signed Integer                                                  ;
; LPM_WIDTH_R              ; 8           ; Signed Integer                                                  ;
; LPM_WIDTHU               ; 13          ; Signed Integer                                                  ;
; LPM_WIDTHU_R             ; 14          ; Signed Integer                                                  ;
; MAXIMIZE_SPEED           ; 5           ; Untyped                                                         ;
; OVERFLOW_CHECKING        ; ON          ; Untyped                                                         ;
; RAM_BLOCK_TYPE           ; AUTO        ; Untyped                                                         ;
; RDSYNC_DELAYPIPE         ; 4           ; Signed Integer                                                  ;
; READ_ACLR_SYNCH          ; OFF         ; Untyped                                                         ;
; UNDERFLOW_CHECKING       ; ON          ; Untyped                                                         ;
; USE_EAB                  ; ON          ; Untyped                                                         ;
; WRITE_ACLR_SYNCH         ; OFF         ; Untyped                                                         ;
; WRSYNC_DELAYPIPE         ; 4           ; Signed Integer                                                  ;
; CBXI_PARAMETER           ; dcfifo_0bh1 ; Untyped                                                         ;
+--------------------------+-------------+-----------------------------------------------------------------+
Note: In order to hide this table in the UI and the text report file, please set the "Show Parameter Settings in Synthesis Report" option in "Analysis and Synthesis Settings -> More Settings" to "Off".


+----------------------------------------------------------------------------------------+
; Parameter Settings for User Entity Instance: sdram_to8_flow_ctrl:u_sdram_to8_flow_ctrl ;
+---------------------+---------------+--------------------------------------------------+
; Parameter Name      ; Value         ; Type                                             ;
+---------------------+---------------+--------------------------------------------------+
; FIFO_LOW_THRESHOLD  ; 0011111010000 ; Unsigned Binary                                  ;
; FIFO_HIGH_THRESHOLD ; 1010101111100 ; Unsigned Binary                                  ;
+---------------------+---------------+--------------------------------------------------+
Note: In order to hide this table in the UI and the text report file, please set the "Show Parameter Settings in Synthesis Report" option in "Analysis and Synthesis Settings -> More Settings" to "Off".


+------------------------------------------------------------------------------+
; Parameter Settings for User Entity Instance: top:u_ch346_top|rd_rst:m_rd_rst ;
+----------------+-------+-----------------------------------------------------+
; Parameter Name ; Value ; Type                                                ;
+----------------+-------+-----------------------------------------------------+
; ST_IDLE        ; 0     ; Signed Integer                                      ;
; ST_CMD         ; 1     ; Signed Integer                                      ;
; ST_OFFSET      ; 2     ; Signed Integer                                      ;
; ST_LEN         ; 3     ; Signed Integer                                      ;
; ST_INDEX       ; 4     ; Signed Integer                                      ;
; ST_RD_DLY      ; 5     ; Signed Integer                                      ;
; ST_DATA        ; 6     ; Signed Integer                                      ;
; ST_END         ; 7     ; Signed Integer                                      ;
+----------------+-------+-----------------------------------------------------+
Note: In order to hide this table in the UI and the text report file, please set the "Show Parameter Settings in Synthesis Report" option in "Analysis and Synthesis Settings -> More Settings" to "Off".


+--------------------------------------------------------------------------+
; Parameter Settings for User Entity Instance: top:u_ch346_top|send:m_send ;
+----------------+-------+-------------------------------------------------+
; Parameter Name ; Value ; Type                                            ;
+----------------+-------+-------------------------------------------------+
; ST_IDLE        ; 0     ; Signed Integer                                  ;
; ST_CMD         ; 1     ; Signed Integer                                  ;
; ST_OFFSET      ; 2     ; Signed Integer                                  ;
; ST_LEN         ; 3     ; Signed Integer                                  ;
; ST_WR_DLY      ; 4     ; Signed Integer                                  ;
; ST_INDEX       ; 5     ; Signed Integer                                  ;
; ST_HEAD        ; 6     ; Signed Integer                                  ;
; ST_DATA        ; 7     ; Signed Integer                                  ;
; ST_END         ; 8     ; Signed Integer                                  ;
+----------------+-------+-------------------------------------------------+
Note: In order to hide this table in the UI and the text report file, please set the "Show Parameter Settings in Synthesis Report" option in "Analysis and Synthesis Settings -> More Settings" to "Off".


+--------------------------------------------------------------------------+
; Parameter Settings for User Entity Instance: top:u_ch346_top|recv:m_recv ;
+----------------+-------+-------------------------------------------------+
; Parameter Name ; Value ; Type                                            ;
+----------------+-------+-------------------------------------------------+
; ST_IDLE        ; 0     ; Signed Integer                                  ;
; ST_CMD         ; 1     ; Signed Integer                                  ;
; ST_OFFSET      ; 2     ; Signed Integer                                  ;
; ST_LEN         ; 3     ; Signed Integer                                  ;
; ST_INDEX       ; 4     ; Signed Integer                                  ;
; ST_RD_DLY      ; 5     ; Signed Integer                                  ;
; ST_DATA        ; 6     ; Signed Integer                                  ;
; ST_END         ; 7     ; Signed Integer                                  ;
+----------------+-------+-------------------------------------------------+
Note: In order to hide this table in the UI and the text report file, please set the "Show Parameter Settings in Synthesis Report" option in "Analysis and Synthesis Settings -> More Settings" to "Off".


+--------------------------------------------------------------------------+
; Parameter Settings for User Entity Instance: top:u_ch346_top|loop:m_loop ;
+----------------+-------+-------------------------------------------------+
; Parameter Name ; Value ; Type                                            ;
+----------------+-------+-------------------------------------------------+
; ST_IDLE        ; 0     ; Signed Integer                                  ;
; ST_CMD         ; 1     ; Signed Integer                                  ;
; ST_OFFSET      ; 2     ; Signed Integer                                  ;
; ST_LEN         ; 3     ; Signed Integer                                  ;
; ST_INDEX       ; 4     ; Signed Integer                                  ;
; ST_RD_DLY      ; 5     ; Signed Integer                                  ;
; ST_DATA        ; 6     ; Signed Integer                                  ;
; ST_END         ; 7     ; Signed Integer                                  ;
+----------------+-------+-------------------------------------------------+
Note: In order to hide this table in the UI and the text report file, please set the "Show Parameter Settings in Synthesis Report" option in "Analysis and Synthesis Settings -> More Settings" to "Off".


+-------------------------------------------------------------------------------------------------------------------------------------------------------------------------------------------------------------------------------------------+
; Parameter Settings for Inferred Entity Instance: sld_signaltap:auto_signaltap_0                                                                                                                                                           ;
+-------------------------------------------------+------------------------------------------------------------------------------------------------------------------------------------------------------------------------+----------------+
; Parameter Name                                  ; Value                                                                                                                                                                  ; Type           ;
+-------------------------------------------------+------------------------------------------------------------------------------------------------------------------------------------------------------------------------+----------------+
; lpm_type                                        ; sld_signaltap                                                                                                                                                          ; String         ;
; sld_node_info                                   ; 805334528                                                                                                                                                              ; Untyped        ;
; SLD_IP_VERSION                                  ; 6                                                                                                                                                                      ; Signed Integer ;
; SLD_IP_MINOR_VERSION                            ; 0                                                                                                                                                                      ; Signed Integer ;
; SLD_COMMON_IP_VERSION                           ; 0                                                                                                                                                                      ; Signed Integer ;
; sld_data_bits                                   ; 47                                                                                                                                                                     ; Untyped        ;
; sld_trigger_bits                                ; 47                                                                                                                                                                     ; Untyped        ;
; SLD_NODE_CRC_BITS                               ; 32                                                                                                                                                                     ; Signed Integer ;
; sld_node_crc_hiword                             ; 58629                                                                                                                                                                  ; Untyped        ;
; sld_node_crc_loword                             ; 51728                                                                                                                                                                  ; Untyped        ;
; SLD_INCREMENTAL_ROUTING                         ; 0                                                                                                                                                                      ; Signed Integer ;
; sld_sample_depth                                ; 2048                                                                                                                                                                   ; Untyped        ;
; sld_segment_size                                ; 2048                                                                                                                                                                   ; Untyped        ;
; SLD_RAM_BLOCK_TYPE                              ; AUTO                                                                                                                                                                   ; String         ;
; sld_state_bits                                  ; 11                                                                                                                                                                     ; Untyped        ;
; sld_buffer_full_stop                            ; 1                                                                                                                                                                      ; Untyped        ;
; SLD_MEM_ADDRESS_BITS                            ; 7                                                                                                                                                                      ; Signed Integer ;
; SLD_DATA_BIT_CNTR_BITS                          ; 4                                                                                                                                                                      ; Signed Integer ;
; sld_trigger_level                               ; 1                                                                                                                                                                      ; Untyped        ;
; sld_trigger_in_enabled                          ; 0                                                                                                                                                                      ; Untyped        ;
; SLD_HPS_TRIGGER_IN_ENABLED                      ; 0                                                                                                                                                                      ; Signed Integer ;
; SLD_HPS_TRIGGER_OUT_ENABLED                     ; 0                                                                                                                                                                      ; Signed Integer ;
; SLD_HPS_EVENT_ENABLED                           ; 0                                                                                                                                                                      ; Signed Integer ;
; SLD_HPS_EVENT_ID                                ; 0                                                                                                                                                                      ; Signed Integer ;
; sld_advanced_trigger_entity                     ; basic,1,                                                                                                                                                               ; Untyped        ;
; sld_trigger_level_pipeline                      ; 1                                                                                                                                                                      ; Untyped        ;
; sld_enable_advanced_trigger                     ; 0                                                                                                                                                                      ; Untyped        ;
; SLD_ADVANCED_TRIGGER_1                          ; NONE                                                                                                                                                                   ; String         ;
; SLD_ADVANCED_TRIGGER_2                          ; NONE                                                                                                                                                                   ; String         ;
; SLD_ADVANCED_TRIGGER_3                          ; NONE                                                                                                                                                                   ; String         ;
; SLD_ADVANCED_TRIGGER_4                          ; NONE                                                                                                                                                                   ; String         ;
; SLD_ADVANCED_TRIGGER_5                          ; NONE                                                                                                                                                                   ; String         ;
; SLD_ADVANCED_TRIGGER_6                          ; NONE                                                                                                                                                                   ; String         ;
; SLD_ADVANCED_TRIGGER_7                          ; NONE                                                                                                                                                                   ; String         ;
; SLD_ADVANCED_TRIGGER_8                          ; NONE                                                                                                                                                                   ; String         ;
; SLD_ADVANCED_TRIGGER_9                          ; NONE                                                                                                                                                                   ; String         ;
; SLD_ADVANCED_TRIGGER_10                         ; NONE                                                                                                                                                                   ; String         ;
; sld_inversion_mask_length                       ; 166                                                                                                                                                                    ; Untyped        ;
; sld_inversion_mask                              ; 0000000000000000000000000000000000000000000000000000000000000000000000000000000000000000000000000000000000000000000000000000000000000000000000000000000000000000000000 ; Untyped        ;
; sld_power_up_trigger                            ; 0                                                                                                                                                                      ; Untyped        ;
; SLD_STATE_FLOW_MGR_ENTITY                       ; state_flow_mgr_entity.vhd                                                                                                                                              ; String         ;
; sld_state_flow_use_generated                    ; 0                                                                                                                                                                      ; Untyped        ;
; sld_current_resource_width                      ; 1                                                                                                                                                                      ; Untyped        ;
; sld_attribute_mem_mode                          ; OFF                                                                                                                                                                    ; Untyped        ;
; SLD_STORAGE_QUALIFIER_BITS                      ; 1                                                                                                                                                                      ; Signed Integer ;
; SLD_STORAGE_QUALIFIER_GAP_RECORD                ; 0                                                                                                                                                                      ; Signed Integer ;
; SLD_STORAGE_QUALIFIER_MODE                      ; OFF                                                                                                                                                                    ; String         ;
; SLD_STORAGE_QUALIFIER_ENABLE_ADVANCED_CONDITION ; 0                                                                                                                                                                      ; Signed Integer ;
; sld_storage_qualifier_inversion_mask_length     ; 0                                                                                                                                                                      ; Untyped        ;
; SLD_STORAGE_QUALIFIER_ADVANCED_CONDITION_ENTITY ; basic                                                                                                                                                                  ; String         ;
; SLD_STORAGE_QUALIFIER_PIPELINE                  ; 0                                                                                                                                                                      ; Signed Integer ;
+-------------------------------------------------+------------------------------------------------------------------------------------------------------------------------------------------------------------------------+----------------+
Note: In order to hide this table in the UI and the text report file, please set the "Show Parameter Settings in Synthesis Report" option in "Analysis and Synthesis Settings -> More Settings" to "Off".


+-------------------------------------------------------------------+
; altpll Parameter Settings by Entity Instance                      ;
+-------------------------------+-----------------------------------+
; Name                          ; Value                             ;
+-------------------------------+-----------------------------------+
; Number of entity instances    ; 1                                 ;
; Entity Instance               ; pll:u_pll|altpll:altpll_component ;
;     -- OPERATION_MODE         ; NORMAL                            ;
;     -- PLL_TYPE               ; AUTO                              ;
;     -- PRIMARY_CLOCK          ; INCLK0                            ;
;     -- INCLK0_INPUT_FREQUENCY ; 20000                             ;
;     -- INCLK1_INPUT_FREQUENCY ; 0                                 ;
;     -- VCO_MULTIPLY_BY        ; 0                                 ;
;     -- VCO_DIVIDE_BY          ; 0                                 ;
+-------------------------------+-----------------------------------+


+------------------------------------------------------------------------------------------------------------------------------+
; dcfifo Parameter Settings by Entity Instance                                                                                 ;
+----------------------------+-------------------------------------------------------------------------------------------------+
; Name                       ; Value                                                                                           ;
+----------------------------+-------------------------------------------------------------------------------------------------+
; Number of entity instances ; 2                                                                                               ;
; Entity Instance            ; sdram_top:u_sdram_top|sdram_fifo_ctrl:u_sdram_fifo_ctrl|wrfifo:u_wrfifo|dcfifo:dcfifo_component ;
;     -- FIFO Type           ; Dual Clock                                                                                      ;
;     -- LPM_WIDTH           ; 16                                                                                              ;
;     -- LPM_NUMWORDS        ; 1024                                                                                            ;
;     -- LPM_SHOWAHEAD       ; OFF                                                                                             ;
;     -- USE_EAB             ; ON                                                                                              ;
; Entity Instance            ; sdram_top:u_sdram_top|sdram_fifo_ctrl:u_sdram_fifo_ctrl|rdfifo:u_rdfifo|dcfifo:dcfifo_component ;
;     -- FIFO Type           ; Dual Clock                                                                                      ;
;     -- LPM_WIDTH           ; 16                                                                                              ;
;     -- LPM_NUMWORDS        ; 1024                                                                                            ;
;     -- LPM_SHOWAHEAD       ; OFF                                                                                             ;
;     -- USE_EAB             ; ON                                                                                              ;
+----------------------------+-------------------------------------------------------------------------------------------------+


+----------------------------------------------------------------------------------------------------------------+
; Port Connectivity Checks: "top:u_ch346_top"                                                                    ;
+------+--------+----------+-------------------------------------------------------------------------------------+
; Port ; Type   ; Severity ; Details                                                                             ;
+------+--------+----------+-------------------------------------------------------------------------------------+
; led  ; Output ; Info     ; Connected to dangling logic. Logic that only feeds a dangling port will be removed. ;
+------+--------+----------+-------------------------------------------------------------------------------------+


+-----------------------------------------------------------------------------------------------------------------------+
; Port Connectivity Checks: "sdram_to8_flow_ctrl:u_sdram_to8_flow_ctrl"                                                 ;
+-------------+--------+----------+-------------------------------------------------------------------------------------+
; Port        ; Type   ; Severity ; Details                                                                             ;
+-------------+--------+----------+-------------------------------------------------------------------------------------+
; sdram_rd_en ; Output ; Info     ; Connected to dangling logic. Logic that only feeds a dangling port will be removed. ;
+-------------+--------+----------+-------------------------------------------------------------------------------------+


+------------------------------------------------------+
; Port Connectivity Checks: "to8:u_to8"                ;
+---------+--------+----------+------------------------+
; Port    ; Type   ; Severity ; Details                ;
+---------+--------+----------+------------------------+
; rdusedw ; Output ; Info     ; Explicitly unconnected ;
+---------+--------+----------+------------------------+


+-----------------------------------------------------+
; Port Connectivity Checks: "sdram_top:u_sdram_top"   ;
+-------------------+-------+----------+--------------+
; Port              ; Type  ; Severity ; Details      ;
+-------------------+-------+----------+--------------+
; wr_min_addr       ; Input ; Info     ; Stuck at GND ;
; wr_len[8..0]      ; Input ; Info     ; Stuck at GND ;
; wr_len[9]         ; Input ; Info     ; Stuck at VCC ;
; rd_min_addr       ; Input ; Info     ; Stuck at GND ;
; rd_len[8..0]      ; Input ; Info     ; Stuck at GND ;
; rd_len[9]         ; Input ; Info     ; Stuck at VCC ;
; sdram_read_valid  ; Input ; Info     ; Stuck at VCC ;
; sdram_pingpang_en ; Input ; Info     ; Stuck at VCC ;
+-------------------+-------+----------+--------------+


+-------------------------------------------------------------------+
; Port Connectivity Checks: "cmos_capture_data:u_cmos_capture_data" ;
+------------------+--------+----------+----------------------------+
; Port             ; Type   ; Severity ; Details                    ;
+------------------+--------+----------+----------------------------+
; cmos_frame_vsync ; Output ; Info     ; Explicitly unconnected     ;
; cmos_frame_href  ; Output ; Info     ; Explicitly unconnected     ;
+------------------+--------+----------+----------------------------+


+----------------------------------------------+
; Port Connectivity Checks: "i2c_dri:u_i2c_dr" ;
+----------+-------+----------+----------------+
; Port     ; Type  ; Severity ; Details        ;
+----------+-------+----------+----------------+
; bit_ctrl ; Input ; Info     ; Stuck at VCC   ;
+----------+-------+----------+----------------+


+---------------------------------------------------------+
; Port Connectivity Checks: "picture_size:u_picture_size" ;
+---------------+-------+----------+----------------------+
; Port          ; Type  ; Severity ; Details              ;
+---------------+-------+----------+----------------------+
; ID_lcd[15..1] ; Input ; Info     ; Stuck at GND         ;
; ID_lcd[0]     ; Input ; Info     ; Stuck at VCC         ;
+---------------+-------+----------+----------------------+


+---------------------------------------------------------------+
; Port Connectivity Checks: "lcd:u_lcd|lcd_driver:u_lcd_driver" ;
+---------------+--------+----------+---------------------------+
; Port          ; Type   ; Severity ; Details                   ;
+---------------+--------+----------+---------------------------+
; pixel_xpos    ; Output ; Info     ; Explicitly unconnected    ;
; pixel_ypos    ; Output ; Info     ; Explicitly unconnected    ;
; ID_lcd[15..1] ; Input  ; Info     ; Stuck at GND              ;
; ID_lcd[0]     ; Input  ; Info     ; Stuck at VCC              ;
+---------------+--------+----------+---------------------------+


+---------------------------------------------------------+
; Port Connectivity Checks: "lcd:u_lcd|clk_div:u_clk_div" ;
+---------------+-------+----------+----------------------+
; Port          ; Type  ; Severity ; Details              ;
+---------------+-------+----------+----------------------+
; ID_lcd[15..1] ; Input ; Info     ; Stuck at GND         ;
; ID_lcd[0]     ; Input ; Info     ; Stuck at VCC         ;
+---------------+-------+----------+----------------------+


+------------------------------------------------------------------------------------------------------------------+
; Port Connectivity Checks: "lcd:u_lcd"                                                                            ;
+--------+--------+----------+-------------------------------------------------------------------------------------+
; Port   ; Type   ; Severity ; Details                                                                             ;
+--------+--------+----------+-------------------------------------------------------------------------------------+
; ID_lcd ; Output ; Info     ; Connected to dangling logic. Logic that only feeds a dangling port will be removed. ;
+--------+--------+----------+-------------------------------------------------------------------------------------+


+----------------------------------------------------------------------------------------------------------------+
; Port Connectivity Checks: "pll:u_pll"                                                                          ;
+------+--------+----------+-------------------------------------------------------------------------------------+
; Port ; Type   ; Severity ; Details                                                                             ;
+------+--------+----------+-------------------------------------------------------------------------------------+
; c3   ; Output ; Info     ; Connected to dangling logic. Logic that only feeds a dangling port will be removed. ;
+------+--------+----------+-------------------------------------------------------------------------------------+


+-------------------------------------------------------------------------------------------------------------------------------------------------------------------------------------------------------------------------------------------------------------------------+
; SignalTap II Logic Analyzer Settings                                                                                                                                                                                                                                    ;
+----------------+------------------+---------------------+------------------+--------------+----------+------------------------+----------------------+--------------------+-----------------------------+-----------------+------------------+--------------------------+
; Instance Index ; Instance Name    ; Trigger Input Width ; Data Input Width ; Sample Depth ; Segments ; Storage Qualifier Type ; Trigger Flow Control ; Trigger Conditions ; Advanced Trigger Conditions ; Trigger In Used ; Trigger Out Used ; Power-Up Trigger Enabled ;
+----------------+------------------+---------------------+------------------+--------------+----------+------------------------+----------------------+--------------------+-----------------------------+-----------------+------------------+--------------------------+
; 0              ; auto_signaltap_0 ; 47                  ; 47               ; 2048         ; 1        ; continuous             ; sequential           ; 1                  ; 0                           ; no              ; no               ; no                       ;
+----------------+------------------+---------------------+------------------+--------------+----------+------------------------+----------------------+--------------------+-----------------------------+-----------------+------------------+--------------------------+


+---------------------------------+
; Elapsed Time Per Partition      ;
+------------------+--------------+
; Partition Name   ; Elapsed Time ;
+------------------+--------------+
; Top              ; 00:00:05     ;
; sld_hub:auto_hub ; 00:00:00     ;
+------------------+--------------+


+--------------------------------------------------------------------------------------------------------------------------------------------------------------------------------------------------------------------------------------------------------------------------------------------------------------+
; Connections to In-System Debugging Instance "auto_signaltap_0"                                                                                                                                                                                                                                               ;
+------------------------------------------------------------------------------------+---------------+-----------+----------------+-------------------+----------------------------------------------------------------------------------------------------------------------------------------------+---------+
; Name                                                                               ; Type          ; Status    ; Partition Name ; Netlist Type Used ; Actual Connection                                                                                                                            ; Details ;
+------------------------------------------------------------------------------------+---------------+-----------+----------------+-------------------+----------------------------------------------------------------------------------------------------------------------------------------------+---------+
; cmos_capture_data:u_cmos_capture_data|bank_wr_ready                                ; pre-synthesis ; connected ; Top            ; post-synthesis    ; sdram_top:u_sdram_top|sdram_fifo_ctrl:u_sdram_fifo_ctrl|bank_wr_ready~0                                                                      ; N/A     ;
; cmos_capture_data:u_cmos_capture_data|bank_wr_ready                                ; pre-synthesis ; connected ; Top            ; post-synthesis    ; sdram_top:u_sdram_top|sdram_fifo_ctrl:u_sdram_fifo_ctrl|bank_wr_ready~0                                                                      ; N/A     ;
; pll:u_pll|c0                                                                       ; pre-synthesis ; connected ; Top            ; post-synthesis    ; pll:u_pll|altpll:altpll_component|pll_altpll:auto_generated|wire_pll1_clk[0]                                                                 ; N/A     ;
; sdram_top:u_sdram_top|rd_en                                                        ; pre-synthesis ; connected ; Top            ; post-synthesis    ; lcd:u_lcd|lcd_driver:u_lcd_driver|data_req~4                                                                                                 ; N/A     ;
; sdram_top:u_sdram_top|rd_en                                                        ; pre-synthesis ; connected ; Top            ; post-synthesis    ; lcd:u_lcd|lcd_driver:u_lcd_driver|data_req~4                                                                                                 ; N/A     ;
; sdram_top:u_sdram_top|sdram_fifo_ctrl:u_sdram_fifo_ctrl|rdfifo:u_rdfifo|wrusedw[0] ; pre-synthesis ; connected ; Top            ; post-synthesis    ; sdram_top:u_sdram_top|sdram_fifo_ctrl:u_sdram_fifo_ctrl|rdfifo:u_rdfifo|dcfifo:dcfifo_component|dcfifo_aol1:auto_generated|op_1~0            ; N/A     ;
; sdram_top:u_sdram_top|sdram_fifo_ctrl:u_sdram_fifo_ctrl|rdfifo:u_rdfifo|wrusedw[0] ; pre-synthesis ; connected ; Top            ; post-synthesis    ; sdram_top:u_sdram_top|sdram_fifo_ctrl:u_sdram_fifo_ctrl|rdfifo:u_rdfifo|dcfifo:dcfifo_component|dcfifo_aol1:auto_generated|op_1~0            ; N/A     ;
; sdram_top:u_sdram_top|sdram_fifo_ctrl:u_sdram_fifo_ctrl|rdfifo:u_rdfifo|wrusedw[1] ; pre-synthesis ; connected ; Top            ; post-synthesis    ; sdram_top:u_sdram_top|sdram_fifo_ctrl:u_sdram_fifo_ctrl|rdfifo:u_rdfifo|dcfifo:dcfifo_component|dcfifo_aol1:auto_generated|op_1~2            ; N/A     ;
; sdram_top:u_sdram_top|sdram_fifo_ctrl:u_sdram_fifo_ctrl|rdfifo:u_rdfifo|wrusedw[1] ; pre-synthesis ; connected ; Top            ; post-synthesis    ; sdram_top:u_sdram_top|sdram_fifo_ctrl:u_sdram_fifo_ctrl|rdfifo:u_rdfifo|dcfifo:dcfifo_component|dcfifo_aol1:auto_generated|op_1~2            ; N/A     ;
; sdram_top:u_sdram_top|sdram_fifo_ctrl:u_sdram_fifo_ctrl|rdfifo:u_rdfifo|wrusedw[2] ; pre-synthesis ; connected ; Top            ; post-synthesis    ; sdram_top:u_sdram_top|sdram_fifo_ctrl:u_sdram_fifo_ctrl|rdfifo:u_rdfifo|dcfifo:dcfifo_component|dcfifo_aol1:auto_generated|op_1~4            ; N/A     ;
; sdram_top:u_sdram_top|sdram_fifo_ctrl:u_sdram_fifo_ctrl|rdfifo:u_rdfifo|wrusedw[2] ; pre-synthesis ; connected ; Top            ; post-synthesis    ; sdram_top:u_sdram_top|sdram_fifo_ctrl:u_sdram_fifo_ctrl|rdfifo:u_rdfifo|dcfifo:dcfifo_component|dcfifo_aol1:auto_generated|op_1~4            ; N/A     ;
; sdram_top:u_sdram_top|sdram_fifo_ctrl:u_sdram_fifo_ctrl|rdfifo:u_rdfifo|wrusedw[3] ; pre-synthesis ; connected ; Top            ; post-synthesis    ; sdram_top:u_sdram_top|sdram_fifo_ctrl:u_sdram_fifo_ctrl|rdfifo:u_rdfifo|dcfifo:dcfifo_component|dcfifo_aol1:auto_generated|op_1~6            ; N/A     ;
; sdram_top:u_sdram_top|sdram_fifo_ctrl:u_sdram_fifo_ctrl|rdfifo:u_rdfifo|wrusedw[3] ; pre-synthesis ; connected ; Top            ; post-synthesis    ; sdram_top:u_sdram_top|sdram_fifo_ctrl:u_sdram_fifo_ctrl|rdfifo:u_rdfifo|dcfifo:dcfifo_component|dcfifo_aol1:auto_generated|op_1~6            ; N/A     ;
; sdram_top:u_sdram_top|sdram_fifo_ctrl:u_sdram_fifo_ctrl|rdfifo:u_rdfifo|wrusedw[4] ; pre-synthesis ; connected ; Top            ; post-synthesis    ; sdram_top:u_sdram_top|sdram_fifo_ctrl:u_sdram_fifo_ctrl|rdfifo:u_rdfifo|dcfifo:dcfifo_component|dcfifo_aol1:auto_generated|op_1~8            ; N/A     ;
; sdram_top:u_sdram_top|sdram_fifo_ctrl:u_sdram_fifo_ctrl|rdfifo:u_rdfifo|wrusedw[4] ; pre-synthesis ; connected ; Top            ; post-synthesis    ; sdram_top:u_sdram_top|sdram_fifo_ctrl:u_sdram_fifo_ctrl|rdfifo:u_rdfifo|dcfifo:dcfifo_component|dcfifo_aol1:auto_generated|op_1~8            ; N/A     ;
; sdram_top:u_sdram_top|sdram_fifo_ctrl:u_sdram_fifo_ctrl|rdfifo:u_rdfifo|wrusedw[5] ; pre-synthesis ; connected ; Top            ; post-synthesis    ; sdram_top:u_sdram_top|sdram_fifo_ctrl:u_sdram_fifo_ctrl|rdfifo:u_rdfifo|dcfifo:dcfifo_component|dcfifo_aol1:auto_generated|op_1~10           ; N/A     ;
; sdram_top:u_sdram_top|sdram_fifo_ctrl:u_sdram_fifo_ctrl|rdfifo:u_rdfifo|wrusedw[5] ; pre-synthesis ; connected ; Top            ; post-synthesis    ; sdram_top:u_sdram_top|sdram_fifo_ctrl:u_sdram_fifo_ctrl|rdfifo:u_rdfifo|dcfifo:dcfifo_component|dcfifo_aol1:auto_generated|op_1~10           ; N/A     ;
; sdram_top:u_sdram_top|sdram_fifo_ctrl:u_sdram_fifo_ctrl|rdfifo:u_rdfifo|wrusedw[6] ; pre-synthesis ; connected ; Top            ; post-synthesis    ; sdram_top:u_sdram_top|sdram_fifo_ctrl:u_sdram_fifo_ctrl|rdfifo:u_rdfifo|dcfifo:dcfifo_component|dcfifo_aol1:auto_generated|op_1~12           ; N/A     ;
; sdram_top:u_sdram_top|sdram_fifo_ctrl:u_sdram_fifo_ctrl|rdfifo:u_rdfifo|wrusedw[6] ; pre-synthesis ; connected ; Top            ; post-synthesis    ; sdram_top:u_sdram_top|sdram_fifo_ctrl:u_sdram_fifo_ctrl|rdfifo:u_rdfifo|dcfifo:dcfifo_component|dcfifo_aol1:auto_generated|op_1~12           ; N/A     ;
; sdram_top:u_sdram_top|sdram_fifo_ctrl:u_sdram_fifo_ctrl|rdfifo:u_rdfifo|wrusedw[7] ; pre-synthesis ; connected ; Top            ; post-synthesis    ; sdram_top:u_sdram_top|sdram_fifo_ctrl:u_sdram_fifo_ctrl|rdfifo:u_rdfifo|dcfifo:dcfifo_component|dcfifo_aol1:auto_generated|op_1~14           ; N/A     ;
; sdram_top:u_sdram_top|sdram_fifo_ctrl:u_sdram_fifo_ctrl|rdfifo:u_rdfifo|wrusedw[7] ; pre-synthesis ; connected ; Top            ; post-synthesis    ; sdram_top:u_sdram_top|sdram_fifo_ctrl:u_sdram_fifo_ctrl|rdfifo:u_rdfifo|dcfifo:dcfifo_component|dcfifo_aol1:auto_generated|op_1~14           ; N/A     ;
; sdram_top:u_sdram_top|sdram_fifo_ctrl:u_sdram_fifo_ctrl|rdfifo:u_rdfifo|wrusedw[8] ; pre-synthesis ; connected ; Top            ; post-synthesis    ; sdram_top:u_sdram_top|sdram_fifo_ctrl:u_sdram_fifo_ctrl|rdfifo:u_rdfifo|dcfifo:dcfifo_component|dcfifo_aol1:auto_generated|op_1~16           ; N/A     ;
; sdram_top:u_sdram_top|sdram_fifo_ctrl:u_sdram_fifo_ctrl|rdfifo:u_rdfifo|wrusedw[8] ; pre-synthesis ; connected ; Top            ; post-synthesis    ; sdram_top:u_sdram_top|sdram_fifo_ctrl:u_sdram_fifo_ctrl|rdfifo:u_rdfifo|dcfifo:dcfifo_component|dcfifo_aol1:auto_generated|op_1~16           ; N/A     ;
; sdram_top:u_sdram_top|sdram_fifo_ctrl:u_sdram_fifo_ctrl|rdfifo:u_rdfifo|wrusedw[9] ; pre-synthesis ; connected ; Top            ; post-synthesis    ; sdram_top:u_sdram_top|sdram_fifo_ctrl:u_sdram_fifo_ctrl|rdfifo:u_rdfifo|dcfifo:dcfifo_component|dcfifo_aol1:auto_generated|op_1~18           ; N/A     ;
; sdram_top:u_sdram_top|sdram_fifo_ctrl:u_sdram_fifo_ctrl|rdfifo:u_rdfifo|wrusedw[9] ; pre-synthesis ; connected ; Top            ; post-synthesis    ; sdram_top:u_sdram_top|sdram_fifo_ctrl:u_sdram_fifo_ctrl|rdfifo:u_rdfifo|dcfifo:dcfifo_component|dcfifo_aol1:auto_generated|op_1~18           ; N/A     ;
; sdram_top:u_sdram_top|sdram_fifo_ctrl:u_sdram_fifo_ctrl|wrfifo:u_wrfifo|rdusedw[0] ; pre-synthesis ; connected ; Top            ; post-synthesis    ; sdram_top:u_sdram_top|sdram_fifo_ctrl:u_sdram_fifo_ctrl|wrfifo:u_wrfifo|dcfifo:dcfifo_component|dcfifo_nnl1:auto_generated|op_1~0            ; N/A     ;
; sdram_top:u_sdram_top|sdram_fifo_ctrl:u_sdram_fifo_ctrl|wrfifo:u_wrfifo|rdusedw[0] ; pre-synthesis ; connected ; Top            ; post-synthesis    ; sdram_top:u_sdram_top|sdram_fifo_ctrl:u_sdram_fifo_ctrl|wrfifo:u_wrfifo|dcfifo:dcfifo_component|dcfifo_nnl1:auto_generated|op_1~0            ; N/A     ;
; sdram_top:u_sdram_top|sdram_fifo_ctrl:u_sdram_fifo_ctrl|wrfifo:u_wrfifo|rdusedw[1] ; pre-synthesis ; connected ; Top            ; post-synthesis    ; sdram_top:u_sdram_top|sdram_fifo_ctrl:u_sdram_fifo_ctrl|wrfifo:u_wrfifo|dcfifo:dcfifo_component|dcfifo_nnl1:auto_generated|op_1~2            ; N/A     ;
; sdram_top:u_sdram_top|sdram_fifo_ctrl:u_sdram_fifo_ctrl|wrfifo:u_wrfifo|rdusedw[1] ; pre-synthesis ; connected ; Top            ; post-synthesis    ; sdram_top:u_sdram_top|sdram_fifo_ctrl:u_sdram_fifo_ctrl|wrfifo:u_wrfifo|dcfifo:dcfifo_component|dcfifo_nnl1:auto_generated|op_1~2            ; N/A     ;
; sdram_top:u_sdram_top|sdram_fifo_ctrl:u_sdram_fifo_ctrl|wrfifo:u_wrfifo|rdusedw[2] ; pre-synthesis ; connected ; Top            ; post-synthesis    ; sdram_top:u_sdram_top|sdram_fifo_ctrl:u_sdram_fifo_ctrl|wrfifo:u_wrfifo|dcfifo:dcfifo_component|dcfifo_nnl1:auto_generated|op_1~4            ; N/A     ;
; sdram_top:u_sdram_top|sdram_fifo_ctrl:u_sdram_fifo_ctrl|wrfifo:u_wrfifo|rdusedw[2] ; pre-synthesis ; connected ; Top            ; post-synthesis    ; sdram_top:u_sdram_top|sdram_fifo_ctrl:u_sdram_fifo_ctrl|wrfifo:u_wrfifo|dcfifo:dcfifo_component|dcfifo_nnl1:auto_generated|op_1~4            ; N/A     ;
; sdram_top:u_sdram_top|sdram_fifo_ctrl:u_sdram_fifo_ctrl|wrfifo:u_wrfifo|rdusedw[3] ; pre-synthesis ; connected ; Top            ; post-synthesis    ; sdram_top:u_sdram_top|sdram_fifo_ctrl:u_sdram_fifo_ctrl|wrfifo:u_wrfifo|dcfifo:dcfifo_component|dcfifo_nnl1:auto_generated|op_1~6            ; N/A     ;
; sdram_top:u_sdram_top|sdram_fifo_ctrl:u_sdram_fifo_ctrl|wrfifo:u_wrfifo|rdusedw[3] ; pre-synthesis ; connected ; Top            ; post-synthesis    ; sdram_top:u_sdram_top|sdram_fifo_ctrl:u_sdram_fifo_ctrl|wrfifo:u_wrfifo|dcfifo:dcfifo_component|dcfifo_nnl1:auto_generated|op_1~6            ; N/A     ;
; sdram_top:u_sdram_top|sdram_fifo_ctrl:u_sdram_fifo_ctrl|wrfifo:u_wrfifo|rdusedw[4] ; pre-synthesis ; connected ; Top            ; post-synthesis    ; sdram_top:u_sdram_top|sdram_fifo_ctrl:u_sdram_fifo_ctrl|wrfifo:u_wrfifo|dcfifo:dcfifo_component|dcfifo_nnl1:auto_generated|op_1~8            ; N/A     ;
; sdram_top:u_sdram_top|sdram_fifo_ctrl:u_sdram_fifo_ctrl|wrfifo:u_wrfifo|rdusedw[4] ; pre-synthesis ; connected ; Top            ; post-synthesis    ; sdram_top:u_sdram_top|sdram_fifo_ctrl:u_sdram_fifo_ctrl|wrfifo:u_wrfifo|dcfifo:dcfifo_component|dcfifo_nnl1:auto_generated|op_1~8            ; N/A     ;
; sdram_top:u_sdram_top|sdram_fifo_ctrl:u_sdram_fifo_ctrl|wrfifo:u_wrfifo|rdusedw[5] ; pre-synthesis ; connected ; Top            ; post-synthesis    ; sdram_top:u_sdram_top|sdram_fifo_ctrl:u_sdram_fifo_ctrl|wrfifo:u_wrfifo|dcfifo:dcfifo_component|dcfifo_nnl1:auto_generated|op_1~10           ; N/A     ;
; sdram_top:u_sdram_top|sdram_fifo_ctrl:u_sdram_fifo_ctrl|wrfifo:u_wrfifo|rdusedw[5] ; pre-synthesis ; connected ; Top            ; post-synthesis    ; sdram_top:u_sdram_top|sdram_fifo_ctrl:u_sdram_fifo_ctrl|wrfifo:u_wrfifo|dcfifo:dcfifo_component|dcfifo_nnl1:auto_generated|op_1~10           ; N/A     ;
; sdram_top:u_sdram_top|sdram_fifo_ctrl:u_sdram_fifo_ctrl|wrfifo:u_wrfifo|rdusedw[6] ; pre-synthesis ; connected ; Top            ; post-synthesis    ; sdram_top:u_sdram_top|sdram_fifo_ctrl:u_sdram_fifo_ctrl|wrfifo:u_wrfifo|dcfifo:dcfifo_component|dcfifo_nnl1:auto_generated|op_1~12           ; N/A     ;
; sdram_top:u_sdram_top|sdram_fifo_ctrl:u_sdram_fifo_ctrl|wrfifo:u_wrfifo|rdusedw[6] ; pre-synthesis ; connected ; Top            ; post-synthesis    ; sdram_top:u_sdram_top|sdram_fifo_ctrl:u_sdram_fifo_ctrl|wrfifo:u_wrfifo|dcfifo:dcfifo_component|dcfifo_nnl1:auto_generated|op_1~12           ; N/A     ;
; sdram_top:u_sdram_top|sdram_fifo_ctrl:u_sdram_fifo_ctrl|wrfifo:u_wrfifo|rdusedw[7] ; pre-synthesis ; connected ; Top            ; post-synthesis    ; sdram_top:u_sdram_top|sdram_fifo_ctrl:u_sdram_fifo_ctrl|wrfifo:u_wrfifo|dcfifo:dcfifo_component|dcfifo_nnl1:auto_generated|op_1~14           ; N/A     ;
; sdram_top:u_sdram_top|sdram_fifo_ctrl:u_sdram_fifo_ctrl|wrfifo:u_wrfifo|rdusedw[7] ; pre-synthesis ; connected ; Top            ; post-synthesis    ; sdram_top:u_sdram_top|sdram_fifo_ctrl:u_sdram_fifo_ctrl|wrfifo:u_wrfifo|dcfifo:dcfifo_component|dcfifo_nnl1:auto_generated|op_1~14           ; N/A     ;
; sdram_top:u_sdram_top|sdram_fifo_ctrl:u_sdram_fifo_ctrl|wrfifo:u_wrfifo|rdusedw[8] ; pre-synthesis ; connected ; Top            ; post-synthesis    ; sdram_top:u_sdram_top|sdram_fifo_ctrl:u_sdram_fifo_ctrl|wrfifo:u_wrfifo|dcfifo:dcfifo_component|dcfifo_nnl1:auto_generated|op_1~16           ; N/A     ;
; sdram_top:u_sdram_top|sdram_fifo_ctrl:u_sdram_fifo_ctrl|wrfifo:u_wrfifo|rdusedw[8] ; pre-synthesis ; connected ; Top            ; post-synthesis    ; sdram_top:u_sdram_top|sdram_fifo_ctrl:u_sdram_fifo_ctrl|wrfifo:u_wrfifo|dcfifo:dcfifo_component|dcfifo_nnl1:auto_generated|op_1~16           ; N/A     ;
; sdram_top:u_sdram_top|sdram_fifo_ctrl:u_sdram_fifo_ctrl|wrfifo:u_wrfifo|rdusedw[9] ; pre-synthesis ; connected ; Top            ; post-synthesis    ; sdram_top:u_sdram_top|sdram_fifo_ctrl:u_sdram_fifo_ctrl|wrfifo:u_wrfifo|dcfifo:dcfifo_component|dcfifo_nnl1:auto_generated|op_1~18           ; N/A     ;
; sdram_top:u_sdram_top|sdram_fifo_ctrl:u_sdram_fifo_ctrl|wrfifo:u_wrfifo|rdusedw[9] ; pre-synthesis ; connected ; Top            ; post-synthesis    ; sdram_top:u_sdram_top|sdram_fifo_ctrl:u_sdram_fifo_ctrl|wrfifo:u_wrfifo|dcfifo:dcfifo_component|dcfifo_nnl1:auto_generated|op_1~18           ; N/A     ;
; sdram_top:u_sdram_top|wr_en                                                        ; pre-synthesis ; connected ; Top            ; post-synthesis    ; cmos_capture_data:u_cmos_capture_data|cmos_frame_valid~0                                                                                     ; N/A     ;
; sdram_top:u_sdram_top|wr_en                                                        ; pre-synthesis ; connected ; Top            ; post-synthesis    ; cmos_capture_data:u_cmos_capture_data|cmos_frame_valid~0                                                                                     ; N/A     ;
; to8:u_to8|rdreq                                                                    ; pre-synthesis ; connected ; Top            ; post-synthesis    ; to8_rdreq~0                                                                                                                                  ; N/A     ;
; to8:u_to8|rdreq                                                                    ; pre-synthesis ; connected ; Top            ; post-synthesis    ; to8_rdreq~0                                                                                                                                  ; N/A     ;
; to8:u_to8|wrfull                                                                   ; pre-synthesis ; connected ; Top            ; post-synthesis    ; to8:u_to8|dcfifo_mixed_widths:dcfifo_mixed_widths_component|dcfifo_0bh1:auto_generated|cmpr_r76:wrfull_eq_comp|aneb_result_wire[0]~_wirecell ; N/A     ;
; to8:u_to8|wrfull                                                                   ; pre-synthesis ; connected ; Top            ; post-synthesis    ; to8:u_to8|dcfifo_mixed_widths:dcfifo_mixed_widths_component|dcfifo_0bh1:auto_generated|cmpr_r76:wrfull_eq_comp|aneb_result_wire[0]~_wirecell ; N/A     ;
; to8:u_to8|wrreq                                                                    ; pre-synthesis ; connected ; Top            ; post-synthesis    ; sdram_to8_flow_ctrl:u_sdram_to8_flow_ctrl|to8_wr_en                                                                                          ; N/A     ;
; to8:u_to8|wrreq                                                                    ; pre-synthesis ; connected ; Top            ; post-synthesis    ; sdram_to8_flow_ctrl:u_sdram_to8_flow_ctrl|to8_wr_en                                                                                          ; N/A     ;
; to8:u_to8|wrusedw[0]                                                               ; pre-synthesis ; connected ; Top            ; post-synthesis    ; to8:u_to8|dcfifo_mixed_widths:dcfifo_mixed_widths_component|dcfifo_0bh1:auto_generated|op_2~0                                                ; N/A     ;
; to8:u_to8|wrusedw[0]                                                               ; pre-synthesis ; connected ; Top            ; post-synthesis    ; to8:u_to8|dcfifo_mixed_widths:dcfifo_mixed_widths_component|dcfifo_0bh1:auto_generated|op_2~0                                                ; N/A     ;
; to8:u_to8|wrusedw[10]                                                              ; pre-synthesis ; connected ; Top            ; post-synthesis    ; to8:u_to8|dcfifo_mixed_widths:dcfifo_mixed_widths_component|dcfifo_0bh1:auto_generated|op_2~20                                               ; N/A     ;
; to8:u_to8|wrusedw[10]                                                              ; pre-synthesis ; connected ; Top            ; post-synthesis    ; to8:u_to8|dcfifo_mixed_widths:dcfifo_mixed_widths_component|dcfifo_0bh1:auto_generated|op_2~20                                               ; N/A     ;
; to8:u_to8|wrusedw[11]                                                              ; pre-synthesis ; connected ; Top            ; post-synthesis    ; to8:u_to8|dcfifo_mixed_widths:dcfifo_mixed_widths_component|dcfifo_0bh1:auto_generated|op_2~22                                               ; N/A     ;
; to8:u_to8|wrusedw[11]                                                              ; pre-synthesis ; connected ; Top            ; post-synthesis    ; to8:u_to8|dcfifo_mixed_widths:dcfifo_mixed_widths_component|dcfifo_0bh1:auto_generated|op_2~22                                               ; N/A     ;
; to8:u_to8|wrusedw[12]                                                              ; pre-synthesis ; connected ; Top            ; post-synthesis    ; to8:u_to8|dcfifo_mixed_widths:dcfifo_mixed_widths_component|dcfifo_0bh1:auto_generated|op_2~24                                               ; N/A     ;
; to8:u_to8|wrusedw[12]                                                              ; pre-synthesis ; connected ; Top            ; post-synthesis    ; to8:u_to8|dcfifo_mixed_widths:dcfifo_mixed_widths_component|dcfifo_0bh1:auto_generated|op_2~24                                               ; N/A     ;
; to8:u_to8|wrusedw[1]                                                               ; pre-synthesis ; connected ; Top            ; post-synthesis    ; to8:u_to8|dcfifo_mixed_widths:dcfifo_mixed_widths_component|dcfifo_0bh1:auto_generated|op_2~2                                                ; N/A     ;
; to8:u_to8|wrusedw[1]                                                               ; pre-synthesis ; connected ; Top            ; post-synthesis    ; to8:u_to8|dcfifo_mixed_widths:dcfifo_mixed_widths_component|dcfifo_0bh1:auto_generated|op_2~2                                                ; N/A     ;
; to8:u_to8|wrusedw[2]                                                               ; pre-synthesis ; connected ; Top            ; post-synthesis    ; to8:u_to8|dcfifo_mixed_widths:dcfifo_mixed_widths_component|dcfifo_0bh1:auto_generated|op_2~4                                                ; N/A     ;
; to8:u_to8|wrusedw[2]                                                               ; pre-synthesis ; connected ; Top            ; post-synthesis    ; to8:u_to8|dcfifo_mixed_widths:dcfifo_mixed_widths_component|dcfifo_0bh1:auto_generated|op_2~4                                                ; N/A     ;
; to8:u_to8|wrusedw[3]                                                               ; pre-synthesis ; connected ; Top            ; post-synthesis    ; to8:u_to8|dcfifo_mixed_widths:dcfifo_mixed_widths_component|dcfifo_0bh1:auto_generated|op_2~6                                                ; N/A     ;
; to8:u_to8|wrusedw[3]                                                               ; pre-synthesis ; connected ; Top            ; post-synthesis    ; to8:u_to8|dcfifo_mixed_widths:dcfifo_mixed_widths_component|dcfifo_0bh1:auto_generated|op_2~6                                                ; N/A     ;
; to8:u_to8|wrusedw[4]                                                               ; pre-synthesis ; connected ; Top            ; post-synthesis    ; to8:u_to8|dcfifo_mixed_widths:dcfifo_mixed_widths_component|dcfifo_0bh1:auto_generated|op_2~8                                                ; N/A     ;
; to8:u_to8|wrusedw[4]                                                               ; pre-synthesis ; connected ; Top            ; post-synthesis    ; to8:u_to8|dcfifo_mixed_widths:dcfifo_mixed_widths_component|dcfifo_0bh1:auto_generated|op_2~8                                                ; N/A     ;
; to8:u_to8|wrusedw[5]                                                               ; pre-synthesis ; connected ; Top            ; post-synthesis    ; to8:u_to8|dcfifo_mixed_widths:dcfifo_mixed_widths_component|dcfifo_0bh1:auto_generated|op_2~10                                               ; N/A     ;
; to8:u_to8|wrusedw[5]                                                               ; pre-synthesis ; connected ; Top            ; post-synthesis    ; to8:u_to8|dcfifo_mixed_widths:dcfifo_mixed_widths_component|dcfifo_0bh1:auto_generated|op_2~10                                               ; N/A     ;
; to8:u_to8|wrusedw[6]                                                               ; pre-synthesis ; connected ; Top            ; post-synthesis    ; to8:u_to8|dcfifo_mixed_widths:dcfifo_mixed_widths_component|dcfifo_0bh1:auto_generated|op_2~12                                               ; N/A     ;
; to8:u_to8|wrusedw[6]                                                               ; pre-synthesis ; connected ; Top            ; post-synthesis    ; to8:u_to8|dcfifo_mixed_widths:dcfifo_mixed_widths_component|dcfifo_0bh1:auto_generated|op_2~12                                               ; N/A     ;
; to8:u_to8|wrusedw[7]                                                               ; pre-synthesis ; connected ; Top            ; post-synthesis    ; to8:u_to8|dcfifo_mixed_widths:dcfifo_mixed_widths_component|dcfifo_0bh1:auto_generated|op_2~14                                               ; N/A     ;
; to8:u_to8|wrusedw[7]                                                               ; pre-synthesis ; connected ; Top            ; post-synthesis    ; to8:u_to8|dcfifo_mixed_widths:dcfifo_mixed_widths_component|dcfifo_0bh1:auto_generated|op_2~14                                               ; N/A     ;
; to8:u_to8|wrusedw[8]                                                               ; pre-synthesis ; connected ; Top            ; post-synthesis    ; to8:u_to8|dcfifo_mixed_widths:dcfifo_mixed_widths_component|dcfifo_0bh1:auto_generated|op_2~16                                               ; N/A     ;
; to8:u_to8|wrusedw[8]                                                               ; pre-synthesis ; connected ; Top            ; post-synthesis    ; to8:u_to8|dcfifo_mixed_widths:dcfifo_mixed_widths_component|dcfifo_0bh1:auto_generated|op_2~16                                               ; N/A     ;
; to8:u_to8|wrusedw[9]                                                               ; pre-synthesis ; connected ; Top            ; post-synthesis    ; to8:u_to8|dcfifo_mixed_widths:dcfifo_mixed_widths_component|dcfifo_0bh1:auto_generated|op_2~18                                               ; N/A     ;
; to8:u_to8|wrusedw[9]                                                               ; pre-synthesis ; connected ; Top            ; post-synthesis    ; to8:u_to8|dcfifo_mixed_widths:dcfifo_mixed_widths_component|dcfifo_0bh1:auto_generated|op_2~18                                               ; N/A     ;
; top:u_ch346_top|reg_ext_data[0]                                                    ; pre-synthesis ; connected ; Top            ; post-synthesis    ; top:u_ch346_top|reg_ext_data[0]                                                                                                              ; N/A     ;
; top:u_ch346_top|reg_ext_data[0]                                                    ; pre-synthesis ; connected ; Top            ; post-synthesis    ; top:u_ch346_top|reg_ext_data[0]                                                                                                              ; N/A     ;
; top:u_ch346_top|reg_ext_data[1]                                                    ; pre-synthesis ; connected ; Top            ; post-synthesis    ; top:u_ch346_top|reg_ext_data[1]                                                                                                              ; N/A     ;
; top:u_ch346_top|reg_ext_data[1]                                                    ; pre-synthesis ; connected ; Top            ; post-synthesis    ; top:u_ch346_top|reg_ext_data[1]                                                                                                              ; N/A     ;
; top:u_ch346_top|reg_ext_data[2]                                                    ; pre-synthesis ; connected ; Top            ; post-synthesis    ; top:u_ch346_top|reg_ext_data[2]                                                                                                              ; N/A     ;
; top:u_ch346_top|reg_ext_data[2]                                                    ; pre-synthesis ; connected ; Top            ; post-synthesis    ; top:u_ch346_top|reg_ext_data[2]                                                                                                              ; N/A     ;
; top:u_ch346_top|reg_ext_data[3]                                                    ; pre-synthesis ; connected ; Top            ; post-synthesis    ; top:u_ch346_top|reg_ext_data[3]                                                                                                              ; N/A     ;
; top:u_ch346_top|reg_ext_data[3]                                                    ; pre-synthesis ; connected ; Top            ; post-synthesis    ; top:u_ch346_top|reg_ext_data[3]                                                                                                              ; N/A     ;
; top:u_ch346_top|reg_ext_data[4]                                                    ; pre-synthesis ; connected ; Top            ; post-synthesis    ; top:u_ch346_top|reg_ext_data[4]                                                                                                              ; N/A     ;
; top:u_ch346_top|reg_ext_data[4]                                                    ; pre-synthesis ; connected ; Top            ; post-synthesis    ; top:u_ch346_top|reg_ext_data[4]                                                                                                              ; N/A     ;
; top:u_ch346_top|reg_ext_data[5]                                                    ; pre-synthesis ; connected ; Top            ; post-synthesis    ; top:u_ch346_top|reg_ext_data[5]                                                                                                              ; N/A     ;
; top:u_ch346_top|reg_ext_data[5]                                                    ; pre-synthesis ; connected ; Top            ; post-synthesis    ; top:u_ch346_top|reg_ext_data[5]                                                                                                              ; N/A     ;
; top:u_ch346_top|reg_ext_data[6]                                                    ; pre-synthesis ; connected ; Top            ; post-synthesis    ; top:u_ch346_top|reg_ext_data[6]                                                                                                              ; N/A     ;
; top:u_ch346_top|reg_ext_data[6]                                                    ; pre-synthesis ; connected ; Top            ; post-synthesis    ; top:u_ch346_top|reg_ext_data[6]                                                                                                              ; N/A     ;
; top:u_ch346_top|reg_ext_data[7]                                                    ; pre-synthesis ; connected ; Top            ; post-synthesis    ; top:u_ch346_top|reg_ext_data[7]                                                                                                              ; N/A     ;
; top:u_ch346_top|reg_ext_data[7]                                                    ; pre-synthesis ; connected ; Top            ; post-synthesis    ; top:u_ch346_top|reg_ext_data[7]                                                                                                              ; N/A     ;
+------------------------------------------------------------------------------------+---------------+-----------+----------------+-------------------+----------------------------------------------------------------------------------------------------------------------------------------------+---------+


+-------------------------------+
; Analysis & Synthesis Messages ;
+-------------------------------+
Info: *******************************************************************
Info: Running Quartus II 64-Bit Analysis & Synthesis
    Info: Version 13.0.1 Build 232 06/12/2013 Service Pack 1 SJ Full Version
    Info: Processing started: Fri May 01 22:48:20 2026
Info: Command: quartus_map --read_settings_files=on --write_settings_files=off ov5640_lcd -c ov5640_lcd
Info (11104): Parallel Compilation has detected 20 hyper-threaded processors. However, the extra hyper-threaded processors will not be used by default. Parallel Compilation will use 14 of the 14 physical processors detected instead.
Info (12021): Found 1 design units, including 1 entities, in source file /users/28473/desktop/test8/13_ov5640_lcd/rtl/sdram_to8_flow_ctrl.v
    Info (12023): Found entity 1: sdram_to8_flow_ctrl
Info (12021): Found 1 design units, including 1 entities, in source file /users/28473/desktop/test8/13_ov5640_lcd/rtl/ch346/top.v
    Info (12023): Found entity 1: top
Info (12021): Found 1 design units, including 1 entities, in source file /users/28473/desktop/test8/13_ov5640_lcd/rtl/ch346/send.v
    Info (12023): Found entity 1: send
Info (12021): Found 1 design units, including 1 entities, in source file /users/28473/desktop/test8/13_ov5640_lcd/rtl/ch346/recv.v
    Info (12023): Found entity 1: recv
Info (12021): Found 1 design units, including 1 entities, in source file /users/28473/desktop/test8/13_ov5640_lcd/rtl/ch346/rdrst.v
    Info (12023): Found entity 1: rd_rst
Info (12021): Found 1 design units, including 1 entities, in source file /users/28473/desktop/test8/13_ov5640_lcd/rtl/ch346/loop.v
    Info (12023): Found entity 1: loop
Info (12021): Found 1 design units, including 1 entities, in source file /users/28473/desktop/test8/13_ov5640_lcd/rtl/ov5640_lcd.v
    Info (12023): Found entity 1: ov5640_lcd
Info (12021): Found 1 design units, including 1 entities, in source file /users/28473/desktop/test8/13_ov5640_lcd/rtl/sdram/wrfifo.v
    Info (12023): Found entity 1: wrfifo
Info (12021): Found 1 design units, including 1 entities, in source file /users/28473/desktop/test8/13_ov5640_lcd/rtl/sdram/sdram_top.v
    Info (12023): Found entity 1: sdram_top
Info (12021): Found 0 design units, including 0 entities, in source file /users/28473/desktop/test8/13_ov5640_lcd/rtl/sdram/sdram_para.v
Info (12021): Found 1 design units, including 1 entities, in source file /users/28473/desktop/test8/13_ov5640_lcd/rtl/sdram/sdram_fifo_ctrl.v
    Info (12023): Found entity 1: sdram_fifo_ctrl
Info (12021): Found 1 design units, including 1 entities, in source file /users/28473/desktop/test8/13_ov5640_lcd/rtl/sdram/sdram_data.v
    Info (12023): Found entity 1: sdram_data
Info (12021): Found 1 design units, including 1 entities, in source file /users/28473/desktop/test8/13_ov5640_lcd/rtl/sdram/sdram_ctrl.v
    Info (12023): Found entity 1: sdram_ctrl
Info (12021): Found 1 design units, including 1 entities, in source file /users/28473/desktop/test8/13_ov5640_lcd/rtl/sdram/sdram_controller.v
    Info (12023): Found entity 1: sdram_controller
Info (12021): Found 1 design units, including 1 entities, in source file /users/28473/desktop/test8/13_ov5640_lcd/rtl/sdram/sdram_cmd.v
    Info (12023): Found entity 1: sdram_cmd
Info (12021): Found 1 design units, including 1 entities, in source file /users/28473/desktop/test8/13_ov5640_lcd/rtl/sdram/rdfifo.v
    Info (12023): Found entity 1: rdfifo
Info (12021): Found 1 design units, including 1 entities, in source file /users/28473/desktop/test8/13_ov5640_lcd/rtl/ov5640/picture_size.v
    Info (12023): Found entity 1: picture_size
Info (12021): Found 1 design units, including 1 entities, in source file /users/28473/desktop/test8/13_ov5640_lcd/rtl/ov5640/i2c_ov5640_rgb565_cfg.v
    Info (12023): Found entity 1: i2c_ov5640_rgb565_cfg
Info (12021): Found 1 design units, including 1 entities, in source file /users/28473/desktop/test8/13_ov5640_lcd/rtl/ov5640/i2c_dri.v
    Info (12023): Found entity 1: i2c_dri
Info (12021): Found 1 design units, including 1 entities, in source file /users/28473/desktop/test8/13_ov5640_lcd/rtl/ov5640/cmos_capture_data.v
    Info (12023): Found entity 1: cmos_capture_data
Info (12021): Found 1 design units, including 1 entities, in source file /users/28473/desktop/test8/13_ov5640_lcd/rtl/lcd/rd_id.v
    Info (12023): Found entity 1: rd_id
Info (12021): Found 1 design units, including 1 entities, in source file /users/28473/desktop/test8/13_ov5640_lcd/rtl/lcd/lcd_driver.v
    Info (12023): Found entity 1: lcd_driver
Info (12021): Found 1 design units, including 1 entities, in source file /users/28473/desktop/test8/13_ov5640_lcd/rtl/lcd/lcd.v
    Info (12023): Found entity 1: lcd
Info (12021): Found 1 design units, including 1 entities, in source file /users/28473/desktop/test8/13_ov5640_lcd/rtl/lcd/clk_div.v
    Info (12023): Found entity 1: clk_div
Info (12021): Found 1 design units, including 1 entities, in source file ipcore/pll.v
    Info (12023): Found entity 1: pll
Info (12021): Found 2 design units, including 1 entities, in source file ram_4096.vhd
    Info (12022): Found design unit 1: ram_4096-SYN
    Info (12023): Found entity 1: ram_4096
Info (12021): Found 1 design units, including 1 entities, in source file pll1.v
    Info (12023): Found entity 1: PLL1
Info (12021): Found 2 design units, including 1 entities, in source file to8.vhd
    Info (12022): Found design unit 1: to8-SYN
    Info (12023): Found entity 1: to8
Info (12021): Found 2 design units, including 1 entities, in source file fifo8.vhd
    Info (12022): Found design unit 1: fifo8-SYN
    Info (12023): Found entity 1: fifo8
Warning (10236): Verilog HDL Implicit Net warning at ov5640_lcd.v(147): created implicit net for "clk_50m"
Info (12127): Elaborating entity "ov5640_lcd" for the top level hierarchy
Warning (10036): Verilog HDL or VHDL warning at ov5640_lcd.v(85): object "to8_write_less_than_20pct" assigned a value but never read
Warning (10036): Verilog HDL or VHDL warning at ov5640_lcd.v(86): object "to8_write_full_70pct" assigned a value but never read
Warning (10036): Verilog HDL or VHDL warning at ov5640_lcd.v(89): object "test_wr_en" assigned a value but never read
Info (12128): Elaborating entity "pll" for hierarchy "pll:u_pll"
Info (12128): Elaborating entity "altpll" for hierarchy "pll:u_pll|altpll:altpll_component"
Info (12130): Elaborated megafunction instantiation "pll:u_pll|altpll:altpll_component"
Info (12133): Instantiated megafunction "pll:u_pll|altpll:altpll_component" with the following parameter:
    Info (12134): Parameter "bandwidth_type" = "AUTO"
    Info (12134): Parameter "clk0_divide_by" = "1"
    Info (12134): Parameter "clk0_duty_cycle" = "50"
    Info (12134): Parameter "clk0_multiply_by" = "2"
    Info (12134): Parameter "clk0_phase_shift" = "0"
    Info (12134): Parameter "clk1_divide_by" = "1"
    Info (12134): Parameter "clk1_duty_cycle" = "50"
    Info (12134): Parameter "clk1_multiply_by" = "2"
    Info (12134): Parameter "clk1_phase_shift" = "-2083"
    Info (12134): Parameter "clk2_divide_by" = "1"
    Info (12134): Parameter "clk2_duty_cycle" = "50"
    Info (12134): Parameter "clk2_multiply_by" = "2"
    Info (12134): Parameter "clk2_phase_shift" = "0"
    Info (12134): Parameter "clk3_divide_by" = "5"
    Info (12134): Parameter "clk3_duty_cycle" = "50"
    Info (12134): Parameter "clk3_multiply_by" = "8"
    Info (12134): Parameter "clk3_phase_shift" = "0"
    Info (12134): Parameter "compensate_clock" = "CLK0"
    Info (12134): Parameter "inclk0_input_frequency" = "20000"
    Info (12134): Parameter "intended_device_family" = "Cyclone IV E"
    Info (12134): Parameter "lpm_hint" = "CBX_MODULE_PREFIX=pll"
    Info (12134): Parameter "lpm_type" = "altpll"
    Info (12134): Parameter "operation_mode" = "NORMAL"
    Info (12134): Parameter "pll_type" = "AUTO"
    Info (12134): Parameter "port_activeclock" = "PORT_UNUSED"
    Info (12134): Parameter "port_areset" = "PORT_USED"
    Info (12134): Parameter "port_clkbad0" = "PORT_UNUSED"
    Info (12134): Parameter "port_clkbad1" = "PORT_UNUSED"
    Info (12134): Parameter "port_clkloss" = "PORT_UNUSED"
    Info (12134): Parameter "port_clkswitch" = "PORT_UNUSED"
    Info (12134): Parameter "port_configupdate" = "PORT_UNUSED"
    Info (12134): Parameter "port_fbin" = "PORT_UNUSED"
    Info (12134): Parameter "port_inclk0" = "PORT_USED"
    Info (12134): Parameter "port_inclk1" = "PORT_UNUSED"
    Info (12134): Parameter "port_locked" = "PORT_USED"
    Info (12134): Parameter "port_pfdena" = "PORT_UNUSED"
    Info (12134): Parameter "port_phasecounterselect" = "PORT_UNUSED"
    Info (12134): Parameter "port_phasedone" = "PORT_UNUSED"
    Info (12134): Parameter "port_phasestep" = "PORT_UNUSED"
    Info (12134): Parameter "port_phaseupdown" = "PORT_UNUSED"
    Info (12134): Parameter "port_pllena" = "PORT_UNUSED"
    Info (12134): Parameter "port_scanaclr" = "PORT_UNUSED"
    Info (12134): Parameter "port_scanclk" = "PORT_UNUSED"
    Info (12134): Parameter "port_scanclkena" = "PORT_UNUSED"
    Info (12134): Parameter "port_scandata" = "PORT_UNUSED"
    Info (12134): Parameter "port_scandataout" = "PORT_UNUSED"
    Info (12134): Parameter "port_scandone" = "PORT_UNUSED"
    Info (12134): Parameter "port_scanread" = "PORT_UNUSED"
    Info (12134): Parameter "port_scanwrite" = "PORT_UNUSED"
    Info (12134): Parameter "port_clk0" = "PORT_USED"
    Info (12134): Parameter "port_clk1" = "PORT_USED"
    Info (12134): Parameter "port_clk2" = "PORT_USED"
    Info (12134): Parameter "port_clk3" = "PORT_USED"
    Info (12134): Parameter "port_clk4" = "PORT_UNUSED"
    Info (12134): Parameter "port_clk5" = "PORT_UNUSED"
    Info (12134): Parameter "port_clkena0" = "PORT_UNUSED"
    Info (12134): Parameter "port_clkena1" = "PORT_UNUSED"
    Info (12134): Parameter "port_clkena2" = "PORT_UNUSED"
    Info (12134): Parameter "port_clkena3" = "PORT_UNUSED"
    Info (12134): Parameter "port_clkena4" = "PORT_UNUSED"
    Info (12134): Parameter "port_clkena5" = "PORT_UNUSED"
    Info (12134): Parameter "port_extclk0" = "PORT_UNUSED"
    Info (12134): Parameter "port_extclk1" = "PORT_UNUSED"
    Info (12134): Parameter "port_extclk2" = "PORT_UNUSED"
    Info (12134): Parameter "port_extclk3" = "PORT_UNUSED"
    Info (12134): Parameter "self_reset_on_loss_lock" = "OFF"
    Info (12134): Parameter "width_clock" = "5"
Info (12021): Found 1 design units, including 1 entities, in source file db/pll_altpll.v
    Info (12023): Found entity 1: pll_altpll
Info (12128): Elaborating entity "pll_altpll" for hierarchy "pll:u_pll|altpll:altpll_component|pll_altpll:auto_generated"
Info (12128): Elaborating entity "lcd" for hierarchy "lcd:u_lcd"
Info (12128): Elaborating entity "rd_id" for hierarchy "lcd:u_lcd|rd_id:u_rd_id"
Info (12128): Elaborating entity "clk_div" for hierarchy "lcd:u_lcd|clk_div:u_clk_div"
Warning (10036): Verilog HDL or VHDL warning at clk_div.v(17): object "clk_33m" assigned a value but never read
Info (12128): Elaborating entity "lcd_driver" for hierarchy "lcd:u_lcd|lcd_driver:u_lcd_driver"
Info (12128): Elaborating entity "picture_size" for hierarchy "picture_size:u_picture_size"
Info (12128): Elaborating entity "i2c_ov5640_rgb565_cfg" for hierarchy "i2c_ov5640_rgb565_cfg:u_i2c_cfg"
Info (12128): Elaborating entity "i2c_dri" for hierarchy "i2c_dri:u_i2c_dr"
Warning (10230): Verilog HDL assignment warning at i2c_dri.v(81): truncated value with size 27 to match size of target (9)
Info (12128): Elaborating entity "cmos_capture_data" for hierarchy "cmos_capture_data:u_cmos_capture_data"
Warning (10036): Verilog HDL or VHDL warning at cmos_capture_data.v(61): object "test_data" assigned a value but never read
Info (12128): Elaborating entity "sdram_top" for hierarchy "sdram_top:u_sdram_top"
Info (12128): Elaborating entity "sdram_fifo_ctrl" for hierarchy "sdram_top:u_sdram_top|sdram_fifo_ctrl:u_sdram_fifo_ctrl"
Warning (10036): Verilog HDL or VHDL warning at sdram_fifo_ctrl.v(81): object "current_read_bank" assigned a value but never read
Info (12128): Elaborating entity "wrfifo" for hierarchy "sdram_top:u_sdram_top|sdram_fifo_ctrl:u_sdram_fifo_ctrl|wrfifo:u_wrfifo"
Info (12128): Elaborating entity "dcfifo" for hierarchy "sdram_top:u_sdram_top|sdram_fifo_ctrl:u_sdram_fifo_ctrl|wrfifo:u_wrfifo|dcfifo:dcfifo_component"
Info (12130): Elaborated megafunction instantiation "sdram_top:u_sdram_top|sdram_fifo_ctrl:u_sdram_fifo_ctrl|wrfifo:u_wrfifo|dcfifo:dcfifo_component"
Info (12133): Instantiated megafunction "sdram_top:u_sdram_top|sdram_fifo_ctrl:u_sdram_fifo_ctrl|wrfifo:u_wrfifo|dcfifo:dcfifo_component" with the following parameter:
    Info (12134): Parameter "intended_device_family" = "Cyclone II"
    Info (12134): Parameter "lpm_hint" = "MAXIMIZE_SPEED=5,"
    Info (12134): Parameter "lpm_numwords" = "1024"
    Info (12134): Parameter "lpm_showahead" = "OFF"
    Info (12134): Parameter "lpm_type" = "dcfifo"
    Info (12134): Parameter "lpm_width" = "16"
    Info (12134): Parameter "lpm_widthu" = "10"
    Info (12134): Parameter "overflow_checking" = "ON"
    Info (12134): Parameter "rdsync_delaypipe" = "3"
    Info (12134): Parameter "underflow_checking" = "ON"
    Info (12134): Parameter "use_eab" = "ON"
    Info (12134): Parameter "write_aclr_synch" = "OFF"
    Info (12134): Parameter "wrsync_delaypipe" = "3"
Info (12021): Found 1 design units, including 1 entities, in source file db/dcfifo_nnl1.tdf
    Info (12023): Found entity 1: dcfifo_nnl1
Info (12128): Elaborating entity "dcfifo_nnl1" for hierarchy "sdram_top:u_sdram_top|sdram_fifo_ctrl:u_sdram_fifo_ctrl|wrfifo:u_wrfifo|dcfifo:dcfifo_component|dcfifo_nnl1:auto_generated"
Info (12021): Found 1 design units, including 1 entities, in source file db/a_gray2bin_7ib.tdf
    Info (12023): Found entity 1: a_gray2bin_7ib
Info (12128): Elaborating entity "a_gray2bin_7ib" for hierarchy "sdram_top:u_sdram_top|sdram_fifo_ctrl:u_sdram_fifo_ctrl|wrfifo:u_wrfifo|dcfifo:dcfifo_component|dcfifo_nnl1:auto_generated|a_gray2bin_7ib:rdptr_g_gray2bin"
Info (12021): Found 1 design units, including 1 entities, in source file db/a_graycounter_677.tdf
    Info (12023): Found entity 1: a_graycounter_677
Info (12128): Elaborating entity "a_graycounter_677" for hierarchy "sdram_top:u_sdram_top|sdram_fifo_ctrl:u_sdram_fifo_ctrl|wrfifo:u_wrfifo|dcfifo:dcfifo_component|dcfifo_nnl1:auto_generated|a_graycounter_677:rdptr_g1p"
Info (12021): Found 1 design units, including 1 entities, in source file db/a_graycounter_2lc.tdf
    Info (12023): Found entity 1: a_graycounter_2lc
Info (12128): Elaborating entity "a_graycounter_2lc" for hierarchy "sdram_top:u_sdram_top|sdram_fifo_ctrl:u_sdram_fifo_ctrl|wrfifo:u_wrfifo|dcfifo:dcfifo_component|dcfifo_nnl1:auto_generated|a_graycounter_2lc:wrptr_g1p"
Info (12021): Found 1 design units, including 1 entities, in source file db/altsyncram_em31.tdf
    Info (12023): Found entity 1: altsyncram_em31
Info (12128): Elaborating entity "altsyncram_em31" for hierarchy "sdram_top:u_sdram_top|sdram_fifo_ctrl:u_sdram_fifo_ctrl|wrfifo:u_wrfifo|dcfifo:dcfifo_component|dcfifo_nnl1:auto_generated|altsyncram_em31:fifo_ram"
Info (12021): Found 1 design units, including 1 entities, in source file db/dffpipe_pe9.tdf
    Info (12023): Found entity 1: dffpipe_pe9
Info (12128): Elaborating entity "dffpipe_pe9" for hierarchy "sdram_top:u_sdram_top|sdram_fifo_ctrl:u_sdram_fifo_ctrl|wrfifo:u_wrfifo|dcfifo:dcfifo_component|dcfifo_nnl1:auto_generated|dffpipe_pe9:rs_brp"
Info (12021): Found 1 design units, including 1 entities, in source file db/alt_synch_pipe_vd8.tdf
    Info (12023): Found entity 1: alt_synch_pipe_vd8
Info (12128): Elaborating entity "alt_synch_pipe_vd8" for hierarchy "sdram_top:u_sdram_top|sdram_fifo_ctrl:u_sdram_fifo_ctrl|wrfifo:u_wrfifo|dcfifo:dcfifo_component|dcfifo_nnl1:auto_generated|alt_synch_pipe_vd8:rs_dgwp"
Info (12021): Found 1 design units, including 1 entities, in source file db/dffpipe_qe9.tdf
    Info (12023): Found entity 1: dffpipe_qe9
Info (12128): Elaborating entity "dffpipe_qe9" for hierarchy "sdram_top:u_sdram_top|sdram_fifo_ctrl:u_sdram_fifo_ctrl|wrfifo:u_wrfifo|dcfifo:dcfifo_component|dcfifo_nnl1:auto_generated|alt_synch_pipe_vd8:rs_dgwp|dffpipe_qe9:dffpipe11"
Info (12128): Elaborating entity "alt_synch_pipe_vd8" for hierarchy "sdram_top:u_sdram_top|sdram_fifo_ctrl:u_sdram_fifo_ctrl|wrfifo:u_wrfifo|dcfifo:dcfifo_component|dcfifo_nnl1:auto_generated|alt_synch_pipe_vd8:ws_dgrp"
Info (12021): Found 1 design units, including 1 entities, in source file db/cmpr_c66.tdf
    Info (12023): Found entity 1: cmpr_c66
Info (12128): Elaborating entity "cmpr_c66" for hierarchy "sdram_top:u_sdram_top|sdram_fifo_ctrl:u_sdram_fifo_ctrl|wrfifo:u_wrfifo|dcfifo:dcfifo_component|dcfifo_nnl1:auto_generated|cmpr_c66:rdempty_eq_comp1_lsb"
Info (12021): Found 1 design units, including 1 entities, in source file db/cmpr_b66.tdf
    Info (12023): Found entity 1: cmpr_b66
Info (12128): Elaborating entity "cmpr_b66" for hierarchy "sdram_top:u_sdram_top|sdram_fifo_ctrl:u_sdram_fifo_ctrl|wrfifo:u_wrfifo|dcfifo:dcfifo_component|dcfifo_nnl1:auto_generated|cmpr_b66:rdempty_eq_comp1_msb"
Info (12021): Found 1 design units, including 1 entities, in source file db/mux_j28.tdf
    Info (12023): Found entity 1: mux_j28
Info (12128): Elaborating entity "mux_j28" for hierarchy "sdram_top:u_sdram_top|sdram_fifo_ctrl:u_sdram_fifo_ctrl|wrfifo:u_wrfifo|dcfifo:dcfifo_component|dcfifo_nnl1:auto_generated|mux_j28:rdemp_eq_comp_lsb_mux"
Info (12128): Elaborating entity "rdfifo" for hierarchy "sdram_top:u_sdram_top|sdram_fifo_ctrl:u_sdram_fifo_ctrl|rdfifo:u_rdfifo"
Info (12128): Elaborating entity "dcfifo" for hierarchy "sdram_top:u_sdram_top|sdram_fifo_ctrl:u_sdram_fifo_ctrl|rdfifo:u_rdfifo|dcfifo:dcfifo_component"
Info (12130): Elaborated megafunction instantiation "sdram_top:u_sdram_top|sdram_fifo_ctrl:u_sdram_fifo_ctrl|rdfifo:u_rdfifo|dcfifo:dcfifo_component"
Info (12133): Instantiated megafunction "sdram_top:u_sdram_top|sdram_fifo_ctrl:u_sdram_fifo_ctrl|rdfifo:u_rdfifo|dcfifo:dcfifo_component" with the following parameter:
    Info (12134): Parameter "intended_device_family" = "Cyclone II"
    Info (12134): Parameter "lpm_hint" = "MAXIMIZE_SPEED=5,"
    Info (12134): Parameter "lpm_numwords" = "1024"
    Info (12134): Parameter "lpm_showahead" = "OFF"
    Info (12134): Parameter "lpm_type" = "dcfifo"
    Info (12134): Parameter "lpm_width" = "16"
    Info (12134): Parameter "lpm_widthu" = "10"
    Info (12134): Parameter "overflow_checking" = "ON"
    Info (12134): Parameter "rdsync_delaypipe" = "3"
    Info (12134): Parameter "underflow_checking" = "ON"
    Info (12134): Parameter "use_eab" = "ON"
    Info (12134): Parameter "write_aclr_synch" = "OFF"
    Info (12134): Parameter "wrsync_delaypipe" = "3"
Info (12021): Found 1 design units, including 1 entities, in source file db/dcfifo_aol1.tdf
    Info (12023): Found entity 1: dcfifo_aol1
Info (12128): Elaborating entity "dcfifo_aol1" for hierarchy "sdram_top:u_sdram_top|sdram_fifo_ctrl:u_sdram_fifo_ctrl|rdfifo:u_rdfifo|dcfifo:dcfifo_component|dcfifo_aol1:auto_generated"
Info (12021): Found 1 design units, including 1 entities, in source file db/alt_synch_pipe_e98.tdf
    Info (12023): Found entity 1: alt_synch_pipe_e98
Info (12128): Elaborating entity "alt_synch_pipe_e98" for hierarchy "sdram_top:u_sdram_top|sdram_fifo_ctrl:u_sdram_fifo_ctrl|rdfifo:u_rdfifo|dcfifo:dcfifo_component|dcfifo_aol1:auto_generated|alt_synch_pipe_e98:rs_dgwp"
Info (12021): Found 1 design units, including 1 entities, in source file db/alt_synch_pipe_0e8.tdf
    Info (12023): Found entity 1: alt_synch_pipe_0e8
Info (12128): Elaborating entity "alt_synch_pipe_0e8" for hierarchy "sdram_top:u_sdram_top|sdram_fifo_ctrl:u_sdram_fifo_ctrl|rdfifo:u_rdfifo|dcfifo:dcfifo_component|dcfifo_aol1:auto_generated|alt_synch_pipe_0e8:ws_dgrp"
Info (12021): Found 1 design units, including 1 entities, in source file db/dffpipe_re9.tdf
    Info (12023): Found entity 1: dffpipe_re9
Info (12128): Elaborating entity "dffpipe_re9" for hierarchy "sdram_top:u_sdram_top|sdram_fifo_ctrl:u_sdram_fifo_ctrl|rdfifo:u_rdfifo|dcfifo:dcfifo_component|dcfifo_aol1:auto_generated|alt_synch_pipe_0e8:ws_dgrp|dffpipe_re9:dffpipe4"
Info (12128): Elaborating entity "sdram_controller" for hierarchy "sdram_top:u_sdram_top|sdram_controller:u_sdram_controller"
Info (12128): Elaborating entity "sdram_ctrl" for hierarchy "sdram_top:u_sdram_top|sdram_controller:u_sdram_controller|sdram_ctrl:u_sdram_ctrl"
Info (12128): Elaborating entity "sdram_cmd" for hierarchy "sdram_top:u_sdram_top|sdram_controller:u_sdram_controller|sdram_cmd:u_sdram_cmd"
Info (12128): Elaborating entity "sdram_data" for hierarchy "sdram_top:u_sdram_top|sdram_controller:u_sdram_controller|sdram_data:u_sdram_data"
Info (12128): Elaborating entity "to8" for hierarchy "to8:u_to8"
Info (12128): Elaborating entity "dcfifo_mixed_widths" for hierarchy "to8:u_to8|dcfifo_mixed_widths:dcfifo_mixed_widths_component"
Info (12130): Elaborated megafunction instantiation "to8:u_to8|dcfifo_mixed_widths:dcfifo_mixed_widths_component"
Info (12133): Instantiated megafunction "to8:u_to8|dcfifo_mixed_widths:dcfifo_mixed_widths_component" with the following parameter:
    Info (12134): Parameter "intended_device_family" = "Cyclone IV E"
    Info (12134): Parameter "lpm_numwords" = "8192"
    Info (12134): Parameter "lpm_showahead" = "OFF"
    Info (12134): Parameter "lpm_type" = "dcfifo_mixed_widths"
    Info (12134): Parameter "lpm_width" = "16"
    Info (12134): Parameter "lpm_widthu" = "13"
    Info (12134): Parameter "lpm_widthu_r" = "14"
    Info (12134): Parameter "lpm_width_r" = "8"
    Info (12134): Parameter "overflow_checking" = "ON"
    Info (12134): Parameter "rdsync_delaypipe" = "4"
    Info (12134): Parameter "underflow_checking" = "ON"
    Info (12134): Parameter "use_eab" = "ON"
    Info (12134): Parameter "wrsync_delaypipe" = "4"
Info (12021): Found 1 design units, including 1 entities, in source file db/dcfifo_0bh1.tdf
    Info (12023): Found entity 1: dcfifo_0bh1
Info (12128): Elaborating entity "dcfifo_0bh1" for hierarchy "to8:u_to8|dcfifo_mixed_widths:dcfifo_mixed_widths_component|dcfifo_0bh1:auto_generated"
Info (12021): Found 1 design units, including 1 entities, in source file db/a_gray2bin_aib.tdf
    Info (12023): Found entity 1: a_gray2bin_aib
Info (12128): Elaborating entity "a_gray2bin_aib" for hierarchy "to8:u_to8|dcfifo_mixed_widths:dcfifo_mixed_widths_component|dcfifo_0bh1:auto_generated|a_gray2bin_aib:rdptr_g_gray2bin"
Info (12021): Found 1 design units, including 1 entities, in source file db/a_graycounter_6p6.tdf
    Info (12023): Found entity 1: a_graycounter_6p6
Info (12128): Elaborating entity "a_graycounter_6p6" for hierarchy "to8:u_to8|dcfifo_mixed_widths:dcfifo_mixed_widths_component|dcfifo_0bh1:auto_generated|a_graycounter_6p6:rdptr_g1p"
Info (12021): Found 1 design units, including 1 entities, in source file db/a_graycounter_37c.tdf
    Info (12023): Found entity 1: a_graycounter_37c
Info (12128): Elaborating entity "a_graycounter_37c" for hierarchy "to8:u_to8|dcfifo_mixed_widths:dcfifo_mixed_widths_component|dcfifo_0bh1:auto_generated|a_graycounter_37c:wrptr_g1p"
Info (12021): Found 1 design units, including 1 entities, in source file db/altsyncram_i111.tdf
    Info (12023): Found entity 1: altsyncram_i111
Info (12128): Elaborating entity "altsyncram_i111" for hierarchy "to8:u_to8|dcfifo_mixed_widths:dcfifo_mixed_widths_component|dcfifo_0bh1:auto_generated|altsyncram_i111:fifo_ram"
Info (12021): Found 1 design units, including 1 entities, in source file db/decode_a87.tdf
    Info (12023): Found entity 1: decode_a87
Info (12128): Elaborating entity "decode_a87" for hierarchy "to8:u_to8|dcfifo_mixed_widths:dcfifo_mixed_widths_component|dcfifo_0bh1:auto_generated|altsyncram_i111:fifo_ram|decode_a87:decode12"
Info (12021): Found 1 design units, including 1 entities, in source file db/mux_q28.tdf
    Info (12023): Found entity 1: mux_q28
Info (12128): Elaborating entity "mux_q28" for hierarchy "to8:u_to8|dcfifo_mixed_widths:dcfifo_mixed_widths_component|dcfifo_0bh1:auto_generated|altsyncram_i111:fifo_ram|mux_q28:mux13"
Info (12021): Found 1 design units, including 1 entities, in source file db/dffpipe_j09.tdf
    Info (12023): Found entity 1: dffpipe_j09
Info (12128): Elaborating entity "dffpipe_j09" for hierarchy "to8:u_to8|dcfifo_mixed_widths:dcfifo_mixed_widths_component|dcfifo_0bh1:auto_generated|dffpipe_j09:rs_brp"
Info (12021): Found 1 design units, including 1 entities, in source file db/dffpipe_k09.tdf
    Info (12023): Found entity 1: dffpipe_k09
Info (12128): Elaborating entity "dffpipe_k09" for hierarchy "to8:u_to8|dcfifo_mixed_widths:dcfifo_mixed_widths_component|dcfifo_0bh1:auto_generated|dffpipe_k09:rs_bwp"
Info (12021): Found 1 design units, including 1 entities, in source file db/alt_synch_pipe_k7d.tdf
    Info (12023): Found entity 1: alt_synch_pipe_k7d
Info (12128): Elaborating entity "alt_synch_pipe_k7d" for hierarchy "to8:u_to8|dcfifo_mixed_widths:dcfifo_mixed_widths_component|dcfifo_0bh1:auto_generated|alt_synch_pipe_k7d:rs_dgwp"
Info (12021): Found 1 design units, including 1 entities, in source file db/dffpipe_l09.tdf
    Info (12023): Found entity 1: dffpipe_l09
Info (12128): Elaborating entity "dffpipe_l09" for hierarchy "to8:u_to8|dcfifo_mixed_widths:dcfifo_mixed_widths_component|dcfifo_0bh1:auto_generated|alt_synch_pipe_k7d:rs_dgwp|dffpipe_l09:dffpipe7"
Info (12021): Found 1 design units, including 1 entities, in source file db/alt_synch_pipe_l7d.tdf
    Info (12023): Found entity 1: alt_synch_pipe_l7d
Info (12128): Elaborating entity "alt_synch_pipe_l7d" for hierarchy "to8:u_to8|dcfifo_mixed_widths:dcfifo_mixed_widths_component|dcfifo_0bh1:auto_generated|alt_synch_pipe_l7d:ws_dgrp"
Info (12021): Found 1 design units, including 1 entities, in source file db/dffpipe_m09.tdf
    Info (12023): Found entity 1: dffpipe_m09
Info (12128): Elaborating entity "dffpipe_m09" for hierarchy "to8:u_to8|dcfifo_mixed_widths:dcfifo_mixed_widths_component|dcfifo_0bh1:auto_generated|alt_synch_pipe_l7d:ws_dgrp|dffpipe_m09:dffpipe10"
Info (12021): Found 1 design units, including 1 entities, in source file db/cmpr_r76.tdf
    Info (12023): Found entity 1: cmpr_r76
Info (12128): Elaborating entity "cmpr_r76" for hierarchy "to8:u_to8|dcfifo_mixed_widths:dcfifo_mixed_widths_component|dcfifo_0bh1:auto_generated|cmpr_r76:rdempty_eq_comp"
Info (12021): Found 1 design units, including 1 entities, in source file db/cntr_old.tdf
    Info (12023): Found entity 1: cntr_old
Info (12128): Elaborating entity "cntr_old" for hierarchy "to8:u_to8|dcfifo_mixed_widths:dcfifo_mixed_widths_component|dcfifo_0bh1:auto_generated|cntr_old:cntr_b"
Info (12128): Elaborating entity "sdram_to8_flow_ctrl" for hierarchy "sdram_to8_flow_ctrl:u_sdram_to8_flow_ctrl"
Info (12128): Elaborating entity "top" for hierarchy "top:u_ch346_top"
Warning (10036): Verilog HDL or VHDL warning at top.v(71): object "reg_cs_n" assigned a value but never read
Warning (10036): Verilog HDL or VHDL warning at top.v(72): object "reg_wr_n" assigned a value but never read
Warning (10036): Verilog HDL or VHDL warning at top.v(73): object "reg_rd_n" assigned a value but never read
Warning (10036): Verilog HDL or VHDL warning at top.v(74): object "reg_addr" assigned a value but never read
Warning (10036): Verilog HDL or VHDL warning at top.v(75): object "reg_data" assigned a value but never read
Warning (10036): Verilog HDL or VHDL warning at top.v(109): object "wire_wrnf_neg" assigned a value but never read
Warning (10230): Verilog HDL assignment warning at top.v(54): truncated value with size 32 to match size of target (28)
Info (12128): Elaborating entity "rd_rst" for hierarchy "top:u_ch346_top|rd_rst:m_rd_rst"
Warning (10036): Verilog HDL or VHDL warning at rdrst.v(64): object "reg_index_cnt" assigned a value but never read
Warning (10036): Verilog HDL or VHDL warning at rdrst.v(230): object "reg_wr_d1" assigned a value but never read
Warning (10036): Verilog HDL or VHDL warning at rdrst.v(237): object "wire_cs_pos" assigned a value but never read
Warning (10230): Verilog HDL assignment warning at rdrst.v(28): truncated value with size 32 to match size of target (3)
Warning (10230): Verilog HDL assignment warning at rdrst.v(131): truncated value with size 32 to match size of target (3)
Warning (10230): Verilog HDL assignment warning at rdrst.v(176): truncated value with size 32 to match size of target (3)
Warning (10230): Verilog HDL assignment warning at rdrst.v(183): truncated value with size 32 to match size of target (2)
Warning (10230): Verilog HDL assignment warning at rdrst.v(189): truncated value with size 32 to match size of target (2)
Warning (10230): Verilog HDL assignment warning at rdrst.v(195): truncated value with size 32 to match size of target (4)
Warning (10230): Verilog HDL assignment warning at rdrst.v(210): truncated value with size 32 to match size of target (16)
Warning (10230): Verilog HDL assignment warning at rdrst.v(217): truncated value with size 32 to match size of target (4)
Info (12128): Elaborating entity "send" for hierarchy "top:u_ch346_top|send:m_send"
Warning (10230): Verilog HDL assignment warning at send.v(26): truncated value with size 32 to match size of target (3)
Warning (10230): Verilog HDL assignment warning at send.v(38): truncated value with size 32 to match size of target (5)
Warning (10230): Verilog HDL assignment warning at send.v(45): truncated value with size 32 to match size of target (16)
Warning (10230): Verilog HDL assignment warning at send.v(145): truncated value with size 32 to match size of target (3)
Warning (10230): Verilog HDL assignment warning at send.v(193): truncated value with size 32 to match size of target (3)
Warning (10230): Verilog HDL assignment warning at send.v(200): truncated value with size 32 to match size of target (2)
Warning (10230): Verilog HDL assignment warning at send.v(206): truncated value with size 32 to match size of target (5)
Warning (10230): Verilog HDL assignment warning at send.v(213): truncated value with size 32 to match size of target (2)
Warning (10230): Verilog HDL assignment warning at send.v(219): truncated value with size 32 to match size of target (4)
Warning (10230): Verilog HDL assignment warning at send.v(225): truncated value with size 32 to match size of target (2)
Warning (10230): Verilog HDL assignment warning at send.v(234): truncated value with size 32 to match size of target (2)
Warning (10230): Verilog HDL assignment warning at send.v(242): truncated value with size 32 to match size of target (16)
Warning (10230): Verilog HDL assignment warning at send.v(254): truncated value with size 32 to match size of target (4)
Info (12128): Elaborating entity "recv" for hierarchy "top:u_ch346_top|recv:m_recv"
Warning (10036): Verilog HDL or VHDL warning at recv.v(248): object "reg_wr_d1" assigned a value but never read
Warning (10230): Verilog HDL assignment warning at recv.v(28): truncated value with size 32 to match size of target (3)
Warning (10230): Verilog HDL assignment warning at recv.v(40): truncated value with size 32 to match size of target (5)
Warning (10230): Verilog HDL assignment warning at recv.v(47): truncated value with size 32 to match size of target (16)
Warning (10230): Verilog HDL assignment warning at recv.v(141): truncated value with size 32 to match size of target (3)
Warning (10230): Verilog HDL assignment warning at recv.v(187): truncated value with size 32 to match size of target (3)
Warning (10230): Verilog HDL assignment warning at recv.v(194): truncated value with size 32 to match size of target (2)
Warning (10230): Verilog HDL assignment warning at recv.v(200): truncated value with size 32 to match size of target (5)
Warning (10230): Verilog HDL assignment warning at recv.v(207): truncated value with size 32 to match size of target (2)
Warning (10230): Verilog HDL assignment warning at recv.v(213): truncated value with size 32 to match size of target (4)
Warning (10230): Verilog HDL assignment warning at recv.v(219): truncated value with size 32 to match size of target (2)
Warning (10230): Verilog HDL assignment warning at recv.v(220): truncated value with size 32 to match size of target (16)
Warning (10230): Verilog HDL assignment warning at recv.v(228): truncated value with size 32 to match size of target (16)
Warning (10230): Verilog HDL assignment warning at recv.v(235): truncated value with size 32 to match size of target (4)
Info (12128): Elaborating entity "loop" for hierarchy "top:u_ch346_top|loop:m_loop"
Warning (10036): Verilog HDL or VHDL warning at loop.v(22): object "wire_ram_wr_data" assigned a value but never read
Warning (10036): Verilog HDL or VHDL warning at loop.v(23): object "wire_ram_addr" assigned a value but never read
Warning (10858): Verilog HDL warning at loop.v(25): object wire_ram_rd_data used but never assigned
Warning (10036): Verilog HDL or VHDL warning at loop.v(256): object "reg_wr_d1" assigned a value but never read
Warning (10036): Verilog HDL or VHDL warning at loop.v(263): object "wire_cs_pos" assigned a value but never read
Warning (10230): Verilog HDL assignment warning at loop.v(34): truncated value with size 32 to match size of target (3)
Warning (10230): Verilog HDL assignment warning at loop.v(46): truncated value with size 32 to match size of target (5)
Warning (10230): Verilog HDL assignment warning at loop.v(53): truncated value with size 32 to match size of target (16)
Warning (10230): Verilog HDL assignment warning at loop.v(149): truncated value with size 32 to match size of target (3)
Warning (10230): Verilog HDL assignment warning at loop.v(194): truncated value with size 32 to match size of target (3)
Warning (10230): Verilog HDL assignment warning at loop.v(201): truncated value with size 32 to match size of target (2)
Warning (10230): Verilog HDL assignment warning at loop.v(208): truncated value with size 32 to match size of target (2)
Warning (10230): Verilog HDL assignment warning at loop.v(214): truncated value with size 32 to match size of target (6)
Warning (10230): Verilog HDL assignment warning at loop.v(219): truncated value with size 32 to match size of target (8)
Warning (10230): Verilog HDL assignment warning at loop.v(222): truncated value with size 32 to match size of target (2)
Warning (10230): Verilog HDL assignment warning at loop.v(224): truncated value with size 32 to match size of target (16)
Warning (10230): Verilog HDL assignment warning at loop.v(230): truncated value with size 32 to match size of target (8)
Warning (10230): Verilog HDL assignment warning at loop.v(233): truncated value with size 32 to match size of target (16)
Warning (10230): Verilog HDL assignment warning at loop.v(240): truncated value with size 32 to match size of target (6)
Warning (10230): Verilog HDL assignment warning at loop.v(252): truncated value with size 32 to match size of target (8)
Warning (10230): Verilog HDL assignment warning at loop.v(306): truncated value with size 32 to match size of target (5)
Warning (10230): Verilog HDL assignment warning at loop.v(318): truncated value with size 32 to match size of target (12)
Warning (10230): Verilog HDL assignment warning at loop.v(332): truncated value with size 16 to match size of target (12)
Warning (10030): Net "wire_ram_rd_data" at loop.v(25) has no driver or initial value, using a default initial value '0'
Info (12021): Found 1 design units, including 1 entities, in source file db/altsyncram_d124.tdf
    Info (12023): Found entity 1: altsyncram_d124
Info (12021): Found 1 design units, including 1 entities, in source file db/mux_rsc.tdf
    Info (12023): Found entity 1: mux_rsc
Info (12021): Found 1 design units, including 1 entities, in source file db/decode_dvf.tdf
    Info (12023): Found entity 1: decode_dvf
Info (12021): Found 1 design units, including 1 entities, in source file db/cntr_pgi.tdf
    Info (12023): Found entity 1: cntr_pgi
Info (12021): Found 1 design units, including 1 entities, in source file db/cmpr_sgc.tdf
    Info (12023): Found entity 1: cmpr_sgc
Info (12021): Found 1 design units, including 1 entities, in source file db/cntr_g9j.tdf
    Info (12023): Found entity 1: cntr_g9j
Info (12021): Found 1 design units, including 1 entities, in source file db/cntr_fgi.tdf
    Info (12023): Found entity 1: cntr_fgi
Info (12021): Found 1 design units, including 1 entities, in source file db/cmpr_rgc.tdf
    Info (12023): Found entity 1: cmpr_rgc
Info (12021): Found 1 design units, including 1 entities, in source file db/cntr_23j.tdf
    Info (12023): Found entity 1: cntr_23j
Info (12021): Found 1 design units, including 1 entities, in source file db/cmpr_ngc.tdf
    Info (12023): Found entity 1: cmpr_ngc
Info (12033): Analysis and Synthesis generated SignalTap II or debug node instance "auto_signaltap_0"
Info (13000): Registers with preset signals will power-up high
Info (13003): DEV_CLRn pin will set, and not reset, register with preset signal due to NOT Gate Push-Back
Warning (13024): Output pins are stuck at VCC or GND
    Warning (13410): Pin "cam_rst_n" is stuck at VCC
    Warning (13410): Pin "cam_pwdn" is stuck at GND
    Warning (13410): Pin "sdram_dqm[0]" is stuck at GND
    Warning (13410): Pin "sdram_dqm[1]" is stuck at GND
    Warning (13410): Pin "lcd_hs" is stuck at VCC
    Warning (13410): Pin "lcd_vs" is stuck at VCC
    Warning (13410): Pin "lcd_bl" is stuck at VCC
    Warning (13410): Pin "lcd_rst" is stuck at VCC
Info (286031): Timing-Driven Synthesis is running on partition "Top"
Info (17049): 43 registers lost all their fanouts during netlist optimizations.
Info (17016): Found the following redundant logic cells in design
    Info (17048): Logic cell "lcd:u_lcd|clk_div:u_clk_div|Selector0"
Info (13000): Registers with preset signals will power-up high
Info (13003): DEV_CLRn pin will set, and not reset, register with preset signal due to NOT Gate Push-Back
Warning (13024): Output pins are stuck at VCC or GND
    Warning (13410): Pin "sld_hub:auto_hub|receive[0][0]" is stuck at GND
Info (286031): Timing-Driven Synthesis is running on partition "sld_hub:auto_hub"
Info (144001): Generated suppressed messages file C:/Users/28473/Desktop/test8/13_ov5640_lcd/par/output_files/ov5640_lcd.map.smsg
Info (35024): Succesfully connected in-system debug instance "auto_signaltap_0" to all 95 required data inputs, trigger inputs, acquisition clocks, and dynamic pins
Info (16010): Generating hard_block partition "hard_block:auto_generated_inst"
    Info (16011): Adding 1 node(s), including 0 DDIO, 1 PLL, 0 transceiver and 0 LCELL
Warning (15899): PLL "pll:u_pll|altpll:altpll_component|pll_altpll:auto_generated|pll1" has parameters clk3_multiply_by and clk3_divide_by specified but port CLK[3] is not connected
Info (21057): Implemented 3477 device resources after synthesis - the final resource count might be different
    Info (21058): Implemented 18 input pins
    Info (21059): Implemented 37 output pins
    Info (21060): Implemented 49 bidirectional pins
    Info (21061): Implemented 3276 logic cells
    Info (21064): Implemented 95 RAM segments
    Info (21065): Implemented 1 PLLs
Info: Quartus II 64-Bit Analysis & Synthesis was successful. 0 errors, 89 warnings
    Info: Peak virtual memory: 4733 megabytes
    Info: Processing ended: Fri May 01 22:48:33 2026
    Info: Elapsed time: 00:00:13
    Info: Total CPU time (on all processors): 00:00:07


+------------------------------------------+
; Analysis & Synthesis Suppressed Messages ;
+------------------------------------------+
The suppressed messages can be found in C:/Users/28473/Desktop/test8/13_ov5640_lcd/par/output_files/ov5640_lcd.map.smsg.


